scenario_id,cell_id,p_bda_count,bda_group,delta_normalized_utility,delta_destroyed_value,delta_service_cost,delta_distance_cost,delta_ammo_cost,delta_realized_utility,delta_invalid_attack,delta_initial_wreck_attack,utility_identity_residual,ecdf
D2-N3-M3-Rtight-S1151,N3-M3-Rtight,3,2+,-0.469181628221263,-74.42217017001397,1.820749932203853,-0.6738595868157368,-0.5,-75.06906051540209,0,0,0.0,0.000244140625
D2-N3-M3-Rtight-S1316,N3-M3-Rtight,3,2+,-0.38212000677603736,-81.34092287968507,6.854699648062951,-0.30802096925941486,0.0,-87.8876015584886,1,1,0.0,0.00048828125
D2-N3-M3-Rtight-S1409,N3-M3-Rtight,4,2+,-0.3795536339536205,-78.16524009126391,9.131514351825569,0.0005813662432461175,0.0,-87.29733580933272,0,0,-1.4210854715202004e-14,0.000732421875
D2-N2-M3-Rtight-S1396,N2-M3-Rtight,1,1,-0.3756455432305085,-85.10109413677736,1.06358895898755,0.2337918472520567,0.0,-86.39847494301696,1,0,0.0,0.0009765625
D2-N2-M3-Rloose-S1346,N2-M3-Rloose,1,1,-0.3659787317062641,-68.57774294955442,-9.021145876552161,0.0,-1.0,-58.55659707300226,0,0,0.0,0.001220703125
D2-N2-M3-Rtight-S1192,N2-M3-Rtight,2,2+,-0.3551318165893952,-83.74118655874348,-1.5608687431825885,0.0,-0.5,-81.6803178155609,0,0,0.0,0.00146484375
D2-N2-M3-Rloose-S1493,N2-M3-Rloose,4,2+,-0.3449132355285607,-66.04049640619739,13.519419752328407,-0.729871986956838,0.5,-79.33004417156896,-1,0,0.0,0.001708984375
D2-N2-M3-Rtight-S1225,N2-M3-Rtight,1,1,-0.3437080773311207,-76.34120719694378,2.512049182019007,0.19960140719495012,0.0,-79.05285778615774,1,1,0.0,0.001953125
D2-N2-M3-Rtight-S1180,N2-M3-Rtight,1,1,-0.3401315953346802,-75.5863558038434,2.5926238021650985,0.05128732096793587,0.0,-78.23026692697644,1,1,1.4210854715202004e-14,0.002197265625
D2-N2-M3-Rtight-S1398,N2-M3-Rtight,1,1,-0.3393889268930416,-80.8518081574593,-2.4089445515190446,0.11658957945931847,-0.5,-78.05945318539958,0,0,0.0,0.00244140625
D2-N3-M3-Rtight-S1084,N3-M3-Rtight,1,1,-0.32663805021340975,-78.19606459025252,-2.0773826840926777,-0.4919303570755882,-0.5,-75.12675154908425,0,0,0.0,0.002685546875
D2-N2-M3-Rtight-S1130,N2-M3-Rtight,1,1,-0.3150155891329743,-76.8882395061169,-3.934654005532801,0.0,-0.5,-72.4535855005841,0,0,0.0,0.0029296875
D2-N2-M3-Rtight-S1305,N2-M3-Rtight,1,1,-0.3101301824773605,-75.70399376518233,-3.8740517953894305,0.0,-0.5,-71.32994196979291,0,0,1.4210854715202004e-14,0.003173828125
D2-N3-M3-Rloose-S1192,N3-M3-Rloose,3,2+,-0.30646556658255625,-80.36832123395507,-8.881240919967134,0.0,-1.0,-70.48708031398795,-1,0,0.0,0.00341796875
D2-N3-M3-Rtight-S1180,N3-M3-Rtight,1,1,-0.3044924044737251,-72.91886335112274,-1.768335277509692,-0.617275044656266,-0.5,-70.03325302895678,0,0,0.0,0.003662109375
D2-N2-M3-Rtight-S1289,N2-M3-Rtight,1,1,-0.2943370747751356,-72.63172330010809,-3.535203515493837,-0.8989925863330702,-0.5,-67.6975271982812,0,0,0.0,0.00390625
D2-N2-M3-Rloose-S1364,N2-M3-Rloose,2,2+,-0.29354383312316734,-84.3376487516237,-15.322567133295205,0.0,-1.5,-67.5150816183285,-1,0,0.0,0.004150390625
D2-N2-M5-Rtight-S1177,N2-M5-Rtight,2,2+,-0.2906036450464349,-78.9344665924145,5.941164962831252,-0.6005744917796597,0.0,-84.2750570634661,1,1,0.0,0.00439453125
D2-N3-M3-Rloose-S1141,N3-M3-Rloose,3,2+,-0.2882462631440817,-78.98395803493119,-11.1873175117924,0.0,-1.5,-66.29664052313879,-2,0,0.0,0.004638671875
D2-N3-M3-Rtight-S1420,N3-M3-Rtight,0,0,-0.28572832217079236,-73.4026867306295,-6.239124395959511,-0.9460482353877524,-0.5,-65.71751409928224,0,0,0.0,0.0048828125
D2-N2-M3-Rloose-S1114,N2-M3-Rloose,1,1,-0.28455294089942346,-76.41027087856182,-9.963094471694422,0.0,-1.0,-65.4471764068674,-1,0,0.0,0.005126953125
D2-N2-M5-Rtight-S1290,N2-M5-Rtight,2,2+,-0.2818034202835232,-78.11603774375081,3.578471258427806,0.028482880043114944,0.0,-81.72299188222172,0,0,-1.4210854715202004e-14,0.00537109375
D2-N2-M5-Rtight-S1104,N2-M5-Rtight,1,1,-0.2813197015695113,-78.82631868383274,2.4253512277337883,0.3310435435917507,0.0,-81.58271345515828,1,1,1.4210854715202004e-14,0.005615234375
D2-N3-M5-Rtight-S1156,N3-M5-Rtight,1,1,-0.27844729377821237,-85.63180985421663,-4.382094658535024,0.0,-0.5,-80.74971519568159,0,0,-1.4210854715202004e-14,0.005859375
D2-N2-M3-Rloose-S1448,N2-M3-Rloose,5,2+,-0.2727951695603352,-56.500645620696524,6.846350553734332,-0.6041071755537473,0.0,-62.742888998877106,0,0,0.0,0.006103515625
D2-N2-M3-Rloose-S1129,N2-M3-Rloose,2,2+,-0.2723235905350247,-72.17900974349264,-8.544583920436953,0.0,-1.0,-62.634425823055665,-1,0,-2.842170943040401e-14,0.00634765625
D2-N3-M5-Rtight-S1296,N3-M5-Rtight,2,2+,-0.26966271724211976,-78.2348883920027,1.0580754558106626,-0.5907758475986311,-0.5,-78.20218800021475,0,0,1.4210854715202004e-14,0.006591796875
D2-N2-M3-Rtight-S1284,N2-M3-Rtight,1,1,-0.2686151268299217,-78.19148089975806,2.1828073413564777,0.21024980786198633,0.0,-80.58453804897653,1,1,0.0,0.0068359375
D2-N3-M3-Rloose-S1416,N3-M3-Rloose,2,2+,-0.26720463309741116,-71.03709035795693,-8.395591579500447,-0.1844331660519155,-1.0,-61.45706561240456,-1,0,0.0,0.007080078125
D2-N3-M3-Rloose-S1465,N3-M3-Rloose,2,2+,-0.2667401823989751,-71.06396782696744,-8.277551948303206,-0.43617392689995504,-1.0,-61.350241951764275,-1,0,-7.105427357601002e-15,0.00732421875
D2-N3-M3-Rloose-S1274,N3-M3-Rloose,1,1,-0.2577811073605918,-81.80694970102714,-20.086149277240573,-0.43114573085045405,-2.0,-59.28965469293611,-3,0,0.0,0.007568359375
D2-N3-M3-Rtight-S1149,N3-M3-Rtight,1,1,-0.2544838342006307,-79.77903718238221,-2.2874285212523766,-0.646458400940609,-0.5,-76.34515026018921,0,0,-1.4210854715202004e-14,0.0078125
D2-N2-M5-Rtight-S1380,N2-M5-Rtight,1,1,-0.24950327973051362,-75.33995817291587,-2.2296917599621864,-0.2543152911047387,-0.5,-72.35595112184893,0,0,0.0,0.008056640625
D2-N3-M3-Rloose-S1080,N3-M3-Rloose,2,2+,-0.24929967933978048,-66.58404857719373,-7.680778714881477,-0.5643436141627396,-1.0,-57.33892624814951,-1,0,0.0,0.00830078125
D2-N3-M5-Rtight-S1221,N3-M5-Rtight,3,2+,-0.2375385469710557,-79.72208177064745,5.956087776540688,-0.16429263760809176,0.0,-85.51387690958003,0,0,-1.4210854715202004e-14,0.008544921875
D2-N3-M3-Rloose-S1069,N3-M3-Rloose,2,2+,-0.23596927458090347,-81.57719559707273,-9.786413222801691,0.0,-1.0,-70.79078237427105,-1,0,1.4210854715202004e-14,0.0087890625
D2-N2-M5-Rloose-S1063,N2-M5-Rloose,2,2+,-0.2344610191985653,-78.38695676106127,-9.393261193477315,0.0,-1.0,-67.99369556758394,-1,0,-1.4210854715202004e-14,0.009033203125
D2-N3-M5-Rtight-S1110,N3-M5-Rtight,3,2+,-0.2330588327981654,-85.31974761399651,-0.9185678066569736,0.0,-0.5,-83.90117980733953,0,0,0.0,0.00927734375
D2-N3-M3-Rloose-S1055,N3-M3-Rloose,1,1,-0.23258278490210132,-63.58346863777007,-8.542752685242622,-0.5466754250441326,-1.0,-53.49404052748331,0,0,-7.105427357601002e-15,0.009521484375
D2-N2-M3-Rloose-S1319,N2-M3-Rloose,1,1,-0.23067511219565473,-63.23972769539563,-8.467971303749561,-0.7164805866454848,-1.0,-53.05527580500059,0,0,7.105427357601002e-15,0.009765625
D2-N2-M5-Rloose-S1375,N2-M5-Rloose,2,2+,-0.2291226786229308,-67.05378728596594,-1.0123810915252704,0.40417060620926626,0.0,-66.44557680064993,1,3,0.0,0.010009765625
D2-N3-M5-Rtight-S1000,N3-M5-Rtight,0,0,-0.22835122925694784,-73.91581289762044,-6.282739393301867,-0.9112170198037073,-0.5,-66.22185648451486,0,0,-1.4210854715202004e-14,0.01025390625
D2-N3-M3-Rloose-S1460,N3-M3-Rloose,2,2+,-0.22735854197852745,-61.53599287263765,-7.548943036830643,-0.6945851807456882,-1.0,-52.292464655061316,0,0,0.0,0.010498046875
D2-N2-M3-Rloose-S1468,N2-M3-Rloose,2,2+,-0.22681570346151347,-66.33240281371803,-11.825610825933119,-0.8391801916368136,-1.5,-52.16761179614811,0,0,7.105427357601002e-15,0.0107421875
D2-N3-M3-Rloose-S1506,N3-M3-Rloose,2,2+,-0.22510116565016125,0.0,18.75910490851451,0.0,1.5,-20.259104908514512,3,3,3.552713678800501e-15,0.010986328125
D2-N2-M5-Rloose-S1153,N2-M5-Rloose,4,2+,-0.22440269731502,-73.43631143305252,6.846045636276621,0.5026139640780615,0.0,-80.7849710334072,0,0,-1.4210854715202004e-14,0.01123046875
D2-N2-M5-Rtight-S1324,N2-M5-Rtight,1,1,-0.22276707731895593,-85.04838657854997,-4.352238743725839,0.0,-0.5,-80.19614783482413,0,0,0.0,0.011474609375
D2-N2-M5-Rloose-S1431,N2-M5-Rloose,3,2+,-0.22191768628216668,-60.955550567611894,3.862337078912887,-0.4617586246964478,0.0,-64.35612902182834,0,0,0.0,0.01171875
D2-N3-M3-Rloose-S1342,N3-M3-Rloose,1,1,-0.221094244257846,-74.83204171575066,-21.367183502068407,-0.6131820343776837,-2.0,-50.851676179304576,-1,0,7.105427357601002e-15,0.011962890625
D2-N2-M3-Rloose-S1497,N2-M3-Rloose,2,2+,-0.22077509746365276,-59.85906849906259,-7.157686808796328,-0.9231092736261252,-1.0,-50.778272416640135,0,0,0.0,0.01220703125
D2-N3-M5-Rtight-S1202,N3-M5-Rtight,2,2+,-0.22061524334225446,-75.7116290884391,3.5192076050316032,0.19065090974090437,0.0,-79.4214876032116,1,1,-1.4210854715202004e-14,0.012451171875
D2-N3-M5-Rtight-S1233,N3-M5-Rtight,1,1,-0.21913910257961197,-77.70811018268314,1.1211531704609499,0.06081357551620714,0.0,-78.8900769286603,0,0,1.4210854715202004e-14,0.0126953125
D2-N2-M5-Rtight-S1271,N2-M5-Rtight,1,1,-0.21910176289212235,-78.07617277236413,0.681716390090056,0.11874547870985319,0.0,-78.87663464116405,0,0,0.0,0.012939453125
D2-N2-M5-Rtight-S1412,N2-M5-Rtight,1,1,-0.21879770170916527,-75.95868884175331,2.6942765886275843,0.11420718491860626,0.0,-78.7671726152995,0,0,-1.4210854715202004e-14,0.01318359375
D2-N2-M5-Rtight-S1370,N2-M5-Rtight,1,1,-0.21819524014480401,-77.3889856792676,1.3529192379502906,-0.19161846508846025,0.0,-78.55028645212944,1,1,1.4210854715202004e-14,0.013427734375
D2-N3-M5-Rtight-S1327,N3-M5-Rtight,1,1,-0.21610036338297192,-82.51892785555333,-4.222797037683437,0.0,-0.5,-77.7961308178699,0,0,0.0,0.013671875
D2-N2-M5-Rtight-S1435,N2-M5-Rtight,1,1,-0.2160793984081238,-75.07682311571045,2.6228736958403545,0.08888661537375953,0.0,-77.78858342692456,1,1,0.0,0.013916015625
D2-N2-M5-Rtight-S1320,N2-M5-Rtight,1,1,-0.21338553894475387,-81.48887970550601,-4.1700856853946,0.0,-0.5,-76.8187940201114,0,0,-1.4210854715202004e-14,0.01416015625
D2-N3-M5-Rtight-S1139,N3-M5-Rtight,2,2+,-0.20586871402359636,-74.3801065945875,0.4204716270798414,-0.18784117317267457,-0.5,-74.11273704849468,0,0,1.4210854715202004e-14,0.014404296875
D2-N3-M5-Rtight-S1394,N3-M5-Rtight,2,2+,-0.2016770127689239,-76.41803101969184,9.690811103486746,0.11227336745870065,0.5,-86.72111549063729,2,2,0.0,0.0146484375
D2-N2-M5-Rloose-S1435,N2-M5-Rloose,2,2+,-0.19408952980095595,-56.45108764744159,-10.506509339665921,-1.7448817515653587,-1.5,-42.69969655621031,-1,0,0.0,0.014892578125
D2-N3-M3-Rloose-S1240,N3-M3-Rloose,2,2+,-0.19026268770039634,-78.75405699992206,-18.82770347248896,-0.8475472173141824,-2.0,-57.07880631011891,-2,0,-7.105427357601002e-15,0.01513671875
D2-N2-M5-Rtight-S1114,N2-M5-Rtight,3,2+,-0.18881961685978205,-74.67045782829858,6.9121846119190025,-0.3902071905113004,0.0,-81.19243524970628,0,0,0.0,0.015380859375
D2-N3-M5-Rloose-S1492,N3-M5-Rloose,3,2+,-0.1867400167778105,-59.352836203331236,-3.689623608825549,-0.5086077289406474,-1.0,-54.154604865565034,-1,0,-7.105427357601002e-15,0.015625
D2-N2-M5-Rtight-S1084,N2-M5-Rtight,1,1,-0.18545132492662203,-80.9797422255283,-0.6924460558499597,-0.5432264512308712,0.0,-79.74406971844748,0,0,0.0,0.015869140625
D2-N3-M5-Rtight-S1265,N3-M5-Rtight,1,1,-0.1838116825684255,-77.8411293732115,1.5005795582157155,-0.3026854270042537,0.0,-79.03902350442296,1,1,-1.4210854715202004e-14,0.01611328125
D2-N3-M5-Rtight-S1254,N3-M5-Rtight,3,2+,-0.18287975803739823,-77.55379878669333,1.6261184364576948,-0.04162126706980063,-0.5,-78.63829595608124,0,0,1.4210854715202004e-14,0.016357421875
D2-N2-M5-Rloose-S1169,N2-M5-Rloose,3,2+,-0.18204449981727588,-66.17652294058014,0.20498709236939305,-0.34549009873019454,-0.5,-65.53601993421933,0,0,-1.4210854715202004e-14,0.0166015625
D2-N3-M3-Rloose-S1510,N3-M3-Rloose,1,1,-0.18180791804381485,-65.91730398440897,-21.641508072111783,-0.45997476221977457,-2.0,-41.81582115007742,0,0,0.0,0.016845703125
D2-N2-M5-Rtight-S1023,N2-M5-Rtight,1,1,-0.18064745113663766,-75.00531283954977,2.557865040475079,0.11522610872933003,0.0,-77.67840398875418,1,1,0.0,0.01708984375
D2-N3-M5-Rtight-S1134,N3-M5-Rtight,2,2+,-0.17914806070029538,-79.60856232975047,-1.4473684615103366,-0.627527767113117,-0.5,-77.03366610112701,0,0,0.0,0.017333984375
D2-N2-M5-Rloose-S1363,N2-M5-Rloose,3,2+,-0.1787577577648662,-55.51439978427257,7.999167262894527,0.33922574818472584,0.5,-64.35279279535182,-1,0,-1.4210854715202004e-14,0.017578125
D2-N3-M5-Rloose-S1317,N3-M5-Rloose,7,2+,-0.17845243755251045,-54.23095249468213,10.734872851950463,-0.7229478277288384,0.0,-64.24287751890375,1,0,1.4210854715202004e-14,0.017822265625
D2-N3-M5-Rtight-S1494,N3-M5-Rtight,2,2+,-0.17825689900739858,-78.45804383272952,-1.5724765203371334,0.2648992607890106,-0.5,-76.65046657318139,0,0,0.0,0.01806640625
D2-N2-M5-Rtight-S1394,N2-M5-Rtight,1,1,-0.17008326328203835,-75.34752479854939,-2.4603838299243765,0.748662242651482,-0.5,-73.1358032112765,0,0,1.4210854715202004e-14,0.018310546875
D2-N3-M5-Rtight-S1224,N3-M5-Rtight,1,1,-0.1692356089099781,-75.77407964594195,-2.2366626172955826,-0.26610519735576954,-0.5,-72.77131183129059,0,0,-1.4210854715202004e-14,0.0185546875
D2-N3-M5-Rloose-S1417,N3-M5-Rloose,3,2+,-0.16141844644844733,-66.42710313582482,-6.856559501202334,-0.45990291318144827,-1.0,-58.11064072144104,-1,0,-7.105427357601002e-15,0.018798828125
D2-N3-M3-Rloose-S1023,N3-M3-Rloose,2,2+,-0.15986746663975307,-13.126005791323095,11.357553407823055,0.09523546321434195,1.0,-25.578794662360494,3,0,3.552713678800501e-15,0.01904296875
D2-N3-M5-Rtight-S1062,N3-M5-Rtight,2,2+,-0.15887872456679455,-71.81193208193301,-2.9645378899251327,-0.029542628286198802,-0.5,-68.31785156372166,0,0,-1.4210854715202004e-14,0.019287109375
D2-N3-M5-Rloose-S1029,N3-M5-Rloose,4,2+,-0.15854394101770652,-51.28086234502234,5.5863160659142395,0.2086403554377707,0.0,-57.07581876637434,1,1,-1.4210854715202004e-14,0.01953125
D2-N2-M3-Rloose-S1026,N2-M3-Rloose,1,1,-0.15668244989765986,-59.53526094324801,-20.66883925846527,-0.82945820832098,-2.0,-36.036963476461764,0,0,0.0,0.019775390625
D2-N2-M5-Rloose-S1314,N2-M5-Rloose,3,2+,-0.1522070516750115,-55.69220259611639,0.11049862860556914,-0.5081626217178061,-0.5,-54.79453860300415,0,0,0.0,0.02001953125
D2-N3-M3-Rloose-S1178,N3-M3-Rloose,3,2+,-0.15027766037903378,0.0,21.505570119994125,0.5388555406512835,2.0,-24.044425660645402,0,0,-7.105427357601002e-15,0.020263671875
D2-N2-M5-Rloose-S1123,N2-M5-Rloose,2,2+,-0.14790116790093827,-65.91677341895546,-10.618342001159231,-0.5540109734584373,-1.5,-53.24442044433778,-2,0,-7.105427357601002e-15,0.0205078125
D2-N3-M3-Rloose-S1012,N3-M3-Rloose,2,2+,-0.14672933687220438,-55.43203051371749,-8.798676581365068,-1.114552870691106,-1.5,-44.01880106166132,-1,0,7.105427357601002e-15,0.020751953125
D2-N3-M5-Rloose-S1362,N3-M5-Rloose,6,2+,-0.1431966576756386,-53.03058966347197,8.089859682681194,0.4541134543714209,0.0,-61.5745628005246,1,0,1.4210854715202004e-14,0.02099609375
D2-N2-M5-Rloose-S1110,N2-M5-Rloose,3,2+,-0.13609146996340715,-58.999204230970506,-7.881961063322574,-0.6243139808213594,-1.5,-48.99292918682657,-2,0,7.105427357601002e-15,0.021240234375
D2-N3-M3-Rloose-S1213,N3-M3-Rloose,3,2+,-0.13588852031769594,0.0,20.242163250831346,0.0,1.5,-21.742163250831346,3,3,0.0,0.021484375
D2-N2-M3-Rloose-S1470,N2-M3-Rloose,2,2+,-0.13015160015372929,0.0,19.324256024596686,0.0,1.5,-20.824256024596686,3,3,0.0,0.021728515625
D2-N3-M3-Rloose-S1154,N3-M3-Rloose,2,2+,-0.1298868556862024,0.0,19.281896909792383,0.0,1.5,-20.781896909792383,3,3,0.0,0.02197265625
D2-N3-M5-Rloose-S1159,N3-M5-Rloose,4,2+,-0.12908824058926638,0.0,33.901072240281486,0.5345175306057588,3.0,-37.43558977088725,0,0,0.0,0.022216796875
D2-N2-M3-Rloose-S1402,N2-M3-Rloose,2,2+,-0.1260799531765859,0.0,18.672792508253746,0.0,1.5,-20.172792508253746,0,0,0.0,0.0224609375
D2-N2-M3-Rloose-S1070,N2-M3-Rloose,2,2+,-0.12449714192690176,0.0,18.41954270830428,0.0,1.5,-19.91954270830428,3,3,0.0,0.022705078125
D2-N3-M3-Rloose-S1420,N3-M3-Rloose,7,2+,-0.1220188827959674,-6.33856432717738,20.319545056776086,0.40623365911904474,1.0,-28.064343043072498,2,0,-1.4210854715202004e-14,0.02294921875
D2-N2-M3-Rloose-S1038,N2-M3-Rloose,1,1,-0.1207377035516523,-26.083115221656005,-6.25858904690387,-0.0064936064877718636,-0.5,-19.318032568264368,0,0,3.552713678800501e-15,0.023193359375
D2-N2-M3-Rloose-S1050,N2-M3-Rloose,3,2+,-0.1178988935899111,0.0,16.565750482511504,0.7980724918742669,1.5,-18.863822974385776,3,3,7.105427357601002e-15,0.0234375
D2-N3-M3-Rloose-S1246,N3-M3-Rloose,2,2+,-0.11707186058364957,0.0,17.231497693383933,0.0,1.5,-18.731497693383933,3,3,0.0,0.023681640625
D2-N3-M5-Rloose-S1412,N3-M5-Rloose,3,2+,-0.11494172118973225,-54.235771047658154,-3.3456486800615295,-0.4651822560117544,-1.0,-49.424940111584874,0,0,0.0,0.02392578125
D2-N3-M5-Rloose-S1284,N3-M5-Rloose,2,2+,-0.1071377648584109,-70.95496556353108,-21.595041207621854,-0.7906854667925332,-2.5,-46.06923888911668,-2,0,-7.105427357601002e-15,0.024169921875
D2-N3-M5-Rloose-S1290,N3-M5-Rloose,5,2+,-0.10478594525135189,0.0,33.4948357513461,1.2281045391405718,3.0,-37.72294029048668,6,3,7.105427357601002e-15,0.0244140625
D2-N2-M5-Rloose-S1214,N2-M5-Rloose,9,2+,-0.10113601265513224,0.0,27.24030974576524,0.5891339242231102,1.5,-29.32944366998835,2,2,0.0,0.024658203125
D2-N3-M5-Rloose-S1363,N3-M5-Rloose,3,2+,-0.09988303778271368,-52.74581078329467,-7.279674212610701,-1.0164303241171118,-1.5,-42.949706246566876,0,0,1.4210854715202004e-14,0.02490234375
D2-N3-M5-Rloose-S1482,N3-M5-Rloose,5,2+,-0.09808647920011361,0.0,31.60887927028625,0.702253241754651,3.0,-35.3111325120409,0,0,0.0,0.025146484375
D2-N3-M5-Rloose-S1198,N3-M5-Rloose,4,2+,-0.09378749052433086,-16.24297693443299,21.068867257268316,1.0167767337609588,2.0,-40.32862092546226,4,3,0.0,0.025390625
D2-N2-M3-Rloose-S1417,N2-M3-Rloose,3,2+,-0.09331228347903614,0.0,19.961825200178303,0.0,1.5,-21.46182520017831,0,0,7.105427357601002e-15,0.025634765625
D2-N2-M3-Rloose-S1040,N2-M3-Rloose,9,2+,-0.0896356174339386,0.0,19.37221045869692,0.7439815511089576,0.5,-20.61619200980588,-1,0,0.0,0.02587890625
D2-N3-M3-Rtight-S1222,N3-M3-Rtight,1,1,-0.08913211787731584,0.0,7.336235435985417,0.1856551729730081,0.5,-8.021890608958426,0,0,0.0,0.026123046875
D2-N3-M3-Rloose-S1278,N3-M3-Rloose,1,1,-0.08889407339214513,0.0,7.24311613356887,0.25735047172419107,0.5,-8.000466605293063,1,1,1.7763568394002505e-15,0.0263671875
D2-N3-M3-Rloose-S1264,N3-M3-Rloose,3,2+,-0.08747102669916745,0.0,12.742089704838918,0.2532745670278662,1.0,-13.99536427186679,2,0,7.105427357601002e-15,0.026611328125
D2-N2-M3-Rloose-S1343,N2-M3-Rloose,2,2+,-0.0862898136904085,0.0,12.541420372711862,0.2649498177534928,1.0,-13.806370190465358,2,0,3.552713678800501e-15,0.02685546875
D2-N2-M3-Rloose-S1037,N2-M3-Rloose,3,2+,-0.08547419113079255,0.0,18.15906396008228,0.0,1.5,-19.659063960082285,0,0,7.105427357601002e-15,0.027099609375
D2-N3-M3-Rloose-S1179,N3-M3-Rloose,3,2+,-0.08510366879165232,3.496130977434504,15.20064014283551,0.4120778412633679,1.5,-13.616587006664371,3,0,-3.552713678800501e-15,0.02734375
D2-N2-M3-Rloose-S1222,N2-M3-Rloose,1,1,-0.08426014275114174,-14.085207933036827,-0.5764017197829716,-0.0271833730711748,0.0,-13.48162284018268,1,0,0.0,0.027587890625
D2-N2-M3-Rloose-S1368,N2-M3-Rloose,2,2+,-0.08359932645509355,0.0,17.727845084671525,0.0,1.5,-19.22784508467152,3,3,-3.552713678800501e-15,0.02783203125
D2-N3-M3-Rloose-S1118,N3-M3-Rloose,2,2+,-0.08310932556033553,0.0,17.61514487887717,0.0,1.5,-19.11514487887717,3,3,0.0,0.028076171875
D2-N3-M3-Rloose-S1329,N3-M3-Rloose,3,2+,-0.08262457730221218,0.0,11.293868153733296,0.9260642146206548,1.0,-13.219932368353952,2,2,0.0,0.0283203125
D2-N3-M3-Rloose-S1331,N3-M3-Rloose,2,2+,-0.08256333846313768,0.0,11.384799299328613,0.8253348547734165,1.0,-13.210134154102029,2,0,0.0,0.028564453125
D2-N3-M3-Rloose-S1399,N3-M3-Rloose,2,2+,-0.08254125881468571,0.0,11.892247578464378,0.3143538318853287,1.0,-13.206601410349705,2,0,-1.7763568394002505e-15,0.02880859375
D2-N3-M3-Rloose-S1061,N3-M3-Rloose,4,2+,-0.0817596108621576,3.1294787481073882,20.434189246403633,0.0,1.5,-18.804710498296245,3,3,0.0,0.029052734375
D2-N3-M3-Rloose-S1353,N3-M3-Rloose,3,2+,-0.08086257244356365,0.0,16.63224398903646,0.46614767298317517,1.5,-18.598391662019637,3,0,0.0,0.029296875
D2-N3-M3-Rloose-S1155,N3-M3-Rloose,2,2+,-0.08066776118800423,0.0,11.407987699978776,0.49885409010190496,1.0,-12.906841790080676,2,0,-3.552713678800501e-15,0.029541015625
D2-N3-M3-Rloose-S1243,N3-M3-Rloose,2,2+,-0.0801391542165586,0.0,10.887328986172335,0.9349356884770378,1.0,-12.822264674649368,2,0,-5.329070518200751e-15,0.02978515625
D2-N2-M3-Rloose-S1176,N2-M3-Rloose,3,2+,-0.07982329854812409,0.0,14.822540591944485,2.0368180741240662,1.5,-18.359358666068545,2,0,-7.105427357601002e-15,0.030029296875
D2-N3-M3-Rtight-S1429,N3-M3-Rtight,1,1,-0.07954965846831152,-4.027778791466432,7.197772285830522,1.0023942776328818,0.5,-12.727945354929837,1,1,0.0,0.0302734375
D2-N2-M3-Rloose-S1249,N2-M3-Rloose,8,2+,-0.07950004324516105,0.0,18.285009946387042,0.0,0.0,-18.285009946387042,2,2,0.0,0.030517578125
D2-N3-M5-Rloose-S1371,N3-M5-Rloose,3,2+,-0.07715603140845465,0.0,20.875249108451854,0.0,1.5,-22.375249108451847,3,3,-7.105427357601002e-15,0.03076171875
D2-N3-M3-Rtight-S1030,N3-M3-Rtight,1,1,-0.07702016722423026,0.0,10.810908698051831,0.5123180578250106,1.0,-12.323226755876842,2,2,0.0,0.031005859375
D2-N3-M5-Rloose-S1452,N3-M5-Rloose,3,2+,-0.07670590289220791,0.0,20.744711838740287,0.0,1.5,-22.2447118387403,3,3,1.4210854715202004e-14,0.03125
D2-N3-M3-Rloose-S1268,N3-M3-Rloose,3,2+,-0.07604318394242658,0.0,15.309377676986816,0.680554629771295,1.5,-17.489932306758114,0,0,0.0,0.031494140625
D2-N3-M3-Rloose-S1184,N3-M3-Rloose,4,2+,-0.07557124989200101,5.385736879077278,21.204910257386885,0.06221409685062507,1.5,-17.38138747516023,3,3,0.0,0.03173828125
D2-N3-M3-Rtight-S1422,N3-M3-Rtight,1,1,-0.07553982671548262,0.0,6.298584404393437,0.0,0.5,-6.798584404393437,1,1,0.0,0.031982421875
D2-N2-M3-Rloose-S1141,N2-M3-Rloose,3,2+,-0.07500239552904978,0.0,15.023455193643109,0.7270957780383407,1.5,-17.25055097168145,0,0,0.0,0.0322265625
D2-N3-M5-Rloose-S1431,N3-M5-Rloose,3,2+,-0.07480708759290111,0.0,20.194055401941306,0.0,1.5,-21.69405540194132,3,3,1.4210854715202004e-14,0.032470703125
D2-N3-M3-Rloose-S1229,N3-M3-Rloose,3,2+,-0.07450820303797182,0.0,14.886511570653639,0.7503751280798725,1.5,-17.136886698733512,3,0,0.0,0.03271484375
D2-N2-M5-Rloose-S1452,N2-M5-Rloose,5,2+,-0.07293009510221121,0.0,20.14972757964125,0.0,1.0,-21.14972757964125,2,2,0.0,0.032958984375
D2-N2-M3-Rloose-S1087,N2-M3-Rloose,2,2+,-0.07276265992479691,0.0,9.833922924815013,0.8081026631524881,1.0,-11.642025587967503,2,0,1.7763568394002505e-15,0.033203125
D2-N3-M3-Rloose-S1180,N3-M3-Rloose,3,2+,-0.072707430351718,0.0,20.3122291055154,0.0,1.5,-21.8122291055154,3,3,0.0,0.033447265625
D2-N3-M3-Rloose-S1273,N3-M3-Rloose,4,2+,-0.07267805053120421,1.617786448010655,17.478138569573677,-0.14440049938605193,1.0,-16.71595162217697,-1,0,0.0,0.03369140625
D2-N3-M3-Rloose-S1377,N3-M3-Rloose,4,2+,-0.07248030290870108,0.0,15.044337840423893,0.6261318285773538,1.0,-16.67046966900125,2,0,3.552713678800501e-15,0.033935546875
D2-N2-M5-Rloose-S1128,N2-M5-Rloose,3,2+,-0.07218124189582334,-23.706403601092703,2.2977760445806013,-0.018932563176892847,0.0,-25.9852470824964,0,0,-1.0658141036401503e-14,0.0341796875
D2-N2-M5-Rloose-S1487,N2-M5-Rloose,11,2+,-0.07202470524724952,4.211095321522961,24.02037122279266,0.5778886204326609,0.5,-20.88716452170236,0,0,0.0,0.034423828125
D2-N3-M3-Rloose-S1185,N3-M3-Rloose,3,2+,-0.07061180400354303,0.0,14.052322173482125,0.6883927473327833,1.5,-16.240714920814895,0,0,-1.4210854715202004e-14,0.03466796875
D2-N3-M5-Rloose-S1463,N3-M5-Rloose,4,2+,-0.07054428052901865,0.0,22.575549795317507,0.8203911951292043,2.0,-25.39594099044671,0,0,0.0,0.034912109375
D2-N3-M5-Rloose-S1268,N3-M5-Rloose,3,2+,-0.07038944387256177,0.0,18.91293872304292,0.0,1.5,-20.41293872304292,3,3,0.0,0.03515625
D2-N3-M3-Rloose-S1232,N3-M3-Rloose,3,2+,-0.06998981704097013,0.0,19.104580390769666,0.3923647215213668,1.5,-20.996945112291037,3,3,3.552713678800501e-15,0.035400390625
D2-N3-M5-Rloose-S1356,N3-M5-Rloose,4,2+,-0.06976522637718549,0.0,22.275142254846784,0.8403392409399915,2.0,-25.115481495786774,2,0,0.0,0.03564453125
D2-N3-M5-Rloose-S1486,N3-M5-Rloose,11,2+,-0.06862575544128328,1.0072414860148768,29.55069836749889,-0.034382041732202495,1.0,-29.50907483975181,2,2,0.0,0.035888671875
D2-N3-M3-Rtight-S1073,N3-M3-Rtight,4,2+,-0.06723296477532564,-6.884528755071727,8.57905314325317,0.0,0.0,-15.463581898324897,0,0,0.0,0.0361328125
D2-N3-M3-Rtight-S1190,N3-M3-Rtight,2,2+,-0.06655103008993701,0.0,13.903364338753791,0.4033725819317216,1.0,-15.306736920685513,0,0,0.0,0.036376953125
D2-N2-M3-Rloose-S1444,N2-M3-Rloose,3,2+,-0.06572701620277194,-12.840936855908936,2.3216364927060624,-0.04535962197745125,0.0,-15.117213726637544,1,0,-3.552713678800501e-15,0.03662109375
D2-N2-M3-Rloose-S1385,N2-M3-Rloose,3,2+,-0.06568014529250762,0.0,14.106433417276754,0.0,1.0,-15.106433417276754,2,2,0.0,0.036865234375
D2-N3-M5-Rloose-S1174,N3-M5-Rloose,3,2+,-0.06328797909641551,-19.278270934717625,1.9825588358505897,1.0228427041413632,0.5,-22.783672474709576,0,0,-3.552713678800501e-15,0.037109375
D2-N2-M5-Rloose-S1391,N2-M5-Rloose,3,2+,-0.06311477953399175,0.0,15.956587346542943,0.8466987183146728,1.5,-18.30328606485761,0,0,-7.105427357601002e-15,0.037353515625
D2-N3-M3-Rloose-S1104,N3-M3-Rloose,3,2+,-0.06277463046856693,0.0,12.956892629625049,0.48127237814534585,1.0,-14.438165007770394,0,0,0.0,0.03759765625
D2-N2-M3-Rloose-S1449,N2-M3-Rloose,2,2+,-0.06267117714919307,0.0,12.015821216881601,0.8985495274328221,1.5,-14.414370744314411,3,3,-1.2434497875801753e-14,0.037841796875
D2-N3-M3-Rloose-S1277,N3-M3-Rloose,2,2+,-0.062425890929067224,0.0,12.023602043078288,0.834352870607167,1.5,-14.357954913685454,0,0,-1.7763568394002505e-15,0.0380859375
D2-N3-M5-Rloose-S1242,N3-M5-Rloose,4,2+,-0.06179801946309213,0.0,20.74728700671316,0.0,1.5,-22.247287006713165,3,3,3.552713678800501e-15,0.038330078125
D2-N3-M3-Rtight-S1430,N3-M3-Rtight,2,2+,-0.06156387279208527,0.0,8.608194998811562,0.7420246479220798,0.5,-9.850219646733644,0,0,1.7763568394002505e-15,0.03857421875
D2-N2-M3-Rtight-S1370,N2-M3-Rtight,2,2+,-0.061333603941321875,0.0,9.313376630611499,0.0,0.5,-9.8133766306115,0,0,1.7763568394002505e-15,0.038818359375
D2-N3-M3-Rloose-S1056,N3-M3-Rloose,3,2+,-0.06077846054901995,0.0,12.50789757712343,0.4711483491511682,1.0,-13.979045926274594,2,0,-3.552713678800501e-15,0.0390625
D2-N3-M3-Rloose-S1441,N3-M3-Rloose,3,2+,-0.060766349121218394,0.0,12.52529106913768,0.4509692287425522,1.0,-13.976260297880238,2,0,5.329070518200751e-15,0.039306640625
D2-N3-M3-Rloose-S1365,N3-M3-Rloose,3,2+,-0.06064604833072568,0.0,12.236824213681203,0.7117669023857089,1.0,-13.948591116066908,2,0,-3.552713678800501e-15,0.03955078125
D2-N3-M3-Rloose-S1150,N3-M3-Rloose,2,2+,-0.060242476795101224,0.0,16.573760094806197,-0.0010170562758290425,1.5,-18.07274303853037,3,3,0.0,0.039794921875
D2-N2-M3-Rloose-S1243,N2-M3-Rloose,1,1,-0.059632966872026655,0.0,11.168216577535983,1.0473658030301445,1.5,-13.715582380566133,3,0,5.329070518200751e-15,0.0400390625
D2-N3-M3-Rloose-S1135,N3-M3-Rloose,1,1,-0.059071241399721586,0.0,11.125646793626164,0.9607387283098043,1.5,-13.586385521935966,3,0,-1.7763568394002505e-15,0.040283203125
D2-N3-M5-Rtight-S1088,N3-M5-Rtight,3,2+,-0.05892288832239145,-5.242654706675111,7.720380724251008,0.0,0.0,-12.963035430926126,0,0,7.105427357601002e-15,0.04052734375
D2-N3-M5-Rloose-S1489,N3-M5-Rloose,4,2+,-0.058779281747513235,0.0,15.817565183981117,0.22842652279770803,1.0,-17.045991706778835,2,2,1.0658141036401503e-14,0.040771484375
D2-N2-M3-Rloose-S1311,N2-M3-Rloose,2,2+,-0.058436727805256466,0.0,12.174446077144765,0.26600131806422495,1.0,-13.440447395208984,2,0,-5.329070518200751e-15,0.041015625
D2-N2-M3-Rloose-S1367,N2-M3-Rloose,2,2+,-0.058060529675646566,0.0,7.643402884428189,1.1462818636752568,0.5,-9.289684748103454,1,0,7.105427357601002e-15,0.041259765625
D2-N2-M5-Rloose-S1508,N2-M5-Rloose,2,2+,-0.05783114324930971,-24.872652148551893,-3.5474255929698586,-0.006014985830534503,-0.5,-20.819211569751495,0,0,-3.552713678800501e-15,0.04150390625
D2-N2-M3-Rloose-S1213,N2-M3-Rloose,3,2+,-0.05762602322996632,0.0,11.55257818115414,0.7014071617381092,1.0,-13.253985342892257,2,0,8.881784197001252e-15,0.041748046875
D2-N3-M3-Rtight-S1038,N3-M3-Rtight,1,1,-0.05713854778528104,0.0,11.900280450222246,0.24158554039239477,1.0,-13.14186599061464,2,2,0.0,0.0419921875
D2-N3-M5-Rloose-S1226,N3-M5-Rloose,4,2+,-0.05659461127619461,0.0,18.874060059430075,0.0,1.5,-20.374060059430064,3,3,-1.0658141036401503e-14,0.042236328125
D2-N2-M3-Rloose-S1003,N2-M3-Rloose,2,2+,-0.05614927589653712,0.0,11.434484132432598,0.4798493237709551,1.0,-12.914333456203543,2,0,-8.881784197001252e-15,0.04248046875
D2-N2-M3-Rtight-S1402,N2-M3-Rtight,1,1,-0.055993235506892225,0.0,11.174190446349304,0.7042537202359087,1.0,-12.878444166585211,0,0,0.0,0.042724609375
D2-N3-M3-Rloose-S1152,N3-M3-Rloose,3,2+,-0.05533348086482068,0.0,11.089322736633346,0.6373778622754163,1.0,-12.726700598908756,2,0,-5.329070518200751e-15,0.04296875
D2-N3-M5-Rloose-S1241,N3-M5-Rloose,4,2+,-0.05529285796253347,0.0,15.03492880913469,0.0,1.0,-16.034928809134698,2,2,7.105427357601002e-15,0.043212890625
D2-N2-M5-Rloose-S1464,N2-M5-Rloose,3,2+,-0.05517519425391526,0.0,18.492701979291763,-0.12963204788227234,1.5,-19.8630699314095,0,0,7.105427357601002e-15,0.04345703125
D2-N3-M5-Rloose-S1471,N3-M5-Rloose,3,2+,-0.05516643284726236,0.0,18.35991582501445,0.0,1.5,-19.859915825014447,3,3,-3.552713678800501e-15,0.043701171875
D2-N2-M3-Rloose-S1359,N2-M3-Rloose,2,2+,-0.05507740218848986,0.0,11.002642192308262,0.6651603110444086,1.0,-12.667802503352668,2,0,-1.7763568394002505e-15,0.0439453125
D2-N2-M5-Rloose-S1159,N2-M5-Rloose,3,2+,-0.05502780504496116,0.0,14.95806346303873,0.0,1.0,-15.95806346303874,2,2,1.0658141036401503e-14,0.044189453125
D2-N3-M3-Rloose-S1452,N3-M3-Rloose,4,2+,-0.05473925213416553,4.280265080725229,18.894355513377135,0.30768520759775386,1.5,-16.42177564024965,3,0,-1.0658141036401503e-14,0.04443359375
D2-N2-M5-Rloose-S1331,N2-M5-Rloose,3,2+,-0.05437320298910764,0.0,14.768228866841223,0.0,1.0,-15.768228866841213,2,2,-1.0658141036401503e-14,0.044677734375
D2-N2-M3-Rloose-S1356,N2-M3-Rloose,3,2+,-0.05391331869113383,0.0,10.660017432358657,0.7400458666021363,1.0,-12.400063298960788,2,0,-5.329070518200751e-15,0.044921875
D2-N2-M5-Rloose-S1356,N2-M5-Rloose,3,2+,-0.052910497927778743,0.0,14.344044399055836,0.0,1.0,-15.344044399055832,2,2,-3.552713678800501e-15,0.045166015625
D2-N2-M3-Rloose-S1500,N2-M3-Rloose,2,2+,-0.05191683421080452,0.0,9.84693136137168,1.0939405071133614,1.0,-11.94087186848504,0,0,-1.7763568394002505e-15,0.04541015625
D2-N2-M3-Rloose-S1025,N2-M3-Rloose,2,2+,-0.05135771369538428,0.0,6.380329339961158,1.3369048513003252,0.5,-8.217234191261483,1,0,0.0,0.045654296875
D2-N2-M5-Rloose-S1204,N2-M5-Rloose,3,2+,-0.05100782137274962,0.0,16.862815694189855,0.0,1.5,-18.362815694189862,0,0,7.105427357601002e-15,0.0458984375
D2-N3-M5-Rloose-S1065,N3-M5-Rloose,4,2+,-0.05067003147128969,0.0,16.003400517102286,0.7378108125620026,1.5,-18.241211329664292,0,0,3.552713678800501e-15,0.046142578125
D2-N2-M5-Rloose-S1042,N2-M5-Rloose,4,2+,-0.05053510391582178,0.0,13.39991132173456,0.25526881385374445,1.0,-14.65518013558831,2,0,5.329070518200751e-15,0.04638671875
D2-N3-M3-Rloose-S1282,N3-M3-Rloose,2,2+,-0.05039690501702905,0.0,7.563504802724649,0.0,0.5,-8.063504802724648,1,1,-1.7763568394002505e-15,0.046630859375
D2-N2-M5-Rloose-S1227,N2-M5-Rloose,3,2+,-0.04980325437041108,0.0,13.01221503913974,0.43072872827947284,1.0,-14.442943767419216,2,0,3.552713678800501e-15,0.046875
D2-N2-M3-Rtight-S1381,N2-M3-Rtight,1,1,-0.04968523133752867,-2.5718460059506043,7.340776550411205,1.0149806512697788,0.5,-11.427603207631591,1,1,3.552713678800501e-15,0.047119140625
D2-N3-M3-Rtight-S1294,N3-M3-Rtight,1,1,-0.04951173395846516,0.0,7.3105470722629065,0.11133036109151828,0.5,-7.921877433354425,0,0,0.0,0.04736328125
D2-N2-M5-Rloose-S1255,N2-M5-Rloose,2,2+,-0.049411154202462115,0.0,12.040270732104961,0.788963986609056,1.5,-14.329234718714012,3,3,-5.329070518200751e-15,0.047607421875
D2-N2-M3-Rtight-S1142,N2-M3-Rtight,1,1,-0.049096973065647025,0.0,7.116072950952551,0.23944273955097217,0.5,-7.855515690503523,1,1,0.0,0.0478515625
D2-N2-M3-Rloose-S1084,N2-M3-Rloose,2,2+,-0.04889799657376159,0.0,12.147938936425678,1.0214600357028134,1.5,-14.669398972128484,0,0,-7.105427357601002e-15,0.048095703125
D2-N3-M5-Rloose-S1310,N3-M5-Rloose,5,2+,-0.04870096647658707,2.902756361144796,18.93510429271614,0.0,1.5,-17.532347931571344,3,2,0.0,0.04833984375
D2-N3-M5-Rloose-S1208,N3-M5-Rloose,3,2+,-0.04864506344970629,0.0,12.309952393584265,0.7971160068305614,1.0,-14.107068400414832,2,0,5.329070518200751e-15,0.048583984375
D2-N3-M3-Rtight-S1008,N3-M3-Rtight,3,2+,-0.047967538894224365,-4.566770550629727,6.465763395041876,0.0,0.0,-11.032533945671602,0,0,0.0,0.048828125
D2-N3-M5-Rloose-S1364,N3-M5-Rloose,3,2+,-0.04776694195448188,-18.528836146153473,0.9274873169751032,1.0834615772986387,0.0,-20.539785040427212,1,0,-3.552713678800501e-15,0.049072265625
D2-N3-M5-Rloose-S1118,N3-M5-Rloose,4,2+,-0.04761622063233151,0.0,16.141839427639344,0.0,1.0,-17.14183942763934,2,2,-3.552713678800501e-15,0.04931640625
D2-N3-M5-Rloose-S1192,N3-M5-Rloose,3,2+,-0.04759152624482879,0.0,14.686930240760685,0.9460192073776794,1.5,-17.13294944813837,0,0,7.105427357601002e-15,0.049560546875
D2-N3-M5-Rloose-S1251,N3-M5-Rloose,4,2+,-0.04753413430824338,4.436742336914932,19.67208615500133,0.376944532881213,1.5,-17.11228835096763,3,0,2.1316282072803006e-14,0.0498046875
D2-N3-M5-Rloose-S1178,N3-M5-Rloose,4,2+,-0.04663530037832919,0.0,15.788708136198508,0.0,1.0,-16.788708136198508,0,0,0.0,0.050048828125
D2-N2-M3-Rtight-S1104,N2-M3-Rtight,1,1,-0.04657023228990714,-2.641620529329245,7.553721578825534,0.015811318523865525,0.5,-10.71115342667865,1,1,3.552713678800501e-15,0.05029296875
D2-N2-M3-Rloose-S1004,N2-M3-Rloose,3,2+,-0.04627119422136841,0.0,12.508191580574472,0.37316668583605805,1.0,-13.881358266410523,2,0,-7.105427357601002e-15,0.050537109375
D2-N2-M5-Rloose-S1479,N2-M5-Rloose,3,2+,-0.045843870224232336,0.0,15.503793280723656,0.0,1.0,-16.50379328072365,2,2,-7.105427357601002e-15,0.05078125
D2-N2-M5-Rloose-S1368,N2-M5-Rloose,3,2+,-0.045827298904918684,0.0,11.47426585892196,0.8156508235044706,1.0,-13.289916682426416,2,0,-1.4210854715202004e-14,0.051025390625
D2-N3-M5-Rloose-S1481,N3-M5-Rloose,4,2+,-0.0455249112377196,0.0,17.525303658183716,0.5504081740357054,1.5,-19.575711832219426,0,0,3.552713678800501e-15,0.05126953125
D2-N3-M3-Rloose-S1397,N3-M3-Rloose,2,2+,-0.04539358969884055,0.0,8.584180706626558,0.8563449241067618,1.0,-10.440525630733319,0,0,0.0,0.051513671875
D2-N3-M5-Rloose-S1374,N3-M5-Rloose,3,2+,-0.04534222626856575,2.721882275146058,20.46034424393939,-0.24130467331005834,2.0,-19.497157295483273,4,3,0.0,0.0517578125
D2-N3-M5-Rloose-S1288,N3-M5-Rloose,4,2+,-0.0449047480041746,4.270739718556257,18.31101915109241,0.625429848966722,1.5,-16.165709281502856,3,0,-1.7763568394002505e-14,0.052001953125
D2-N2-M5-Rloose-S1342,N2-M5-Rloose,4,2+,-0.04479201924213677,0.0,15.512326206806694,-0.38719927963745127,1.0,-16.12512692716924,2,2,0.0,0.05224609375
D2-N2-M3-Rtight-S1350,N2-M3-Rtight,2,2+,-0.04457000471458336,0.0,9.51808074211709,0.2330203422370839,0.5,-10.251101084354174,1,1,-1.7763568394002505e-15,0.052490234375
D2-N2-M3-Rloose-S1380,N2-M3-Rloose,3,2+,-0.04441198098775642,0.0,11.459279819995857,0.8643144763310658,1.0,-13.323594296326924,2,0,1.7763568394002505e-15,0.052734375
D2-N3-M3-Rloose-S1157,N3-M3-Rloose,6,2+,-0.04436304022707753,4.440220199439466,13.549359350347295,0.594360101320001,0.5,-10.203499252227829,3,0,-1.7763568394002505e-15,0.052978515625
D2-N3-M3-Rloose-S1176,N3-M3-Rloose,3,2+,-0.04436066655397142,0.0,11.739416392711817,0.5687835734796034,1.0,-13.308199966191424,2,0,3.552713678800501e-15,0.05322265625
D2-N2-M5-Rloose-S1354,N2-M5-Rloose,2,2+,-0.044310244432001725,0.0,18.101247512616684,-0.5478424068559398,1.5,-19.053405105760746,0,0,0.0,0.053466796875
D2-N2-M5-Rloose-S1364,N2-M5-Rloose,3,2+,-0.044277807009749925,0.0,14.940010523509969,0.0,1.0,-15.940010523509976,2,2,7.105427357601002e-15,0.0537109375
D2-N2-M5-Rloose-S1443,N2-M5-Rloose,3,2+,-0.04379562799965153,0.0,10.935994035093987,0.7647380848049502,1.0,-12.700732119898937,2,2,0.0,0.053955078125
D2-N2-M3-Rtight-S1178,N2-M3-Rtight,1,1,-0.04373358961374639,0.0,5.786036834965862,0.7113375032335595,0.5,-6.997374338199422,0,0,8.881784197001252e-16,0.05419921875
D2-N3-M3-Rtight-S1054,N3-M3-Rtight,1,1,-0.043694604896028,0.0,5.751796921698427,0.7393398616660546,0.5,-6.991136783364481,0,0,0.0,0.054443359375
D2-N2-M3-Rloose-S1413,N2-M3-Rloose,3,2+,-0.04356854867660864,0.0,8.490611150920861,1.0301550446991308,0.5,-10.020766195619991,1,0,0.0,0.0546875
D2-N2-M3-Rtight-S1434,N2-M3-Rtight,1,1,-0.04342432280484402,0.0,5.75543392481301,0.6924577239620328,0.5,-6.947891648775042,0,0,-8.881784197001252e-16,0.054931640625
D2-N2-M5-Rloose-S1038,N2-M5-Rloose,4,2+,-0.043222553886783255,0.0,14.560119399241966,0.0,1.0,-15.56011939924197,2,2,3.552713678800501e-15,0.05517578125
D2-N2-M5-Rloose-S1294,N2-M5-Rloose,4,2+,-0.0431074214577592,0.0,14.5186717247933,0.0,1.0,-15.518671724793315,2,2,1.4210854715202004e-14,0.055419921875
D2-N2-M3-Rloose-S1276,N2-M3-Rloose,3,2+,-0.04288258269126469,0.0,10.97662540729944,0.8881494000799646,1.0,-12.864774807379405,2,0,0.0,0.0556640625
D2-N2-M5-Rloose-S1102,N2-M5-Rloose,4,2+,-0.04286331055824036,0.0,14.305026097577752,0.12576570338878046,1.0,-15.430791800966531,1,1,0.0,0.055908203125
D2-N3-M5-Rloose-S1501,N3-M5-Rloose,3,2+,-0.04274453255901772,0.0,11.395914442115107,0.0,1.0,-12.395914442115128,2,2,2.1316282072803006e-14,0.05615234375
D2-N3-M3-Rtight-S1006,N3-M3-Rtight,1,1,-0.04270753448643047,0.0,5.738085044214203,0.5951204736146738,0.5,-6.833205517828876,0,0,0.0,0.056396484375
D2-N3-M3-Rtight-S1034,N3-M3-Rtight,1,1,-0.04253386074020417,0.0,5.784895105805871,0.5205226126267959,0.5,-6.8054177184326665,0,0,-8.881784197001252e-16,0.056640625
D2-N2-M3-Rloose-S1179,N2-M3-Rloose,1,1,-0.04253000388206446,0.0,7.59147684030609,1.1904240525687313,1.0,-9.781900892874823,2,0,1.7763568394002505e-15,0.056884765625
D2-N2-M3-Rloose-S1252,N2-M3-Rloose,3,2+,-0.04225050518682452,0.0,10.719354187952828,0.9557973680945308,1.0,-12.675151556047354,2,2,-5.329070518200751e-15,0.05712890625
D2-N2-M3-Rloose-S1483,N2-M3-Rloose,2,2+,-0.04219755399307623,2.4830538300168143,11.177180125722046,0.011311122702290843,1.0,-9.705437418407527,2,0,5.329070518200751e-15,0.057373046875
D2-N2-M5-Rloose-S1420,N2-M5-Rloose,2,2+,-0.0421320771410392,0.0,11.316898287691853,-0.09859591679047663,1.0,-12.21830237090137,0,0,-7.105427357601002e-15,0.0576171875
D2-N3-M3-Rtight-S1283,N3-M3-Rtight,2,2+,-0.04189812270713664,-4.551857186537276,5.084711036104158,0.0,0.0,-9.63656822264143,0,0,-5.329070518200751e-15,0.057861328125
D2-N3-M3-Rtight-S1218,N3-M3-Rtight,1,1,-0.04180208125525413,0.0,5.74086562645838,0.447467374382282,0.5,-6.688333000840661,0,0,-8.881784197001252e-16,0.05810546875
D2-N3-M3-Rtight-S1052,N3-M3-Rtight,2,2+,-0.04180106694550734,0.0,8.45331716215419,0.6609282353124942,0.5,-9.614245397466686,0,0,0.0,0.058349609375
D2-N3-M3-Rtight-S1117,N3-M3-Rtight,2,2+,-0.04179821562672867,-4.518867151103635,5.094722443043958,0.0,0.0,-9.61358959414759,0,0,-1.7763568394002505e-15,0.05859375
D2-N2-M3-Rtight-S1414,N2-M3-Rtight,1,1,-0.041776712759931146,0.0,6.184274041588982,0.0,0.5,-6.684274041588983,0,0,8.881784197001252e-16,0.058837890625
D2-N2-M3-Rloose-S1484,N2-M3-Rloose,3,2+,-0.041760019070228666,0.0,10.886107602703344,0.6418981183652502,1.0,-12.528005721068595,2,2,1.7763568394002505e-15,0.05908203125
D2-N3-M3-Rtight-S1438,N3-M3-Rtight,1,1,-0.04168716403935452,0.0,6.169946246296724,0.0,0.5,-6.669946246296723,1,1,-8.881784197001252e-16,0.059326171875
D2-N3-M3-Rloose-S1216,N3-M3-Rloose,3,2+,-0.041493020936215486,0.0,8.55615174553822,0.4872430697913378,0.5,-9.543394815329563,0,0,5.329070518200751e-15,0.0595703125
D2-N3-M3-Rtight-S1225,N3-M3-Rtight,2,2+,-0.04132888662146982,0.0,9.005643922938058,0.0,0.5,-9.505643922938058,1,1,0.0,0.059814453125
D2-N3-M5-Rtight-S1250,N3-M5-Rtight,4,2+,-0.04085678674540215,-8.450399591082103,8.358464238100868,0.7595544713399451,0.0,-17.56841830052292,0,0,3.552713678800501e-15,0.06005859375
D2-N2-M3-Rtight-S1409,N2-M3-Rtight,1,1,-0.04080110698686504,0.0,6.028177117898403,0.0,0.5,-6.528177117898405,1,1,1.7763568394002505e-15,0.060302734375
D2-N3-M5-Rtight-S1463,N3-M5-Rtight,2,2+,-0.04069547935422707,-2.2192545536317567,9.082434459094094,0.0,0.5,-11.801689012725845,1,1,-5.329070518200751e-15,0.060546875
D2-N3-M3-Rloose-S1411,N3-M3-Rloose,2,2+,-0.03988154293636137,0.0,8.842174991141107,-0.16942011577799576,0.5,-9.172754875363111,1,-1,0.0,0.060791015625
D2-N3-M5-Rloose-S1301,N3-M5-Rloose,4,2+,-0.0397003930840823,0.0,12.498472372055353,0.7936691382142667,1.0,-14.29214151026963,2,0,1.0658141036401503e-14,0.06103515625
D2-N2-M5-Rloose-S1426,N2-M5-Rloose,4,2+,-0.03967201007645882,0.0,12.963144496412895,0.31877913111228184,1.0,-14.281923627525174,2,0,-1.7763568394002505e-15,0.061279296875
D2-N2-M3-Rtight-S1085,N2-M3-Rtight,2,2+,-0.03955758259389126,0.0,8.056420158922736,0.5418238376722564,0.5,-9.098243996594992,0,0,0.0,0.0615234375
D2-N3-M3-Rtight-S1037,N3-M3-Rtight,1,1,-0.03954490970267477,0.0,5.4481691518764706,0.37901640055149244,0.5,-6.327185552427963,1,0,0.0,0.061767578125
D2-N2-M5-Rloose-S1182,N2-M5-Rloose,4,2+,-0.03932221399471779,0.0,15.908552017728645,0.0,1.0,-16.908552017728645,0,0,0.0,0.06201171875
D2-N2-M3-Rtight-S1010,N2-M3-Rtight,1,1,-0.03897447248613525,0.0,5.7359155977816405,0.0,0.5,-6.23591559778164,0,0,-8.881784197001252e-16,0.062255859375
D2-N2-M5-Rloose-S1149,N2-M5-Rloose,7,2+,-0.038612880107954606,0.0,12.86198832244068,1.0386485164229777,0.0,-13.900636838863662,0,1,3.552713678800501e-15,0.0625
D2-N2-M5-Rloose-S1273,N2-M5-Rloose,7,2+,-0.03807019256846582,0.0,12.75093943427212,0.9543298903755822,0.0,-13.705269324647698,0,1,-3.552713678800501e-15,0.062744140625
D2-N2-M5-Rloose-S1029,N2-M5-Rloose,7,2+,-0.037940753840547015,0.0,12.227238057977956,1.4314333246189659,0.0,-13.658671382596925,-1,0,1.7763568394002505e-15,0.06298828125
D2-N3-M3-Rtight-S1128,N3-M3-Rtight,1,1,-0.03778270637083994,-2.703064312317153,7.219507635599111,0.9122399633357074,0.5,-11.334811911251975,1,1,3.552713678800501e-15,0.063232421875
D2-N3-M5-Rloose-S1108,N3-M5-Rloose,4,2+,-0.03758467390528597,4.306436153491262,18.3362622051657,0.6315837275985129,1.5,-16.161409779272958,3,0,7.105427357601002e-15,0.0634765625
D2-N3-M5-Rloose-S1341,N3-M5-Rloose,4,2+,-0.037059193190175005,0.0,12.253441319194977,0.08786822926802396,1.0,-13.341309548463002,0,0,1.7763568394002505e-15,0.063720703125
D2-N3-M5-Rloose-S1457,N3-M5-Rloose,4,2+,-0.03692633690975117,-2.2355522114118287,12.266822117874803,0.3759505419063687,1.0,-15.878324871193001,2,0,1.7763568394002505e-15,0.06396484375
D2-N3-M3-Rloose-S1016,N3-M3-Rloose,4,2+,-0.03670423637278636,4.058668144027678,13.217984656703909,0.8519543991596542,1.0,-11.011270911835908,2,0,2.3092638912203256e-14,0.064208984375
D2-N3-M5-Rtight-S1459,N3-M5-Rtight,3,2+,-0.03665433631606729,-4.584150505174065,6.045607026485456,0.0,0.0,-10.629757531659514,0,0,-7.105427357601002e-15,0.064453125
D2-N3-M5-Rtight-S1395,N3-M5-Rtight,2,2+,-0.03641310505229048,0.0,9.888871523237256,0.1709289419269746,0.5,-10.55980046516423,0,0,0.0,0.064697265625
D2-N3-M5-Rloose-S1074,N3-M5-Rloose,4,2+,-0.03511564590318628,0.0,14.40854447580837,-0.30881673743826354,1.0,-15.099727738370099,2,0,-7.105427357601002e-15,0.06494140625
D2-N2-M5-Rloose-S1190,N2-M5-Rloose,3,2+,-0.035098688005299084,0.0,10.622687339801665,1.0128403421060113,1.0,-12.635527681907668,0,0,-8.881784197001252e-15,0.065185546875
D2-N3-M5-Rtight-S1484,N3-M5-Rtight,3,2+,-0.03500773132304116,0.0,9.095258095445356,0.5569839882365837,0.5,-10.152242083681937,0,0,-1.7763568394002505e-15,0.0654296875
D2-N2-M5-Rloose-S1015,N2-M5-Rloose,9,2+,-0.03473159720818657,4.315303331555185,14.38746652192929,0.0,0.0,-10.072163190374106,0,0,0.0,0.065673828125
D2-N3-M5-Rloose-S1056,N3-M5-Rloose,3,2+,-0.03449764091231801,-18.96035854983606,-7.262607169905287,-0.6934355153585474,-1.0,-10.004315864572224,-1,0,0.0,0.06591796875
D2-N3-M3-Rtight-S1066,N3-M3-Rtight,2,2+,-0.034411394293875415,0.0,7.621908856588122,-0.2072881689967768,0.5,-7.914620687591345,1,1,0.0,0.066162109375
D2-N2-M5-Rloose-S1130,N2-M5-Rloose,7,2+,-0.034354742784533904,4.287651708045274,15.235923639686789,0.9194354707906887,0.5,-12.367707402432202,0,0,0.0,0.06640625
D2-N3-M3-Rtight-S1275,N3-M3-Rtight,3,2+,-0.03396037702917047,0.0,7.810886716709209,0.0,0.0,-7.810886716709209,0,0,0.0,0.066650390625
D2-N3-M5-Rtight-S1276,N3-M5-Rtight,3,2+,-0.033877718582411814,-6.856504787718222,7.710914202718854,0.0,0.0,-14.567418990437076,0,0,0.0,0.06689453125
D2-N2-M3-Rtight-S1241,N2-M3-Rtight,3,2+,-0.03377206283326083,0.0,7.767574451649992,0.0,0.0,-7.76757445164999,0,0,-1.7763568394002505e-15,0.067138671875
D2-N3-M5-Rloose-S1028,N3-M5-Rloose,3,2+,-0.0337298990470313,0.0,10.506164734505429,0.6365989224258383,1.0,-12.142763656931272,2,2,5.329070518200751e-15,0.0673828125
D2-N2-M3-Rloose-S1006,N2-M3-Rloose,3,2+,-0.03361701475529824,0.0,5.378722360847721,0.0,0.0,-5.378722360847718,0,0,-3.552713678800501e-15,0.067626953125
D2-N3-M5-Rtight-S1135,N3-M5-Rtight,2,2+,-0.03353188982829891,-4.5228063924547826,5.2014416577518965,0.0,0.0,-9.724248050206683,0,0,3.552713678800501e-15,0.06787109375
D2-N2-M3-Rtight-S1254,N2-M3-Rtight,2,2+,-0.03317821644564861,0.0,7.199664291091027,-0.06867450859184737,0.5,-7.630989782499181,0,0,8.881784197001252e-16,0.068115234375
D2-N3-M5-Rtight-S1338,N3-M5-Rtight,1,1,-0.033175279398136644,0.0,10.73482583063872,0.2082747526904738,1.0,-11.943100583329194,1,1,0.0,0.068359375
D2-N3-M5-Rloose-S1265,N3-M5-Rloose,4,2+,-0.033129777446821496,0.0,12.613483208864992,0.6323210932682728,1.0,-14.245804302133251,2,0,-1.2434497875801753e-14,0.068603515625
D2-N2-M5-Rloose-S1316,N2-M5-Rloose,3,2+,-0.03296128058072023,0.0,10.86606100905929,0.0,1.0,-11.866061009059287,0,0,-3.552713678800501e-15,0.06884765625
D2-N3-M3-Rtight-S1464,N3-M3-Rtight,2,2+,-0.032715848305435086,-2.37800195421525,5.317103869841965,-0.17046071380715322,0.0,-7.524645110250063,0,0,8.881784197001252e-16,0.069091796875
D2-N3-M5-Rloose-S1059,N3-M5-Rloose,3,2+,-0.03257185337303739,0.0,12.307232566308059,0.6986643840980231,1.0,-14.005896950406083,2,0,0.0,0.0693359375
D2-N3-M3-Rtight-S1363,N3-M3-Rtight,2,2+,-0.03239652180932842,0.0,5.1834434894925465,0.0,0.0,-5.1834434894925465,0,0,0.0,0.069580078125
D2-N2-M3-Rloose-S1349,N2-M3-Rloose,5,2+,-0.032374000526727176,0.0,7.446020121147246,0.0,0.0,-7.446020121147249,0,0,3.552713678800501e-15,0.06982421875
D2-N3-M5-Rloose-S1209,N3-M5-Rloose,4,2+,-0.0320321317170531,0.0,11.031567418139105,0.0,0.5,-11.531567418139105,1,2,0.0,0.070068359375
D2-N3-M3-Rtight-S1339,N3-M3-Rtight,2,2+,-0.03192401324087915,0.0,5.107842118540663,0.0,0.0,-5.107842118540663,0,0,0.0,0.0703125
D2-N3-M3-Rtight-S1164,N3-M3-Rtight,3,2+,-0.031387664953899025,-0.7325501574265019,6.486612781970269,0.0,0.0,-7.2191629393967744,0,0,3.552713678800501e-15,0.070556640625
D2-N2-M5-Rloose-S1211,N2-M5-Rloose,3,2+,-0.03131325520057607,0.0,7.8946855078089015,0.6861585003581505,0.5,-9.080844008167055,0,0,3.552713678800501e-15,0.07080078125
D2-N2-M3-Rtight-S1355,N2-M3-Rtight,2,2+,-0.03130575632493526,0.0,5.00892101198964,0.0,0.0,-5.008921011989642,0,0,1.7763568394002505e-15,0.071044921875
D2-N3-M5-Rloose-S1090,N3-M5-Rloose,5,2+,-0.03130426130607222,7.5527318290810115,15.327779163257233,0.3031884445847415,1.0,-9.078235778760956,2,0,-7.105427357601002e-15,0.0712890625
D2-N3-M5-Rloose-S1510,N3-M5-Rloose,7,2+,-0.03119815510619449,3.410347592287451,13.513446056492903,0.6282373740245641,0.5,-11.231335838230017,0,0,0.0,0.071533203125
D2-N3-M3-Rtight-S1082,N3-M3-Rtight,1,1,-0.03115283574491934,0.0,5.7823564835912835,0.8827957377401638,0.5,-7.165152221331447,0,0,0.0,0.07177734375
D2-N3-M5-Rtight-S1367,N3-M5-Rtight,1,1,-0.030791065006657403,0.0,5.48981127295574,0.7842230285088991,0.5,-6.7740343014646385,1,0,-8.881784197001252e-16,0.072021484375
D2-N3-M3-Rloose-S1109,N3-M3-Rloose,3,2+,-0.03078292053624862,0.0,7.822684865545391,-0.7426131422082103,0.0,-7.080071723337184,0,3,3.552713678800501e-15,0.072265625
D2-N3-M5-Rloose-S1154,N3-M5-Rloose,4,2+,-0.03069735053779983,0.0,10.834068338366002,-0.2830221447580621,0.5,-11.051046193607938,1,1,-1.7763568394002505e-15,0.072509765625
D2-N2-M5-Rloose-S1086,N2-M5-Rloose,4,2+,-0.03068757763304028,0.0,11.329632766710695,-0.7821048188161968,0.5,-11.047527947894501,1,2,3.552713678800501e-15,0.07275390625
D2-N2-M3-Rtight-S1485,N2-M3-Rtight,1,1,-0.030687357309751306,0.0,6.558092181242801,0.0,0.5,-7.058092181242801,0,0,0.0,0.072998046875
D2-N3-M5-Rtight-S1340,N3-M5-Rtight,3,2+,-0.030530372064339673,-2.687121322280362,6.2376934505319195,-0.07100687415377482,0.0,-8.853807898658502,0,0,-3.552713678800501e-15,0.0732421875
D2-N3-M5-Rloose-S1469,N3-M5-Rloose,4,2+,-0.030513403248382753,0.0,11.561482847387254,0.5592805494173485,1.0,-13.120763396804605,2,0,3.552713678800501e-15,0.073486328125
D2-N3-M5-Rloose-S1375,N3-M5-Rloose,3,2+,-0.03039674792432051,4.060482314499836,14.511033775372827,1.1200501465848265,1.5,-13.070601607457817,3,0,0.0,0.07373046875
D2-N3-M3-Rloose-S1284,N3-M3-Rloose,4,2+,-0.030325082647809476,4.248587935952017,9.859079884507324,0.8642770604408752,0.5,-6.97476900899618,3,0,-1.7763568394002505e-15,0.073974609375
D2-N2-M3-Rloose-S1187,N2-M3-Rloose,1,1,-0.030254354485988455,0.0,4.340696717758153,0.0,0.5,-4.840696717758153,0,0,0.0,0.07421875
D2-N3-M3-Rtight-S1373,N3-M3-Rtight,2,2+,-0.030241150887772794,0.0,8.812670734634334,-0.2403254683025089,0.5,-9.072345266331837,-1,0,1.0658141036401503e-14,0.074462890625
D2-N2-M3-Rloose-S1369,N2-M3-Rloose,5,2+,-0.030164483216167742,0.0,6.144347715616163,0.7934834241024202,0.0,-6.937831139718583,-1,0,-8.881784197001252e-16,0.07470703125
D2-N3-M3-Rloose-S1052,N3-M3-Rloose,2,2+,-0.02999524606090251,0.0,6.340788432571188,0.05811816143638704,0.5,-6.8989065940075776,0,0,2.6645352591003757e-15,0.074951171875
D2-N3-M3-Rtight-S1049,N3-M3-Rtight,1,1,-0.029938668012097658,-2.2162499527286883,2.5739369292069387,0.0,0.0,-4.790186881935625,0,0,-1.7763568394002505e-15,0.0751953125
D2-N2-M5-Rloose-S1466,N2-M5-Rloose,4,2+,-0.029864903780208785,0.0,10.83463208935676,-0.5832667284815916,0.5,-10.751365360875162,1,2,-5.329070518200751e-15,0.075439453125
D2-N3-M5-Rtight-S1343,N3-M5-Rtight,3,2+,-0.02976853834272336,-4.51079610035336,6.205877703027058,0.0,0.0,-10.716673803380417,0,0,-1.7763568394002505e-15,0.07568359375
D2-N3-M3-Rtight-S1360,N3-M3-Rtight,4,2+,-0.029755824127142602,0.0,8.92674723814278,0.0,0.0,-8.92674723814278,0,0,0.0,0.075927734375
D2-N2-M3-Rtight-S1023,N2-M3-Rtight,1,1,-0.029737079902659336,-2.245921479071285,2.5120113053542124,0.0,0.0,-4.757932784425499,0,0,1.7763568394002505e-15,0.076171875
D2-N3-M5-Rloose-S1080,N3-M5-Rloose,3,2+,-0.029711629182836874,-7.393084281167134,0.3934851461660891,0.8298030356894661,0.0,-8.616372463022685,0,0,-3.552713678800501e-15,0.076416015625
D2-N3-M3-Rtight-S1229,N3-M3-Rtight,1,1,-0.02965610149136444,0.0,6.320903343013818,0.0,0.5,-6.820903343013811,0,0,-7.105427357601002e-15,0.07666015625
D2-N2-M3-Rtight-S1457,N2-M3-Rtight,1,1,-0.029615422074179686,0.0,5.503066027434844,0.8084810496264849,0.5,-6.811547077061329,0,0,0.0,0.076904296875
D2-N3-M5-Rtight-S1147,N3-M5-Rtight,1,1,-0.02959394481518121,0.0,8.003556342811061,0.07868765359149799,0.5,-8.582243996402553,0,0,-5.329070518200751e-15,0.0771484375
D2-N3-M5-Rloose-S1258,N3-M5-Rloose,3,2+,-0.02938359869328795,0.0,10.43161056589323,1.203336872220589,1.0,-12.634947438113812,2,2,-7.105427357601002e-15,0.077392578125
D2-N2-M3-Rtight-S1101,N2-M3-Rtight,1,1,-0.029258792536574485,0.0,5.4489729697775635,0.7805493136345658,0.5,-6.729522283412123,1,0,-6.217248937900877e-15,0.07763671875
D2-N3-M3-Rtight-S1028,N3-M3-Rtight,1,1,-0.02925138711702896,0.0,6.227819036916667,0.0,0.5,-6.727819036916664,0,0,-3.552713678800501e-15,0.077880859375
D2-N3-M3-Rtight-S1398,N3-M3-Rtight,1,1,-0.029022094996534537,0.0,6.175081849202943,0.0,0.5,-6.675081849202943,1,1,0.0,0.078125
D2-N2-M3-Rtight-S1489,N2-M3-Rtight,1,1,-0.0289541232313692,0.0,5.532048559472212,0.6273997837427009,0.5,-6.659448343214919,1,0,6.217248937900877e-15,0.078369140625
D2-N2-M3-Rtight-S1405,N2-M3-Rtight,1,1,-0.028931513800633024,0.0,5.507484344055451,0.6467638300901534,0.5,-6.654248174145593,1,0,-1.0658141036401503e-14,0.07861328125
D2-N2-M3-Rloose-S1161,N2-M3-Rloose,2,2+,-0.02888248523718584,0.0,5.011066545849243,1.1319050587034978,0.5,-6.642971604552741,0,0,8.881784197001252e-16,0.078857421875
D2-N3-M3-Rtight-S1240,N3-M3-Rtight,1,1,-0.02885363679411561,0.0,5.931147905256243,0.2051885573903438,0.5,-6.6363364626465895,1,1,3.552713678800501e-15,0.0791015625
D2-N2-M3-Rtight-S1340,N2-M3-Rtight,1,1,-0.02877606988423833,0.0,5.459700094836316,0.658795978538498,0.5,-6.618496073374814,0,0,0.0,0.079345703125
D2-N3-M5-Rloose-S1123,N3-M5-Rloose,3,2+,-0.028726872430209993,0.0,7.830793004760903,0.0,0.5,-8.3307930047609,0,0,-3.552713678800501e-15,0.07958984375
D2-N2-M3-Rloose-S1487,N2-M3-Rloose,2,2+,-0.028697397849504938,0.0,6.1004015053861345,0.0,0.5,-6.600401505386138,0,0,3.552713678800501e-15,0.079833984375
D2-N2-M3-Rloose-S1265,N2-M3-Rloose,3,2+,-0.028571052665837232,3.141230625793334,9.212572738935894,0.0,0.5,-6.571342113142563,1,2,3.552713678800501e-15,0.080078125
D2-N2-M3-Rtight-S1177,N2-M3-Rtight,1,1,-0.0284340298865614,0.0,6.039826873909123,0.0,0.5,-6.5398268739091225,1,1,-8.881784197001252e-16,0.080322265625
D2-N2-M5-Rloose-S1439,N2-M5-Rloose,2,2+,-0.02836241084070662,0.0,6.551273447322281,1.1738256964826357,0.5,-8.225099143804918,1,0,1.7763568394002505e-15,0.08056640625
D2-N3-M5-Rloose-S1394,N3-M5-Rloose,5,2+,-0.028257342600562965,0.0,10.593090119600653,1.057567198641423,0.5,-12.150657318242075,0,0,0.0,0.080810546875
D2-N3-M3-Rtight-S1192,N3-M3-Rtight,1,1,-0.028222055412616742,0.0,5.440341551395452,0.5507311935063968,0.5,-6.4910727449018495,0,0,8.881784197001252e-16,0.0810546875
D2-N2-M3-Rtight-S1029,N2-M3-Rtight,1,1,-0.02791623299435958,0.0,5.526713942832065,0.39401964587064664,0.5,-6.420733588702703,1,0,-8.881784197001252e-15,0.081298828125
D2-N2-M5-Rloose-S1138,N2-M5-Rloose,4,2+,-0.027884052945338925,0.0,9.538259060322016,0.0,0.5,-10.038259060322012,1,0,-3.552713678800501e-15,0.08154296875
D2-N2-M3-Rtight-S1109,N2-M3-Rtight,1,1,-0.027814528702093264,0.0,5.423380013868267,0.4739615876131862,0.5,-6.397341601481452,0,0,-1.7763568394002505e-15,0.081787109375
D2-N3-M5-Rloose-S1503,N3-M5-Rloose,3,2+,-0.02776855539712443,3.2927412886847804,9.553246789947927,0.7923755639029366,1.0,-8.052881065166083,0,0,0.0,0.08203125
D2-N2-M5-Rloose-S1324,N2-M5-Rloose,3,2+,-0.02769208740327675,0.0,8.595544946490083,0.8736065186895496,0.5,-9.969151465179632,0,0,0.0,0.082275390625
D2-N3-M3-Rloose-S1388,N3-M3-Rloose,8,2+,-0.027626418523912143,3.484946226621716,11.77287178379536,0.0,0.0,-8.287925557173644,0,0,0.0,0.08251953125
D2-N2-M5-Rloose-S1505,N2-M5-Rloose,6,2+,-0.027073146613967466,0.0,10.402435326992787,1.2390177170132266,0.0,-11.641453044006013,-1,0,0.0,0.082763671875
D2-N3-M5-Rtight-S1046,N3-M5-Rtight,4,2+,-0.02688490692972456,-2.5703009675412147,8.990209012240339,0.0,0.0,-11.560509979781557,0,0,3.552713678800501e-15,0.0830078125
D2-N2-M5-Rtight-S1279,N2-M5-Rtight,3,2+,-0.026847722819568903,0.0,5.90649902030516,0.0,0.0,-5.906499020305159,0,0,-1.7763568394002505e-15,0.083251953125
D2-N3-M5-Rloose-S1040,N3-M5-Rloose,3,2+,-0.02683408458682382,0.0,9.485442486083695,-0.325172034827127,0.5,-9.660270451256572,1,3,3.552713678800501e-15,0.08349609375
D2-N3-M5-Rtight-S1471,N3-M5-Rtight,2,2+,-0.026695527749299758,0.0,8.917235724920433,0.1931542648274822,0.5,-9.610389989747915,1,2,0.0,0.083740234375
D2-N2-M3-Rloose-S1160,N2-M3-Rloose,3,2+,-0.026625231990661025,3.5868009463018495,9.015805673516859,0.19479863063701974,0.5,-6.123803357852026,0,0,-2.6645352591003757e-15,0.083984375
D2-N2-M5-Rtight-S1047,N2-M5-Rtight,2,2+,-0.0265712972883555,-2.251917196670078,5.0912073290071085,0.3625516879459154,0.0,-7.705676213623093,0,0,-8.881784197001252e-15,0.084228515625
D2-N3-M3-Rtight-S1101,N3-M3-Rtight,3,2+,-0.0262607381844924,0.0,6.09250627362567,-0.05253649119241666,0.0,-6.039969782433252,0,0,-1.7763568394002505e-15,0.08447265625
D2-N2-M5-Rtight-S1110,N2-M5-Rtight,2,2+,-0.026216102480004125,0.0,9.105463839084088,-0.16766694628260348,0.5,-9.437796892801487,0,0,1.7763568394002505e-15,0.084716796875
D2-N2-M3-Rloose-S1452,N2-M3-Rloose,3,2+,-0.026194132005905035,-0.9977833621924788,5.02686699916568,0.0,0.0,-6.024650361358155,0,0,-3.552713678800501e-15,0.0849609375
D2-N3-M5-Rtight-S1053,N3-M5-Rtight,2,2+,-0.02613348208823077,0.0,8.240666297390025,0.667387254373057,0.5,-9.408053551763075,0,0,-7.105427357601002e-15,0.085205078125
D2-N3-M5-Rloose-S1229,N3-M5-Rloose,6,2+,-0.026076106309303793,0.0,9.387398271349376,0.0,0.0,-9.387398271349369,0,0,-7.105427357601002e-15,0.08544921875
D2-N2-M5-Rtight-S1040,N2-M5-Rtight,2,2+,-0.02597433163058882,-2.239738265961023,3.474614692768508,0.0,0.0,-5.714352958729535,0,0,3.552713678800501e-15,0.085693359375
D2-N3-M5-Rtight-S1177,N3-M5-Rtight,4,2+,-0.025788553277483757,0.0,9.133394862509359,0.15048431738479406,0.0,-9.283879179894154,0,0,0.0,0.0859375
D2-N2-M5-Rloose-S1161,N2-M5-Rloose,4,2+,-0.025764400845941157,0.0,7.471676245322932,0.0,0.0,-7.471676245322932,0,0,0.0,0.086181640625
D2-N3-M3-Rtight-S1018,N3-M3-Rtight,2,2+,-0.025741164213213347,0.0,4.118586274114135,0.0,0.0,-4.118586274114136,0,0,1.7763568394002505e-15,0.08642578125
D2-N3-M5-Rtight-S1378,N3-M5-Rtight,2,2+,-0.025471252296412644,0.0,8.4859667853224,0.1836840413861487,0.5,-9.169650826708551,0,0,1.7763568394002505e-15,0.086669921875
D2-N2-M3-Rtight-S1253,N2-M3-Rtight,2,2+,-0.025295005972145512,-2.2729217696651887,3.544929603928285,0.0,0.0,-5.81785137359347,0,0,-3.552713678800501e-15,0.0869140625
D2-N2-M5-Rloose-S1499,N2-M5-Rloose,3,2+,-0.024786011514537645,0.0,6.687943339215913,0.0,0.5,-7.187943339215913,0,0,0.0,0.087158203125
D2-N3-M5-Rloose-S1094,N3-M5-Rloose,5,2+,-0.02473855918541925,3.461550403589584,11.867431710340512,0.0,0.5,-8.905881306750928,1,2,0.0,0.08740234375
D2-N3-M5-Rtight-S1083,N3-M5-Rtight,1,1,-0.02456437627470586,0.0,5.792451530712624,0.8312175889520776,0.5,-7.123669119664701,0,0,-8.881784197001252e-16,0.087646484375
D2-N3-M5-Rtight-S1387,N3-M5-Rtight,0,0,-0.024551071890539455,0.0,4.833497998946666,0.06773781697201442,0.5,-5.40123581591868,1,1,-8.881784197001252e-16,0.087890625
D2-N3-M5-Rtight-S1362,N3-M5-Rtight,3,2+,-0.0245332363026054,0.0,9.352666802322428,0.6966248077978907,0.5,-10.54929161012032,0,0,1.7763568394002505e-15,0.088134765625
D2-N3-M5-Rloose-S1021,N3-M5-Rloose,4,2+,-0.024288560923978395,0.0,8.00438144132638,0.23950049130583873,0.5,-8.74388193263222,-2,-2,1.7763568394002505e-15,0.08837890625
D2-N2-M3-Rloose-S1418,N2-M3-Rloose,2,2+,-0.024282394121863615,4.298636186015031,7.6838192455132095,0.0,0.5,-3.885183059498175,1,0,-3.552713678800501e-15,0.088623046875
D2-N2-M5-Rloose-S1082,N2-M5-Rloose,9,2+,-0.02414268067856834,3.9692332509483776,14.350585942732764,0.0,0.0,-10.381352691784386,0,0,0.0,0.0888671875
D2-N2-M3-Rloose-S1005,N2-M3-Rloose,3,2+,-0.02408102248416727,0.0,4.951945484358781,0.5866896869996923,0.0,-5.538635171358472,0,0,-1.7763568394002505e-15,0.089111328125
D2-N2-M5-Rtight-S1359,N2-M5-Rtight,2,2+,-0.02385812302305055,0.0,5.145660305234079,0.10312675983704289,0.0,-5.248787065071122,1,1,0.0,0.08935546875
D2-N3-M5-Rloose-S1120,N3-M5-Rloose,3,2+,-0.02373551798365965,0.0,6.383300215261297,0.0,0.5,-6.8833002152613005,0,0,3.552713678800501e-15,0.089599609375
D2-N3-M5-Rtight-S1217,N3-M5-Rtight,1,1,-0.023602588870394875,-5.634186129086146,2.4978990249060686,0.36484683934994755,0.0,-8.496931993342159,0,0,-3.552713678800501e-15,0.08984375
D2-N2-M3-Rloose-S1104,N2-M3-Rloose,6,2+,-0.023441737311492072,3.8207916317870882,9.212391213430266,0.0,0.0,-5.391599581643177,0,0,0.0,0.090087890625
D2-N2-M5-Rloose-S1257,N2-M5-Rloose,5,2+,-0.023349478899825526,0.0,8.71657688261051,1.3236990443144658,0.0,-10.040275926924977,-1,0,0.0,0.09033203125
D2-N2-M3-Rtight-S1384,N2-M3-Rtight,2,2+,-0.023235108532543874,0.0,3.717617365207019,0.0,0.0,-3.717617365207019,0,0,0.0,0.090576171875
D2-N3-M5-Rtight-S1420,N3-M5-Rtight,1,1,-0.023206942065928576,0.0,6.230013199119275,0.0,0.5,-6.730013199119284,1,1,8.881784197001252e-15,0.0908203125
D2-N2-M5-Rtight-S1486,N2-M5-Rtight,1,1,-0.023102692448040592,0.0,5.5606048229618175,0.6391759869699534,0.5,-6.69978080993177,1,1,-8.881784197001252e-16,0.091064453125
D2-N2-M3-Rloose-S1358,N2-M3-Rloose,2,2+,-0.023075443281353025,4.053414939585693,7.245485864602177,0.0,0.5,-3.6920709250164805,1,0,-3.552713678800501e-15,0.09130859375
D2-N3-M3-Rloose-S1334,N3-M3-Rloose,2,2+,-0.023069206533287756,4.448029760628657,7.63910280595468,0.0,0.5,-3.6910730453260356,1,0,1.2434497875801753e-14,0.091552734375
D2-N3-M3-Rloose-S1026,N3-M3-Rloose,2,2+,-0.023039506825913658,4.441406023451606,7.627727115597796,0.0,0.5,-3.686321092146187,1,0,-3.552713678800501e-15,0.091796875
D2-N2-M5-Rtight-S1388,N2-M5-Rtight,1,1,-0.02296040994253177,0.0,5.462708333829438,0.6958105495047762,0.5,-6.658518883334214,0,0,0.0,0.092041015625
D2-N2-M3-Rloose-S1118,N2-M3-Rloose,2,2+,-0.022892227205814575,4.408559184834985,7.571315537765315,0.0,0.5,-3.66275635293033,1,0,0.0,0.09228515625
D2-N3-M5-Rtight-S1310,N3-M5-Rtight,1,1,-0.02286322572644501,0.0,5.559871172957365,0.5704642877116892,0.5,-6.630335460669054,1,1,-8.881784197001252e-16,0.092529296875
D2-N3-M3-Rtight-S1181,N3-M3-Rtight,3,2+,-0.022829028178194516,-4.525200088785041,1.2254763921996954,0.0,-0.5,-5.250676480984737,-1,-1,0.0,0.0927734375
D2-N3-M5-Rtight-S1392,N3-M5-Rtight,1,1,-0.022795911652148088,0.0,6.110814379122944,0.0,0.5,-6.610814379122942,1,1,-1.7763568394002505e-15,0.093017578125
D2-N3-M3-Rloose-S1110,N3-M3-Rloose,2,2+,-0.02269424514337315,4.364404502404241,7.495483725343924,0.0,0.5,-3.6310792229396895,1,0,7.105427357601002e-15,0.09326171875
D2-N2-M3-Rloose-S1178,N2-M3-Rloose,2,2+,-0.022677907716622314,4.36076086983968,7.489226104499254,0.0,0.5,-3.628465234659572,1,0,-1.7763568394002505e-15,0.093505859375
D2-N2-M3-Rtight-S1377,N2-M3-Rtight,1,1,-0.0226756077079574,0.0,5.572559314446022,0.7301229979412032,0.5,-6.802682312387233,1,0,7.993605777301127e-15,0.09375
D2-N2-M3-Rloose-S1162,N2-M3-Rloose,2,2+,-0.022655578461333814,4.355780917797475,7.480673471610897,0.0,0.5,-3.6248925538134102,1,0,-1.2434497875801753e-14,0.093994140625
D2-N2-M3-Rloose-S1230,N2-M3-Rloose,2,2+,-0.022588342557756158,3.954448649851372,7.068583459092348,0.0,0.5,-3.61413480924098,1,0,3.552713678800501e-15,0.09423828125
D2-N3-M3-Rloose-S1366,N3-M3-Rloose,2,2+,-0.02257016251199745,4.336731140908796,7.447957142828388,0.0,0.5,-3.61122600191959,1,0,-1.7763568394002505e-15,0.094482421875
D2-N3-M3-Rloose-S1030,N3-M3-Rloose,2,2+,-0.02249769421071024,4.320568995762059,7.420200069475696,0.0,0.5,-3.5996310737136383,1,0,1.7763568394002505e-15,0.0947265625
D2-N2-M3-Rtight-S1224,N2-M3-Rtight,2,2+,-0.022481084480300166,0.0,5.170649430469039,0.0,0.0,-5.170649430469037,0,0,-1.7763568394002505e-15,0.094970703125
D2-N3-M3-Rtight-S1232,N3-M3-Rtight,1,1,-0.02245882151300585,0.0,5.534218494056271,0.7034279598454716,0.5,-6.737646453901746,1,0,3.552713678800501e-15,0.09521484375
D2-N2-M3-Rtight-S1477,N2-M3-Rtight,1,1,-0.022405331245504298,0.0,2.337762120083881,1.247090879196806,0.0,-3.5848529992806872,0,0,0.0,0.095458984375
D2-N2-M5-Rloose-S1028,N2-M5-Rloose,3,2+,-0.022372122912675957,0.0,7.55396424856335,0.0,0.5,-8.053964248563346,0,0,-3.552713678800501e-15,0.095703125
D2-N3-M3-Rtight-S1159,N3-M3-Rtight,2,2+,-0.02234179847911183,0.0,5.138613650195721,0.0,0.0,-5.138613650195721,0,0,0.0,0.095947265625
D2-N2-M3-Rtight-S1257,N2-M3-Rtight,2,2+,-0.02230202603260835,0.0,5.1294659874999216,0.0,0.0,-5.12946598749992,0,0,-1.7763568394002505e-15,0.09619140625
D2-N2-M3-Rloose-S1046,N2-M3-Rloose,2,2+,-0.022233755514494802,4.26170442404856,7.319105306367733,0.0,0.5,-3.557400882319172,1,0,-1.7763568394002505e-15,0.096435546875
D2-N2-M3-Rtight-S1336,N2-M3-Rtight,1,1,-0.02219746925451907,0.0,6.159240776355718,0.0,0.5,-6.659240776355716,1,1,-1.7763568394002505e-15,0.0966796875
D2-N2-M5-Rtight-S1291,N2-M5-Rtight,1,1,-0.022183189453021415,0.0,5.427186968343178,0.505937973033032,0.5,-6.43312494137621,0,0,0.0,0.096923828125
D2-N3-M5-Rloose-S1097,N3-M5-Rloose,4,2+,-0.022105218680131433,4.009172338388055,12.514416370844565,0.0,1.0,-9.505244032456517,2,0,7.105427357601002e-15,0.09716796875
D2-N3-M5-Rtight-S1508,N3-M5-Rtight,3,2+,-0.02199466917036081,0.0,8.027311698098021,-0.10923079676813141,0.0,-7.9180809013298905,0,0,8.881784197001252e-16,0.097412109375
D2-N3-M5-Rtight-S1117,N3-M5-Rtight,2,2+,-0.021969166293727915,-2.2771333522684643,5.204631863503398,0.42713464997018846,0.0,-7.9088998657420575,0,0,7.105427357601002e-15,0.09765625
D2-N2-M5-Rtight-S1056,N2-M5-Rtight,1,1,-0.02195148941074846,0.0,5.865931929117052,0.0,0.5,-6.365931929117053,0,0,8.881784197001252e-16,0.097900390625
D2-N3-M5-Rtight-S1419,N3-M5-Rtight,2,2+,-0.02192517306993004,0.0,8.92782442006992,0.0,0.5,-9.427824420069918,0,0,-1.7763568394002505e-15,0.09814453125
D2-N3-M5-Rtight-S1318,N3-M5-Rtight,2,2+,-0.02189864834290202,0.0,7.383513403444727,0.0,0.5,-7.883513403444727,0,0,0.0,0.098388671875
D2-N3-M3-Rloose-S1194,N3-M3-Rloose,2,2+,-0.021788483650873602,4.1623982672629865,7.1485556514027575,0.0,0.5,-3.486157384139773,1,0,1.7763568394002505e-15,0.0986328125
D2-N3-M3-Rtight-S1435,N3-M3-Rtight,1,1,-0.021677460760073014,-2.2699438706299446,2.715872104186836,0.0,0.0,-4.985815974816788,0,0,7.105427357601002e-15,0.098876953125
D2-N3-M5-Rtight-S1345,N3-M5-Rtight,2,2+,-0.021635586712238503,0.0,8.151440902453606,0.6518613838089506,0.5,-9.303302286262564,0,0,7.105427357601002e-15,0.09912109375
D2-N2-M5-Rtight-S1240,N2-M5-Rtight,1,1,-0.021519177334631878,0.0,5.740561427043252,0.0,0.5,-6.240561427043247,1,1,-5.329070518200751e-15,0.099365234375
D2-N2-M3-Rloose-S1002,N2-M3-Rloose,2,2+,-0.02148375300158134,4.094436125236143,7.031836605489147,0.0,0.5,-3.437400480253011,1,0,7.105427357601002e-15,0.099609375
D2-N3-M5-Rtight-S1396,N3-M5-Rtight,1,1,-0.02141677111027803,0.0,6.85126013527479,0.35877746442530234,0.5,-7.710037599700092,1,1,-8.881784197001252e-16,0.099853515625
D2-N3-M5-Rtight-S1232,N3-M5-Rtight,3,2+,-0.021369430685489636,0.0,6.197134898791994,0.0,0.0,-6.197134898791994,0,0,0.0,0.10009765625
D2-N2-M5-Rloose-S1365,N2-M5-Rloose,4,2+,-0.021313541451004336,-5.041010122474091,4.599932693516379,0.023880007941367465,-0.5,-9.164822823931857,-1,0,1.9539925233402755e-14,0.100341796875
D2-N3-M5-Rloose-S1057,N3-M5-Rloose,4,2+,-0.02131262096294617,0.0,9.192285216134664,-0.5278582020677636,0.5,-9.164427014066874,1,0,-2.6645352591003757e-14,0.1005859375
D2-N3-M5-Rtight-S1418,N3-M5-Rtight,4,2+,-0.02130838280024072,0.0,8.1331704798716,-0.46215267178494146,0.0,-7.67101780808666,0,1,8.881784197001252e-16,0.100830078125
D2-N3-M5-Rloose-S1353,N3-M5-Rloose,9,2+,-0.021181503575637584,1.90391822025407,11.01196475777823,0.0,0.0,-9.10804653752416,0,0,0.0,0.10107421875
D2-N3-M3-Rtight-S1440,N3-M3-Rtight,3,2+,-0.021129232122043304,0.0,6.338769636612987,0.0,0.0,-6.338769636612987,0,0,0.0,0.101318359375
D2-N2-M5-Rloose-S1083,N2-M5-Rloose,4,2+,-0.021004956754158116,3.4965806957208656,9.628366329794051,0.9299987974237407,0.5,-7.561784431496925,0,0,-1.7763568394002505e-15,0.1015625
D2-N2-M5-Rloose-S1013,N2-M5-Rloose,4,2+,-0.020941342616152228,0.0,7.5388833418148025,0.0,0.0,-7.5388833418148025,0,0,0.0,0.101806640625
D2-N2-M3-Rloose-S1423,N2-M3-Rloose,1,1,-0.020939640032438672,0.0,4.316117207460895,0.0,0.5,-4.816117207460895,0,0,0.0,0.10205078125
D2-N2-M3-Rloose-S1510,N2-M3-Rloose,2,2+,-0.02091372066968661,3.9673054332953086,6.813500740445159,0.0,0.5,-3.3461953071498556,1,0,5.329070518200751e-15,0.102294921875
D2-N3-M3-Rtight-S1212,N3-M3-Rtight,1,1,-0.020821881890302263,-2.2630182088942092,2.5260146258753338,0.0,0.0,-4.789032834769529,0,0,-1.4210854715202004e-14,0.1025390625
D2-N3-M3-Rloose-S1392,N3-M3-Rloose,4,2+,-0.02080758621004565,0.0,6.242275863013695,0.0,0.0,-6.242275863013695,0,0,0.0,0.102783203125
D2-N2-M5-Rtight-S1314,N2-M5-Rtight,2,2+,-0.02080291600293757,-2.5130143539849286,3.507087940573287,0.01274334629367968,0.0,-6.032845640851889,0,0,-6.217248937900877e-15,0.10302734375
D2-N2-M3-Rtight-S1280,N2-M3-Rtight,3,2+,-0.020765764925912346,0.0,6.229729477773702,0.0,0.0,-6.229729477773702,0,0,0.0,0.103271484375
D2-N2-M5-Rtight-S1206,N2-M5-Rtight,1,1,-0.020656460687178357,0.0,5.868792442650114,-0.3784188433683964,0.5,-5.990373599281725,1,0,7.105427357601002e-15,0.103515625
D2-N2-M5-Rloose-S1233,N2-M5-Rloose,3,2+,-0.020618859548554747,-2.096038299321407,4.8750224351093365,0.4517287030489663,0.0,-7.422789437479707,0,0,-1.7763568394002505e-15,0.103759765625
D2-N3-M3-Rloose-S1362,N3-M3-Rloose,2,2+,-0.020605453756422365,3.898554620765978,6.695427221793556,0.0,0.5,-3.29687260102758,1,0,1.7763568394002505e-15,0.10400390625
D2-N3-M3-Rloose-S1500,N3-M3-Rloose,4,2+,-0.02058117208358029,4.077485863811859,7.899558576785857,0.4115968662494671,0.5,-4.733669579223466,0,0,8.881784197001252e-16,0.104248046875
D2-N2-M3-Rloose-S1082,N2-M3-Rloose,2,2+,-0.0205666317771227,3.88989640119712,6.680557485536752,0.0,0.5,-3.2906610843396322,1,0,0.0,0.1044921875
D2-N2-M3-Rtight-S1123,N2-M3-Rtight,1,1,-0.020494761772989645,-2.2250109951420427,2.4887842126455784,0.0,0.0,-4.713795207787626,0,0,5.329070518200751e-15,0.104736328125
D2-N3-M5-Rloose-S1302,N3-M5-Rloose,4,2+,-0.020485673132620244,0.0,8.802959419983075,-0.49411997295637333,0.5,-8.808839447026706,1,3,3.552713678800501e-15,0.10498046875
D2-N2-M5-Rloose-S1097,N2-M5-Rloose,3,2+,-0.02046913969755043,-2.105030112999259,4.954709082494389,0.3091510956245038,0.0,-7.368890291118149,0,0,-3.552713678800501e-15,0.105224609375
D2-N2-M3-Rtight-S1096,N2-M3-Rtight,1,1,-0.02046523519230148,-2.2137000540775205,2.49330404015182,0.0,0.0,-4.707004094229333,0,0,-7.105427357601002e-15,0.10546875
D2-N3-M3-Rtight-S1437,N3-M3-Rtight,1,1,-0.020382492810541414,0.0,5.614747843162425,0.0,0.5,-6.114747843162425,1,1,0.0,0.105712890625
D2-N2-M5-Rtight-S1098,N2-M5-Rtight,2,2+,-0.020335033497831417,0.0,7.855515691083928,0.38854871298358207,0.5,-8.74406440406751,0,0,0.0,0.10595703125
D2-N2-M5-Rtight-S1280,N2-M5-Rtight,1,1,-0.020317588435874417,-4.513202116732188,2.501700424037802,0.2994292961448015,0.0,-7.314331836914789,0,0,-1.7763568394002505e-15,0.106201171875
D2-N3-M5-Rtight-S1078,N3-M5-Rtight,1,1,-0.02028970799855464,0.0,5.9407878264127945,0.8635070530668735,0.5,-7.304294879479668,0,0,0.0,0.1064453125
D2-N3-M3-Rtight-S1056,N3-M3-Rtight,3,2+,-0.02013911632846667,0.0,6.0417348985400015,0.0,0.0,-6.04173489854,0,0,-1.7763568394002505e-15,0.106689453125
D2-N3-M3-Rtight-S1089,N3-M3-Rtight,4,2+,-0.020121697377058767,4.249052076445693,8.87704247316923,0.0,0.0,-4.627990396723526,0,0,-1.0658141036401503e-14,0.10693359375
D2-N3-M3-Rloose-S1183,N3-M3-Rloose,2,2+,-0.020087749483354178,6.078321954761535,9.24771921274943,0.4507851231835702,1.0,-4.620182381171464,2,0,-1.7763568394002505e-15,0.107177734375
D2-N2-M5-Rloose-S1033,N2-M5-Rloose,4,2+,-0.020078189262252244,0.0,5.8676392836541,1.360508850756716,0.0,-7.228148134410816,-1,0,0.0,0.107421875
D2-N3-M3-Rtight-S1145,N3-M3-Rtight,1,1,-0.020058247502846266,-2.313578641999669,2.299818283654968,0.0,0.0,-4.613396925654641,0,0,3.552713678800501e-15,0.107666015625
D2-N2-M5-Rloose-S1361,N2-M5-Rloose,4,2+,-0.020003657512828843,0.0,7.201316704618389,0.0,0.0,-7.201316704618385,0,0,-3.552713678800501e-15,0.10791015625
D2-N2-M5-Rtight-S1303,N2-M5-Rtight,3,2+,-0.01995210002955384,0.0,5.923999612096061,-0.13789060352544946,0.0,-5.786109008570612,0,0,8.881784197001252e-16,0.108154296875
D2-N2-M3-Rtight-S1461,N2-M3-Rtight,1,1,-0.01993066797729659,0.0,5.479200393188979,0.0,0.5,-5.979200393188975,0,0,-3.552713678800501e-15,0.1083984375
D2-N3-M3-Rloose-S1001,N3-M3-Rloose,3,2+,-0.019798397099991538,4.519234647148124,8.572865980146194,0.0,0.5,-4.553631332998066,1,0,-3.552713678800501e-15,0.108642578125
D2-N2-M5-Rloose-S1003,N2-M5-Rloose,6,2+,-0.01978955735278326,3.9769940698327417,9.67549194968985,0.04047375245004514,0.0,-5.738971632307148,0,0,-4.440892098500626e-15,0.10888671875
D2-N2-M3-Rloose-S1505,N2-M3-Rloose,2,2+,-0.0197845706210123,0.0,3.1655312993619695,0.0,0.0,-3.165531299361966,0,0,-3.552713678800501e-15,0.109130859375
D2-N3-M3-Rloose-S1237,N3-M3-Rloose,3,2+,-0.019716081749925007,4.438358019416114,8.473056821898872,0.0,0.5,-4.534698802482751,1,0,-7.105427357601002e-15,0.109375
D2-N2-M3-Rloose-S1120,N2-M3-Rloose,5,2+,-0.019699944231112085,3.3274483985935177,7.858435571749297,0.0,0.0,-4.530987173155779,0,0,0.0,0.109619140625
D2-N3-M5-Rtight-S1169,N3-M5-Rtight,2,2+,-0.01968557491951492,-3.266451602890072,5.146863300523814,0.05148231197753317,0.0,-8.464797215391421,0,0,1.7763568394002505e-15,0.10986328125
D2-N3-M5-Rloose-S1033,N3-M5-Rloose,8,2+,-0.019658774566752163,4.028546304971513,11.613488600337675,0.8683307683372634,0.0,-8.45327306370342,-1,0,-3.552713678800501e-15,0.110107421875
D2-N3-M5-Rloose-S1405,N3-M5-Rloose,5,2+,-0.01963210291919254,0.0,7.067557050909315,0.0,0.0,-7.067557050909315,0,0,0.0,0.1103515625
D2-N2-M3-Rtight-S1417,N2-M3-Rtight,1,1,-0.019518252432626226,-2.251293985223512,2.23790407428052,0.0,0.0,-4.489198059504027,0,0,-5.329070518200751e-15,0.110595703125
D2-N3-M3-Rloose-S1408,N3-M3-Rloose,3,2+,-0.019395254013277574,4.317046704724589,8.27795512777844,0.0,0.5,-4.460908423053837,1,0,-1.4210854715202004e-14,0.11083984375
D2-N2-M5-Rloose-S1040,N2-M5-Rloose,2,2+,-0.019393306152698186,1.1219977254486082,6.246056509731083,0.0,0.5,-5.624058784282475,1,0,0.0,0.111083984375
D2-N3-M5-Rtight-S1100,N3-M5-Rtight,1,1,-0.019379165046426852,0.0,5.789236164411292,0.6872632523023756,0.5,-6.9764994167136685,0,0,0.0,0.111328125
D2-N3-M3-Rtight-S1480,N3-M3-Rtight,2,2+,-0.01935334964810137,-2.254052727846556,3.551952166583849,0.0,0.0,-5.806004894430409,0,0,3.552713678800501e-15,0.111572265625
D2-N3-M5-Rtight-S1214,N3-M5-Rtight,3,2+,-0.019304653707819197,0.0,6.8000903921077445,0.14958494270716383,0.0,-6.949675334814909,0,0,8.881784197001252e-16,0.11181640625
D2-N3-M3-Rloose-S1345,N3-M3-Rloose,3,2+,-0.019213419306493867,0.0,3.074147089039016,0.0,0.0,-3.074147089039016,0,0,0.0,0.112060546875
D2-N3-M3-Rloose-S1249,N3-M3-Rloose,3,2+,-0.019131598874129296,3.8382856682854367,7.738553409335168,0.0,0.5,-4.400267741049731,1,0,0.0,0.1123046875
D2-N2-M5-Rloose-S1510,N2-M5-Rloose,3,2+,-0.019126397779996307,0.0,6.971388984973977,-0.5858857841753131,0.5,-6.8855032007986665,0,0,2.6645352591003757e-15,0.112548828125
D2-N3-M5-Rtight-S1026,N3-M5-Rtight,2,2+,-0.01910581061437238,0.0,6.855044143447849,-0.4769523222737915,0.5,-6.878091821174056,0,0,-8.881784197001252e-16,0.11279296875
D2-N3-M3-Rloose-S1348,N3-M3-Rloose,3,2+,-0.019021910863934455,4.274097637079677,8.149137135784589,0.0,0.5,-4.375039498704922,1,0,1.0658141036401503e-14,0.113037109375
D2-N3-M5-Rtight-S1299,N3-M5-Rtight,1,1,-0.019007826468393788,0.0,5.754955643256501,0.5878618853652606,0.5,-6.842817528621762,0,0,0.0,0.11328125
D2-N3-M3-Rtight-S1196,N3-M3-Rtight,2,2+,-0.01899648257503958,-2.338173009818135,3.3607717626937337,0.0,0.0,-5.698944772511872,0,0,3.552713678800501e-15,0.113525390625
D2-N3-M3-Rtight-S1005,N3-M3-Rtight,2,2+,-0.01899448705922413,-0.8996049340388339,3.5592743126464406,-0.09014722306372547,0.0,-4.368732023621554,0,0,5.329070518200751e-15,0.11376953125
D2-N3-M5-Rtight-S1458,N3-M5-Rtight,2,2+,-0.0188994143023912,0.0,6.59773587780578,-0.29394672894494756,0.5,-6.8037891488608295,1,1,-3.552713678800501e-15,0.114013671875
D2-N2-M5-Rtight-S1136,N2-M5-Rtight,0,0,-0.018734701454707597,0.0,7.200217849194676,-0.9557253254999658,0.5,-6.744492523694731,1,1,2.1316282072803006e-14,0.1142578125
D2-N2-M5-Rtight-S1094,N2-M5-Rtight,1,1,-0.018708483245340513,0.0,6.235053968322585,0.0,0.5,-6.735053968322585,1,1,0.0,0.114501953125
D2-N3-M3-Rloose-S1172,N3-M3-Rloose,3,2+,-0.018554404908455197,1.1312438508528686,4.099948636205699,0.0,0.0,-2.9687047853528306,0,0,0.0,0.11474609375
D2-N3-M3-Rloose-S1010,N3-M3-Rloose,1,1,-0.018541761730520794,0.0,2.706586415534193,0.26009546134913425,0.0,-2.9666818768833267,0,0,-4.440892098500626e-16,0.114990234375
D2-N2-M5-Rtight-S1306,N2-M5-Rtight,1,1,-0.01849588609975017,0.0,5.566986864549357,0.5915321313607054,0.5,-6.658518995910061,0,0,-1.7763568394002505e-15,0.115234375
D2-N3-M5-Rtight-S1456,N3-M5-Rtight,1,1,-0.018469065271658,0.0,5.650425852714861,0.4984376450820214,0.5,-6.6488634977968815,0,0,-8.881784197001252e-16,0.115478515625
D2-N3-M5-Rtight-S1116,N3-M5-Rtight,1,1,-0.018459909540986613,0.0,5.444992714112003,0.7005747206431774,0.5,-6.645567434755179,1,0,-1.7763568394002505e-15,0.11572265625
D2-N3-M5-Rtight-S1076,N3-M5-Rtight,1,1,-0.018436542934394534,0.0,6.137155456382043,0.0,0.5,-6.6371554563820325,1,1,-1.0658141036401503e-14,0.115966796875
D2-N2-M5-Rtight-S1124,N2-M5-Rtight,1,1,-0.018341332417289052,0.0,6.102879670224059,0.0,0.5,-6.6028796702240555,1,1,-3.552713678800501e-15,0.1162109375
D2-N3-M5-Rtight-S1137,N3-M5-Rtight,1,1,-0.01833334910435719,0.0,5.563336022323998,0.5366696552446015,0.5,-6.600005677568589,1,0,-1.0658141036401503e-14,0.116455078125
D2-N3-M5-Rloose-S1298,N3-M5-Rloose,5,2+,-0.018320242364760334,0.0,6.595287251313721,0.0,0.0,-6.595287251313721,0,0,0.0,0.11669921875
D2-N2-M5-Rloose-S1504,N2-M5-Rloose,3,2+,-0.0183011888826477,0.0,5.3073447759678345,0.0,0.0,-5.3073447759678345,0,0,0.0,0.116943359375
D2-N2-M5-Rtight-S1444,N2-M5-Rtight,2,2+,-0.018223749231476065,0.0,5.0319433147975055,0.25294396233055494,0.0,-5.284887277128059,0,0,-1.7763568394002505e-15,0.1171875
D2-N2-M5-Rtight-S1296,N2-M5-Rtight,1,1,-0.018199867903214817,0.0,5.457760713484282,0.5941917316730523,0.5,-6.55195244515734,1,0,6.217248937900877e-15,0.117431640625
D2-N2-M5-Rtight-S1326,N2-M5-Rtight,1,1,-0.018178273713304337,0.0,5.600887442134323,0.44329109465523886,0.5,-6.544178536789563,0,0,8.881784197001252e-16,0.11767578125
D2-N2-M5-Rtight-S1288,N2-M5-Rtight,1,1,-0.018169004201390837,0.0,6.040841512500706,0.0,0.5,-6.540841512500705,1,1,-8.881784197001252e-16,0.117919921875
D2-N2-M5-Rtight-S1195,N2-M5-Rtight,1,1,-0.018155134573550506,0.0,5.53788389452109,0.49796455195709166,0.5,-6.535848446478182,0,0,0.0,0.1181640625
D2-N2-M5-Rtight-S1220,N2-M5-Rtight,1,1,-0.0181375301654538,0.0,6.029510859563367,0.0,0.5,-6.529510859563366,1,1,-8.881784197001252e-16,0.118408203125
D2-N2-M3-Rloose-S1460,N2-M3-Rloose,3,2+,-0.018126949150989335,3.4141091357729607,7.0833074405005085,0.0,0.5,-4.169198304727544,1,0,-3.552713678800501e-15,0.11865234375
D2-N3-M5-Rtight-S1433,N3-M5-Rtight,2,2+,-0.018119917327705543,-2.4322305969850078,3.5206335597848444,-0.698088131735257,0.0,-5.254776025034609,0,0,1.3322676295501878e-14,0.118896484375
D2-N3-M3-Rloose-S1293,N3-M3-Rloose,3,2+,-0.018094488869546344,3.5405299410765707,7.202262381072231,0.0,0.5,-4.16173243999566,1,0,0.0,0.119140625
D2-N2-M5-Rtight-S1026,N2-M5-Rtight,1,1,-0.018063952832734508,0.0,5.567044101075172,0.43597891870924865,0.5,-6.503023019784422,0,0,8.881784197001252e-16,0.119384765625
D2-N3-M5-Rtight-S1237,N3-M5-Rtight,1,1,-0.01802542943273311,0.0,5.588594544610475,0.40056005117344173,0.5,-6.489154595783917,0,0,8.881784197001252e-16,0.11962890625
D2-N3-M5-Rtight-S1271,N3-M5-Rtight,1,1,-0.01800495689154007,0.0,5.533761702855456,0.4480227780989714,0.5,-6.481784480954426,0,0,-1.7763568394002505e-15,0.119873046875
D2-N3-M3-Rloose-S1190,N3-M3-Rloose,1,1,-0.01797662145923144,0.0,2.620844564051123,0.2554148694259079,0.0,-2.876259433477031,0,0,0.0,0.1201171875
D2-N2-M5-Rloose-S1421,N2-M5-Rloose,3,2+,-0.01796763179878863,0.0,5.362126269985854,1.1062211775780564,0.0,-6.468347447563914,-1,0,3.552713678800501e-15,0.120361328125
D2-N3-M3-Rloose-S1456,N3-M3-Rloose,4,2+,-0.017880529715993687,5.7221665853633965,9.334688420041935,0.0,0.5,-4.112521834678546,1,0,7.105427357601002e-15,0.12060546875
D2-N3-M3-Rloose-S1317,N3-M3-Rloose,3,2+,-0.017873043858351978,3.9858885933277293,7.596688680748681,0.0,0.5,-4.110800087420955,1,0,3.552713678800501e-15,0.120849609375
D2-N2-M5-Rtight-S1142,N2-M5-Rtight,1,1,-0.017860887639328592,0.0,5.929919550158294,0.0,0.5,-6.429919550158294,1,1,0.0,0.12109375
D2-N2-M3-Rloose-S1060,N2-M3-Rloose,3,2+,-0.01782719843871347,3.595756662344286,6.22775001239561,0.9682622908527729,0.5,-4.100255640904102,0,0,4.440892098500626e-15,0.121337890625
D2-N3-M5-Rtight-S1462,N3-M5-Rtight,1,1,-0.017819395499083707,0.0,5.571852293688634,0.34313008598150385,0.5,-6.4149823796701355,1,0,-2.6645352591003757e-15,0.12158203125
D2-N2-M3-Rloose-S1250,N2-M3-Rloose,1,1,-0.017769483282571268,0.0,2.584507696313528,0.2586096288978752,0.0,-2.843117325211403,0,0,0.0,0.121826171875
D2-N2-M3-Rtight-S1478,N2-M3-Rtight,1,1,-0.01776612768719382,0.0,2.6247807170065975,0.2177997129444148,0.0,-2.8425804299510116,0,0,-8.881784197001252e-16,0.1220703125
D2-N3-M5-Rtight-S1198,N3-M5-Rtight,2,2+,-0.017707489295798934,0.0,6.473858940478118,0.6403614567154106,0.5,-7.6142203971935345,1,0,5.329070518200751e-15,0.122314453125
D2-N2-M5-Rloose-S1114,N2-M5-Rloose,4,2+,-0.01767910580193724,0.0,6.364478088697403,0.0,0.0,-6.364478088697403,0,0,0.0,0.12255859375
D2-N3-M3-Rloose-S1088,N3-M3-Rloose,4,2+,-0.01764609224385144,4.423031389534316,9.21685906268975,0.0,0.5,-5.293827673155434,0,0,0.0,0.122802734375
D2-N2-M5-Rloose-S1230,N2-M5-Rloose,8,2+,-0.017641329231039678,7.444118633978292,15.029890203325358,0.0,0.0,-7.585771569347063,0,0,-3.552713678800501e-15,0.123046875
D2-N2-M5-Rloose-S1183,N2-M5-Rloose,2,2+,-0.017628012446946506,1.068245221754907,5.680368831369396,0.0,0.5,-5.112123609614489,0,0,0.0,0.123291015625
D2-N3-M5-Rtight-S1410,N3-M5-Rtight,3,2+,-0.017613639652809265,0.0,6.165825335472885,0.17508493953844462,0.0,-6.340910275011339,0,0,9.769962616701378e-15,0.12353515625
D2-N2-M5-Rloose-S1446,N2-M5-Rloose,4,2+,-0.017604702498275115,4.460894762078453,8.857206733735573,0.2090517528426853,0.5,-5.105363724499796,1,1,-9.769962616701378e-15,0.123779296875
D2-N3-M3-Rtight-S1096,N3-M3-Rtight,1,1,-0.01759259936132085,0.0,2.582708652056038,0.2321072457552935,0.0,-2.8148158978113287,0,0,-2.6645352591003757e-15,0.1240234375
D2-N2-M5-Rtight-S1411,N2-M5-Rtight,1,1,-0.017584829293094156,0.0,5.8305385455139085,0.0,0.5,-6.330538545513903,1,1,-5.329070518200751e-15,0.124267578125
D2-N3-M3-Rtight-S1255,N3-M3-Rtight,2,2+,-0.017583796161786285,0.0,5.275138848535885,0.0,0.0,-5.275138848535885,0,0,0.0,0.12451171875
D2-N3-M5-Rloose-S1236,N3-M5-Rloose,3,2+,-0.017575515353631485,-4.3358499837743025,0.23330793788831272,1.027741530890511,-0.5,-5.0968994525531315,-1,0,5.329070518200751e-15,0.124755859375
D2-N2-M3-Rloose-S1032,N2-M3-Rloose,1,1,-0.017558282510303808,-2.076125020104854,1.962279957265018,0.0,0.0,-4.038404977369872,0,0,0.0,0.125
D2-N2-M5-Rtight-S1123,N2-M5-Rtight,1,1,-0.017512739709216962,0.0,5.804586295318105,0.0,0.5,-6.304586295318103,1,1,-1.7763568394002505e-15,0.125244140625
D2-N3-M5-Rtight-S1164,N3-M5-Rtight,1,1,-0.01748287339329932,0.0,4.60816094446926,-0.03812766041245663,0.5,-5.070033284056805,1,1,1.7763568394002505e-15,0.12548828125
D2-N2-M5-Rloose-S1022,N2-M5-Rloose,2,2+,-0.017267248219092063,0.0,5.852429010624018,-0.13621965175087558,0.5,-6.216209358873144,0,0,1.7763568394002505e-15,0.125732421875
D2-N2-M5-Rloose-S1081,N2-M5-Rloose,4,2+,-0.01726306247274667,0.0,6.259983326123109,1.1631335371579592,0.0,-7.4231168632810665,0,1,-1.7763568394002505e-15,0.1259765625
D2-N2-M5-Rtight-S1476,N2-M5-Rtight,1,1,-0.017246481639803583,0.0,6.878936817478187,1.244304002423604,0.5,-8.623240819901792,0,0,0.0,0.126220703125
D2-N3-M3-Rtight-S1374,N3-M3-Rtight,1,1,-0.017240537936000944,4.395588321152829,5.796324019018588,0.8577503718943892,0.5,-2.7584860697601528,1,0,4.440892098500626e-15,0.12646484375
D2-N3-M3-Rtight-S1046,N3-M3-Rtight,1,1,-0.01721927205135282,4.384975651813832,5.782535029281411,0.8575241507488545,0.5,-2.7550835282164456,1,0,1.199040866595169e-14,0.126708984375
D2-N3-M5-Rloose-S1111,N3-M5-Rloose,2,2+,-0.017210684171996095,-0.11149597626297236,6.471058496645739,0.31803972104961176,0.5,-7.4005941939583195,0,0,-3.552713678800501e-15,0.126953125
D2-N3-M5-Rloose-S1213,N3-M5-Rloose,4,2+,-0.017206579564145563,0.0,6.150981956849876,0.04338668624251918,0.0,-6.194368643092403,0,0,8.881784197001252e-15,0.127197265625
D2-N2-M3-Rtight-S1018,N2-M3-Rtight,1,1,-0.017201612101880842,0.0,2.6158203476600113,0.1364375886409231,0.0,-2.7522579363009343,0,0,0.0,0.12744140625
D2-N3-M5-Rtight-S1210,N3-M5-Rtight,2,2+,-0.01708203171668765,0.0,6.710453197214747,0.13482044096093992,0.5,-7.345273638175684,0,0,-3.552713678800501e-15,0.127685546875
D2-N3-M3-Rtight-S1213,N3-M3-Rtight,2,2+,-0.01707165758643467,0.0,3.926481244879973,0.0,0.0,-3.926481244879973,0,0,0.0,0.1279296875
D2-N3-M5-Rloose-S1328,N3-M5-Rloose,4,2+,-0.016978886859715492,4.039621568117667,9.115795068487515,0.5362257691277574,0.5,-6.112399269497587,1,0,-1.7763568394002505e-14,0.128173828125
D2-N3-M5-Rloose-S1360,N3-M5-Rloose,2,2+,-0.016837468536302025,0.0,3.4497284447854426,0.2545146332009979,0.0,-3.7042430779864404,0,0,0.0,0.12841796875
D2-N2-M3-Rtight-S1161,N2-M3-Rtight,1,1,-0.016705726616498218,0.0,2.5841621922014006,0.08875406643832262,0.0,-2.6729162586397166,0,1,-6.661338147750939e-15,0.128662109375
D2-N2-M5-Rtight-S1218,N2-M5-Rtight,1,1,-0.01666915877337769,0.0,5.5008971584159685,0.0,0.5,-6.0008971584159685,0,0,0.0,0.12890625
D2-N3-M5-Rtight-S1019,N3-M5-Rtight,1,1,-0.016631715589052187,-2.2327203432641767,2.590477177560965,0.0,0.0,-4.823197520825133,0,0,-8.881784197001252e-15,0.129150390625
D2-N3-M3-Rtight-S1191,N3-M3-Rtight,2,2+,-0.016613365475782196,0.0,3.821074059429904,0.0,0.0,-3.821074059429904,0,0,0.0,0.12939453125
D2-N3-M5-Rloose-S1022,N3-M5-Rloose,5,2+,-0.016556643832019602,4.36963623562373,10.566633777556135,0.4223593058360273,0.5,-7.1193568477684295,2,0,-1.7763568394002505e-15,0.129638671875
D2-N2-M3-Rtight-S1263,N2-M3-Rtight,1,1,-0.016481698986608714,0.0,2.6370718378573947,0.0,0.0,-2.6370718378573947,0,0,0.0,0.1298828125
D2-N2-M5-Rtight-S1074,N2-M5-Rtight,1,1,-0.016391168870168785,0.0,6.548202614172579,0.0,0.5,-7.048202614172579,0,0,0.0,0.130126953125
D2-N3-M3-Rloose-S1422,N3-M3-Rloose,2,2+,-0.016213786958875154,4.5011344173411345,7.730305417882416,0.0,0.5,-3.7291710005412853,1,0,3.552713678800501e-15,0.13037109375
D2-N3-M5-Rloose-S1316,N3-M5-Rloose,3,2+,-0.016154729557965597,4.198306644983688,8.383178216793702,0.0,0.5,-4.684871571810021,1,0,7.105427357601002e-15,0.130615234375
D2-N2-M3-Rloose-S1258,N2-M3-Rloose,2,2+,-0.016142062412413227,4.079577970507046,7.2922523253620835,0.0,0.5,-3.7126743548550394,1,0,1.7763568394002505e-15,0.130859375
D2-N3-M3-Rloose-S1234,N3-M3-Rloose,2,2+,-0.01613136451143643,4.076453510709044,7.28666734833943,0.0,0.5,-3.710213837630377,1,0,-8.881784197001252e-15,0.131103515625
D2-N2-M3-Rtight-S1032,N2-M3-Rtight,2,2+,-0.01611207965130987,0.0,3.7057783198012704,0.0,0.0,-3.7057783198012704,0,0,0.0,0.13134765625
D2-N2-M3-Rtight-S1403,N2-M3-Rtight,1,1,-0.016109350125536465,0.0,2.5774960200858352,0.0,0.0,-2.5774960200858352,0,0,0.0,0.131591796875
D2-N2-M3-Rtight-S1041,N2-M3-Rtight,2,2+,-0.016044708122342967,0.0,3.690282868138885,0.0,0.0,-3.6902828681388833,0,0,-1.7763568394002505e-15,0.1318359375
D2-N2-M3-Rtight-S1436,N2-M3-Rtight,1,1,-0.016038227294290018,0.0,2.24968756318163,1.4391047145050728,0.0,-3.6887922776867033,0,0,4.440892098500626e-16,0.132080078125
D2-N3-M3-Rloose-S1162,N3-M3-Rloose,2,2+,-0.01601910215879704,4.438719152115453,7.62311264863877,0.0,0.5,-3.6843934965233274,1,0,1.0658141036401503e-14,0.13232421875
D2-N2-M3-Rloose-S1028,N2-M3-Rloose,3,2+,-0.01600937270241365,0.0,3.682155721555141,0.0,0.0,-3.682155721555141,0,0,0.0,0.132568359375
D2-N3-M5-Rtight-S1306,N3-M5-Rtight,1,1,-0.015962862952672047,0.0,5.598670752588124,0.7653603170608707,0.5,-6.864031069648988,0,0,-7.105427357601002e-15,0.1328125
D2-N3-M3-Rtight-S1423,N3-M3-Rtight,1,1,-0.015954553273290095,0.0,2.5527285237264135,0.0,0.0,-2.5527285237264152,0,0,1.7763568394002505e-15,0.133056640625
D2-N3-M3-Rtight-S1370,N3-M3-Rtight,2,2+,-0.015919812578066017,1.5780137094290438,4.1251837219196155,0.0,0.0,-2.547170012490568,0,0,-3.552713678800501e-15,0.13330078125
D2-N2-M3-Rloose-S1488,N2-M3-Rloose,2,2+,-0.015827300316472115,0.0,4.441711042209924,-0.1935209472682925,0.5,-4.748190094941634,0,0,2.6645352591003757e-15,0.133544921875
D2-N2-M3-Rloose-S1157,N2-M3-Rloose,3,2+,-0.015804212383753236,0.0,3.6349688482632416,0.0,0.0,-3.6349688482632416,0,0,0.0,0.1337890625
D2-N2-M5-Rloose-S1353,N2-M5-Rloose,3,2+,-0.015802349642155045,0.0,5.010683942076675,0.678161929099141,0.0,-5.688845871175815,0,0,-8.881784197001252e-16,0.134033203125
D2-N3-M3-Rloose-S1402,N3-M3-Rloose,2,2+,-0.015750818993757465,4.3527085087842465,7.475396877348475,0.0,0.5,-3.6226883685642264,1,0,-1.7763568394002505e-15,0.13427734375
D2-N2-M3-Rtight-S1413,N2-M3-Rtight,2,2+,-0.015703542913603923,0.0,3.0942421022886784,0.5175727678402211,0.0,-3.6118148701289012,-1,-1,1.7763568394002505e-15,0.134521484375
D2-N3-M5-Rloose-S1333,N3-M5-Rloose,4,2+,-0.01569480201381357,5.64306422115331,11.391829087093136,0.0,1.0,-6.748764865939847,2,0,2.1316282072803006e-14,0.134765625
D2-N3-M3-Rtight-S1019,N3-M3-Rtight,1,1,-0.015642494323228617,0.0,2.5027990917165788,0.0,0.0,-2.5027990917165788,0,0,0.0,0.135009765625
D2-N2-M5-Rtight-S1436,N2-M5-Rtight,1,1,-0.015642311996643954,0.0,5.452768279298648,0.7734258792582458,0.5,-6.726194158556893,1,0,0.0,0.13525390625
D2-N2-M3-Rloose-S1217,N2-M3-Rloose,3,2+,-0.015605500447043952,0.0,3.5892651028201072,0.0,0.0,-3.5892651028201072,0,0,0.0,0.135498046875
D2-N2-M5-Rtight-S1352,N2-M5-Rtight,1,1,-0.015588927958215482,0.0,5.453613692011816,0.7496253300208368,0.5,-6.703239022032648,1,0,-4.440892098500626e-15,0.1357421875
D2-N3-M3-Rtight-S1067,N3-M3-Rtight,1,1,-0.015574219356641467,0.0,2.4918750970626338,0.0,0.0,-2.4918750970626355,0,0,1.7763568394002505e-15,0.135986328125
D2-N3-M3-Rtight-S1219,N3-M3-Rtight,1,1,-0.015553627251205598,0.0,2.488580360192895,0.0,0.0,-2.488580360192895,0,0,0.0,0.13623046875
D2-N2-M3-Rloose-S1465,N2-M3-Rloose,3,2+,-0.01555008180741424,0.0,3.5765188157052776,0.0,0.0,-3.5765188157052776,0,0,0.0,0.136474609375
D2-N3-M5-Rloose-S1479,N3-M5-Rloose,3,2+,-0.015548713492292698,4.06349790873486,8.07262482149974,0.0,0.5,-4.509126912764884,1,0,3.552713678800501e-15,0.13671875
D2-N2-M3-Rloose-S1440,N2-M3-Rloose,3,2+,-0.015527521501405017,0.0,3.571329945323157,0.0,0.0,-3.571329945323157,0,0,0.0,0.136962890625
D2-N2-M5-Rloose-S1488,N2-M5-Rloose,2,2+,-0.015511701868209993,0.0,2.7914166613047477,0.621157749701456,0.0,-3.4125744110062044,0,0,8.881784197001252e-16,0.13720703125
D2-N3-M3-Rtight-S1153,N3-M3-Rtight,2,2+,-0.015507078628737403,0.0,3.5666280846096123,0.0,0.0,-3.5666280846096043,0,0,-7.993605777301127e-15,0.137451171875
D2-N2-M5-Rtight-S1219,N2-M5-Rtight,1,1,-0.015388857319309557,0.0,5.611018794043375,0.5061898532597571,0.5,-6.617208647303116,1,0,-1.5987211554602254e-14,0.1376953125
D2-N3-M5-Rloose-S1082,N3-M5-Rloose,4,2+,-0.015388164345833566,4.02147983719351,9.061219001693587,0.0,0.5,-5.539739164500091,1,0,1.4210854715202004e-14,0.137939453125
D2-N3-M3-Rloose-S1396,N3-M3-Rloose,3,2+,-0.015372056066014661,4.144450604200699,8.25606742400511,0.0,0.5,-4.6116168198043965,1,0,-1.4210854715202004e-14,0.13818359375
D2-N2-M5-Rloose-S1229,N2-M5-Rloose,3,2+,-0.015353940953759415,0.0,4.547335799974036,0.9800829433793647,0.0,-5.527418743353394,0,0,-7.105427357601002e-15,0.138427734375
D2-N3-M5-Rloose-S1026,N3-M5-Rloose,3,2+,-0.015317743118575505,0.0,4.559036135969571,-0.11689063158266444,0.0,-4.4421455043869,0,0,-6.217248937900877e-15,0.138671875
D2-N3-M5-Rtight-S1235,N3-M5-Rtight,1,1,-0.015315675357148187,0.0,6.0857404035737215,0.0,0.5,-6.5857404035737215,1,1,0.0,0.138916015625
D2-N3-M3-Rtight-S1504,N3-M3-Rtight,2,2+,-0.015271205702484053,0.10076568453075652,3.769963147522917,-0.15682015142082817,0.0,-3.512377311571335,0,0,2.220446049250313e-15,0.13916015625
D2-N2-M5-Rtight-S1293,N2-M5-Rtight,1,1,-0.015268736254334975,-2.9334092578654776,2.5220193428946125,0.0413164508005015,0.0,-5.496745051560588,0,0,-3.552713678800501e-15,0.139404296875
D2-N3-M5-Rtight-S1247,N3-M5-Rtight,2,2+,-0.0152240295357787,-1.9428529831951948,3.5377976496851353,0.0,0.0,-5.480650632880334,0,0,3.552713678800501e-15,0.1396484375
D2-N3-M3-Rloose-S1482,N3-M3-Rloose,2,2+,-0.015203763492221523,4.177324430480013,7.174190033690969,0.0,0.5,-3.4968656032109493,1,0,-7.105427357601002e-15,0.139892578125
D2-N3-M3-Rtight-S1105,N3-M3-Rtight,2,2+,-0.015143304750904037,0.0,2.9235897014893357,0.5593703912185924,0.0,-3.482960092707927,-1,-1,-1.3322676295501878e-15,0.14013671875
D2-N3-M5-Rloose-S1476,N3-M5-Rloose,3,2+,-0.015142235521896363,3.8171855824847967,7.708433883834729,0.0,0.5,-4.391248301349947,1,0,1.4210854715202004e-14,0.140380859375
D2-N3-M3-Rtight-S1173,N3-M3-Rtight,2,2+,-0.015140254694318372,0.0,3.4822585796932284,0.0,0.0,-3.4822585796932266,0,0,-1.7763568394002505e-15,0.140625
D2-N3-M5-Rtight-S1417,N3-M5-Rtight,1,1,-0.015136249779765298,0.0,5.416096180309564,0.5924912249894831,0.5,-6.5085874052990675,1,0,2.042810365310288e-14,0.140869140625
D2-N2-M5-Rloose-S1493,N2-M5-Rloose,3,2+,-0.015094070695247513,0.0,4.973369148905391,0.4604963013837131,0.0,-5.433865450289105,0,0,0.0,0.14111328125
D2-N2-M3-Rloose-S1054,N2-M3-Rloose,2,2+,-0.015090294335242449,4.024467172557266,6.995234869663028,0.0,0.5,-3.470767697105771,1,0,8.881784197001252e-15,0.141357421875
D2-N2-M5-Rloose-S1385,N2-M5-Rloose,3,2+,-0.01507848001092274,0.0,4.9458039867193975,0.4824488172127914,0.0,-5.428252803932189,0,0,0.0,0.1416015625
D2-N2-M3-Rloose-S1278,N2-M3-Rloose,2,2+,-0.014988607185326852,4.108346071848899,7.055725724474071,0.0,0.5,-3.4473796526251803,1,0,8.881784197001252e-15,0.141845703125
D2-N2-M3-Rloose-S1506,N2-M3-Rloose,2,2+,-0.014981650536193714,4.106115794495182,7.051895417819731,0.0,0.5,-3.4457796233245546,1,0,5.329070518200751e-15,0.14208984375
D2-N2-M3-Rloose-S1047,N2-M3-Rloose,2,2+,-0.014915310092785405,0.0,2.386449614845663,0.0,0.0,-2.3864496148456666,0,0,3.552713678800501e-15,0.142333984375
D2-N2-M3-Rloose-S1262,N2-M3-Rloose,2,2+,-0.014893392792333926,3.71488792174182,6.64036826397863,0.0,0.5,-3.42548034223681,1,0,0.0,0.142578125
D2-N3-M5-Rloose-S1473,N3-M5-Rloose,4,2+,-0.014878841643868157,0.0,5.356382991792529,0.0,0.0,-5.356382991792529,0,0,0.0,0.142822265625
D2-N3-M5-Rtight-S1132,N3-M5-Rtight,2,2+,-0.014852539746100825,0.0,5.214216701588008,0.13269760700828703,0.0,-5.346914308596297,0,0,1.7763568394002505e-15,0.14306640625
D2-N3-M5-Rloose-S1378,N3-M5-Rloose,4,2+,-0.01483077669354066,4.253811295837977,9.092890905512597,0.0,0.5,-5.339079609674627,1,0,7.105427357601002e-15,0.143310546875
D2-N2-M5-Rloose-S1061,N2-M5-Rloose,3,2+,-0.014753850387069195,0.0,4.931917124785919,0.3794690145589916,0.0,-5.311386139344911,0,0,8.881784197001252e-16,0.1435546875
D2-N3-M3-Rloose-S1488,N3-M3-Rloose,2,2+,-0.014747785474847994,0.0,3.1684596442906674,0.22353101492437277,0.0,-3.3919906592150397,0,0,-4.440892098500626e-16,0.143798828125
D2-N2-M5-Rtight-S1502,N2-M5-Rtight,2,2+,-0.014728630896184647,0.0,3.7240471482112962,0.5472558116822488,0.0,-4.271302959893546,0,0,1.7763568394002505e-15,0.14404296875
D2-N2-M3-Rloose-S1101,N2-M3-Rloose,3,2+,-0.014688921249498804,0.0,3.3784518873847205,0.0,0.0,-3.3784518873847205,0,0,0.0,0.144287109375
D2-N3-M5-Rloose-S1434,N3-M5-Rloose,5,2+,-0.014658762551717663,9.637346001836988,13.914500520455341,0.0,1.0,-5.27715451861836,2,0,7.105427357601002e-15,0.14453125
D2-N2-M5-Rtight-S1464,N2-M5-Rtight,3,2+,-0.014548575197191473,0.0,6.255887334792334,0.0,0.0,-6.255887334792334,0,0,0.0,0.144775390625
D2-N2-M3-Rloose-S1236,N2-M3-Rloose,3,2+,-0.014470258199367508,0.0,3.3281593858545264,0.0,0.0,-3.3281593858545264,0,0,0.0,0.14501953125
D2-N2-M5-Rloose-S1009,N2-M5-Rloose,4,2+,-0.014430518872444703,0.0,7.215259436222354,0.0,0.0,-7.215259436222354,0,0,0.0,0.145263671875
D2-N2-M5-Rtight-S1183,N2-M5-Rtight,2,2+,-0.014413273566372578,0.0,5.0975281811559725,0.09125030273815626,0.0,-5.188778483894129,1,1,8.881784197001252e-16,0.1455078125
D2-N2-M3-Rloose-S1226,N2-M3-Rloose,1,1,-0.014357972739391545,0.0,1.2922175465452383,0.0,0.0,-1.2922175465452383,0,0,0.0,0.145751953125
D2-N3-M5-Rtight-S1364,N3-M5-Rtight,3,2+,-0.014328470028124977,0.0,5.910998211415706,0.25024390067803415,0.0,-6.161242112093742,0,0,1.7763568394002505e-15,0.14599609375
D2-N3-M5-Rtight-S1363,N3-M5-Rtight,1,1,-0.01432403294453416,0.0,4.744130221430236,-0.0874783613979373,0.5,-5.156651860032298,0,0,-8.881784197001252e-16,0.146240234375
D2-N2-M3-Rloose-S1177,N2-M3-Rloose,3,2+,-0.014291474077676142,0.0,3.2870390378655117,0.0,0.0,-3.2870390378655117,0,0,0.0,0.146484375
D2-N3-M3-Rloose-S1008,N3-M3-Rloose,3,2+,-0.014206490979764896,4.091409069212602,7.853356363142073,0.0,0.5,-4.261947293929467,1,0,-3.552713678800501e-15,0.146728515625
D2-N3-M5-Rtight-S1104,N3-M5-Rtight,3,2+,-0.014175053820783434,0.0,6.198113701969461,-0.10284055903260159,0.0,-6.095273142936875,-1,0,1.5987211554602254e-14,0.14697265625
D2-N2-M3-Rloose-S1436,N2-M3-Rloose,2,2+,-0.014154312316284112,0.0,3.1139511875296044,0.14154064521573362,0.0,-3.2554918327453493,0,0,1.1102230246251565e-14,0.147216796875
D2-N2-M5-Rloose-S1018,N2-M5-Rloose,4,2+,-0.014151784144761675,0.0,5.0946422921141945,0.0,0.0,-5.0946422921141945,0,0,0.0,0.1474609375
D2-N2-M5-Rloose-S1481,N2-M5-Rloose,3,2+,-0.014142833192247684,0.0,4.903774197674942,0.1876457515341987,0.0,-5.091419949209154,-1,0,1.4210854715202004e-14,0.147705078125
D2-N3-M3-Rloose-S1254,N3-M3-Rloose,2,2+,-0.014122590867303664,3.8307042726046916,6.578900172084534,0.0,0.5,-3.248195899479846,1,0,3.552713678800501e-15,0.14794921875
D2-N2-M3-Rloose-S1171,N2-M3-Rloose,1,1,-0.014117559383276829,2.743868670920868,4.502678172245158,0.0,0.5,-2.2588095013242935,1,0,3.552713678800501e-15,0.148193359375
D2-N2-M5-Rloose-S1209,N2-M5-Rloose,5,2+,-0.014088999098036917,0.0,4.545669768400213,1.0263699068930705,-0.5,-5.07203967529329,-1,0,6.217248937900877e-15,0.1484375
D2-N2-M3-Rloose-S1471,N2-M3-Rloose,2,2+,-0.014036421171612412,0.0,2.2458273874579824,0.0,0.0,-2.245827387457986,0,0,3.552713678800501e-15,0.148681640625
D2-N2-M5-Rloose-S1193,N2-M5-Rloose,2,2+,-0.014006302498889955,-2.1491037933149357,2.893165106285455,0.0,0.0,-5.042268899600387,0,0,-3.552713678800501e-15,0.14892578125
D2-N2-M5-Rtight-S1330,N2-M5-Rtight,2,2+,-0.013954272530808332,0.0,3.766438108592588,0.2803009253418163,0.0,-4.046739033934415,0,0,1.0658141036401503e-14,0.149169921875
D2-N3-M3-Rloose-S1175,N3-M3-Rloose,1,1,-0.013931975599553725,0.0,2.2291160959285907,0.0,0.0,-2.229116095928589,0,0,-1.7763568394002505e-15,0.1494140625
D2-N3-M5-Rloose-S1450,N3-M5-Rloose,5,2+,-0.013918854829759183,1.371019159647723,7.110935176138355,0.245191560305817,0.0,-5.985107576796449,0,0,0.0,0.149658203125
D2-N2-M5-Rtight-S1325,N2-M5-Rtight,1,1,-0.013892956261987555,-2.3362180127132888,2.6652238840489737,2.235755327473221e-05,0.0,-5.001464254315522,0,0,-1.509903313490213e-14,0.14990234375
D2-N3-M3-Rloose-S1477,N3-M3-Rloose,3,2+,-0.013864020023539453,0.0,3.188724605414073,0.0,0.0,-3.188724605414073,0,0,0.0,0.150146484375
D2-N2-M5-Rloose-S1145,N2-M5-Rloose,3,2+,-0.013822624267308709,0.0,4.976144736231134,0.0,0.0,-4.976144736231134,0,0,0.0,0.150390625
D2-N3-M5-Rloose-S1446,N3-M5-Rloose,4,2+,-0.013806321836217939,4.249788283985708,9.02265758371081,-0.30259343868662825,0.5,-4.970275861038459,1,0,-1.4210854715202004e-14,0.150634765625
D2-N2-M5-Rtight-S1065,N2-M5-Rtight,1,1,-0.013793196643253541,-2.4131967581181044,2.546014834058413,0.006339199394751915,0.0,-4.965550791571275,0,0,5.329070518200751e-15,0.15087890625
D2-N3-M3-Rloose-S1148,N3-M3-Rloose,3,2+,-0.013760845115749681,0.0,3.164994376622424,0.0,0.0,-3.164994376622424,0,0,0.0,0.151123046875
D2-N2-M3-Rloose-S1472,N2-M3-Rloose,2,2+,-0.013754907361788138,0.0,2.991051753425282,0.17257693978599242,0.0,-3.1636286932112725,0,0,-1.7763568394002505e-15,0.1513671875
D2-N2-M3-Rloose-S1395,N2-M3-Rloose,1,1,-0.01369126311267227,0.0,2.190602098027563,0.0,0.0,-2.1906020980275613,0,0,-1.7763568394002505e-15,0.151611328125
D2-N3-M5-Rtight-S1339,N3-M5-Rtight,2,2+,-0.01364398654770349,0.0,4.7078223209165095,-0.7510662220825007,0.0,-3.9567560988340063,0,1,-2.6645352591003757e-15,0.15185546875
D2-N3-M5-Rloose-S1263,N3-M5-Rloose,3,2+,-0.013570888365561432,3.3435419834723916,6.779099609485208,0.0,0.5,-3.935557626012816,1,0,0.0,0.152099609375
D2-N2-M3-Rloose-S1173,N2-M3-Rloose,2,2+,-0.013563862265357829,0.0,3.1196883210322977,0.0,0.0,-3.1196883210322994,0,0,1.7763568394002505e-15,0.15234375
D2-N2-M5-Rloose-S1070,N2-M5-Rloose,6,2+,-0.01355889836854686,3.79129134309413,9.62161764156928,0.0,0.0,-5.83032629847515,0,0,0.0,0.152587890625
D2-N3-M3-Rloose-S1046,N3-M3-Rloose,3,2+,-0.013539705384730344,6.784507308973815,8.450860170530664,0.0,0.5,-2.1663528615568524,1,0,3.552713678800501e-15,0.15283203125
D2-N2-M3-Rloose-S1116,N2-M3-Rloose,4,2+,-0.013476102183621386,2.144958014900567,5.244461517133466,0.0,0.0,-3.0995035022329063,0,0,7.105427357601002e-15,0.153076171875
D2-N2-M5-Rloose-S1077,N2-M5-Rloose,3,2+,-0.01344859446189789,0.0,6.113959458595531,-1.2724654523122887,0.0,-4.8414940062832414,0,0,-8.881784197001252e-16,0.1533203125
D2-N2-M5-Rloose-S1332,N2-M5-Rloose,3,2+,-0.013426300854113157,5.618409409790303,8.840997086252624,0.17103957123049174,0.5,-3.893627247692816,1,0,2.6645352591003757e-15,0.153564453125
D2-N3-M5-Rtight-S1285,N3-M5-Rtight,1,1,-0.01342024612472087,-2.261523450874961,2.5697651540245303,0.0,0.0,-4.831288604899498,0,0,7.105427357601002e-15,0.15380859375
D2-N2-M3-Rtight-S1176,N2-M3-Rtight,1,1,-0.013384200767341758,-3.142781492774816,0.8708362748138345,0.0016424626138658027,0.0,-4.015260230202529,0,0,1.2434497875801753e-14,0.154052734375
D2-N2-M5-Rtight-S1201,N2-M5-Rtight,1,1,-0.013357519729631673,-3.14244808633876,2.55506408181437,0.046221315588509615,0.0,-5.743733483741636,0,0,-3.552713678800501e-15,0.154296875
D2-N2-M3-Rloose-S1340,N2-M3-Rloose,2,2+,-0.013265234037199286,0.0,3.0510038285558387,0.0,0.0,-3.051003828555835,0,0,-3.552713678800501e-15,0.154541015625
D2-N3-M5-Rloose-S1252,N3-M5-Rloose,3,2+,-0.013249288000074078,4.258972444536482,8.528716124563132,0.0,0.5,-4.769743680026664,1,0,1.4210854715202004e-14,0.15478515625
D2-N2-M3-Rtight-S1172,N2-M3-Rtight,1,1,-0.013235120390002741,0.0,2.5057869453843082,0.5382907443163159,0.0,-3.0440776897006288,0,0,4.440892098500626e-15,0.155029296875
D2-N2-M5-Rloose-S1025,N2-M5-Rloose,3,2+,-0.013207947371037587,0.0,4.095060309641177,0.6598007439323479,0.0,-4.754861053573535,-1,0,1.0658141036401503e-14,0.1552734375
D2-N2-M3-Rtight-S1356,N2-M3-Rtight,1,1,-0.013190255222343683,0.0,2.579936763655528,0.45382193748351674,0.0,-3.0337587011390497,0,0,4.884981308350689e-15,0.155517578125
D2-N3-M3-Rtight-S1332,N3-M3-Rtight,2,2+,-0.013174743364673128,0.0,3.95242300940194,0.0,0.0,-3.95242300940194,0,0,0.0,0.15576171875
D2-N3-M5-Rtight-S1113,N3-M5-Rtight,2,2+,-0.013171812138702978,0.0,5.045488733055855,0.6183904865864254,0.0,-5.663879219642279,0,0,-8.881784197001252e-16,0.156005859375
D2-N3-M5-Rtight-S1186,N3-M5-Rtight,2,2+,-0.013162391511185721,0.0,6.363721099463708,-0.2825253438708486,0.5,-6.58119575559286,0,0,8.881784197001252e-16,0.15625
D2-N3-M3-Rloose-S1267,N3-M3-Rloose,2,2+,-0.013138162684095955,0.0,3.0217774173420757,0.0,0.0,-3.0217774173420757,0,0,0.0,0.156494140625
D2-N2-M3-Rtight-S1049,N2-M3-Rtight,1,1,-0.013089627571439277,0.0,2.5213316416049807,0.4892826998260634,0.0,-3.0106143414310367,0,0,-7.549516567451064e-15,0.15673828125
D2-N2-M5-Rloose-S1253,N2-M5-Rloose,3,2+,-0.013050090354321031,0.0,4.823297395264362,0.788241457093638,0.0,-5.611538852358024,0,0,2.398081733190338e-14,0.156982421875
D2-N2-M3-Rtight-S1118,N2-M3-Rtight,2,2+,-0.013048690524719651,0.0,3.914607157415894,0.0,0.0,-3.9146071574158956,0,0,1.7763568394002505e-15,0.1572265625
D2-N2-M3-Rtight-S1488,N2-M3-Rtight,1,1,-0.012945312981959771,0.0,2.570036225482088,0.40738576036866025,0.0,-2.9774219858507482,0,0,0.0,0.157470703125
D2-N2-M3-Rloose-S1312,N2-M3-Rloose,3,2+,-0.012943597960216865,0.0,3.8830793880650596,0.0,0.0,-3.883079388065063,0,0,3.552713678800501e-15,0.15771484375
D2-N2-M5-Rloose-S1115,N2-M5-Rloose,2,2+,-0.012934587624079286,0.0,4.511964633744487,0.14448691092403987,0.0,-4.656451544668542,0,0,1.509903313490213e-14,0.157958984375
D2-N2-M5-Rloose-S1454,N2-M5-Rloose,4,2+,-0.012921062701083952,5.7509141925363,9.58566287687843,0.3168338880480739,0.5,-4.651582572390211,1,0,6.217248937900877e-15,0.158203125
D2-N3-M3-Rloose-S1171,N3-M3-Rloose,2,2+,-0.012916942528543779,0.0,2.9708967815650666,0.0,0.0,-2.9708967815650666,0,0,0.0,0.158447265625
D2-N2-M5-Rloose-S1449,N2-M5-Rloose,2,2+,-0.012915181891552552,-1.969618789184949,2.6798466917739923,0.0,0.0,-4.649465480958938,0,0,-3.552713678800501e-15,0.15869140625
D2-N3-M5-Rloose-S1036,N3-M5-Rloose,3,2+,-0.01290692671465013,0.0,3.7430087472485276,0.0,0.0,-3.743008747248531,0,0,3.552713678800501e-15,0.158935546875
D2-N2-M5-Rloose-S1221,N2-M5-Rloose,3,2+,-0.012876878880226483,0.0,4.830594387790494,0.7064635307068863,0.0,-5.537057918497382,0,0,1.7763568394002505e-15,0.1591796875
D2-N2-M3-Rloose-S1209,N2-M3-Rloose,2,2+,-0.012838945820107861,0.0,2.9529575386248137,0.0,0.0,-2.9529575386248084,0,0,-5.329070518200751e-15,0.159423828125
D2-N3-M5-Rtight-S1246,N3-M5-Rtight,3,2+,-0.012824128745653633,0.0,4.616686348435309,0.0,0.0,-4.616686348435309,0,0,0.0,0.15966796875
D2-N3-M3-Rtight-S1188,N3-M3-Rtight,1,1,-0.01282139358789064,0.0,2.496532567947636,0.45238795726722036,0.0,-2.948920525214845,0,0,-1.1102230246251565e-14,0.159912109375
D2-N2-M5-Rloose-S1346,N2-M5-Rloose,3,2+,-0.012771142098194216,0.0,3.7036312084763203,0.0,0.0,-3.703631208476324,0,0,3.552713678800501e-15,0.16015625
D2-N2-M5-Rloose-S1245,N2-M5-Rloose,3,2+,-0.012759522648578048,0.0,5.172827004273842,0.3137677346147112,0.0,-5.486594738888556,0,0,3.552713678800501e-15,0.160400390625
D2-N2-M5-Rloose-S1453,N2-M5-Rloose,2,2+,-0.012739553266325448,0.0,4.420250937363264,0.1659882385139011,0.0,-4.586239175877161,0,0,-3.552713678800501e-15,0.16064453125
D2-N3-M5-Rtight-S1509,N3-M5-Rtight,1,1,-0.012737666885361654,-4.291220268687425,0.6716525042693426,0.5143239877487147,0.0,-5.47719676070551,0,0,2.7533531010703882e-14,0.160888671875
D2-N3-M5-Rloose-S1396,N3-M5-Rloose,3,2+,-0.01268551848194499,4.082307641329692,8.1490942948299,0.0,0.5,-4.566786653500202,1,0,-7.105427357601002e-15,0.1611328125
D2-N2-M5-Rloose-S1307,N2-M5-Rloose,2,2+,-0.012672344931258933,0.0,3.4292074278114875,0.24577260225360076,0.0,-3.674980030065086,0,0,-2.220446049250313e-15,0.161376953125
D2-N2-M5-Rloose-S1041,N2-M5-Rloose,3,2+,-0.01260740908261665,0.0,4.970052437995278,0.4511334675298837,0.0,-5.421185905525157,0,0,-5.329070518200751e-15,0.16162109375
D2-N2-M3-Rloose-S1473,N2-M3-Rloose,2,2+,-0.012598367768153929,0.0,2.8976245866754056,0.0,0.0,-2.8976245866754056,0,0,0.0,0.161865234375
D2-N2-M5-Rloose-S1425,N2-M5-Rloose,3,2+,-0.012578337497140837,0.0,4.8450998314435765,0.5635852923269846,0.0,-5.40868512377056,0,0,-8.881784197001252e-16,0.162109375
D2-N3-M5-Rloose-S1079,N3-M5-Rloose,3,2+,-0.012551888516222742,4.06275684829393,8.081436714134128,0.0,0.5,-4.518679865840198,1,0,0.0,0.162353515625
D2-N2-M5-Rloose-S1137,N2-M5-Rloose,3,2+,-0.012542951232116767,0.0,4.646458587981236,-0.13099614441920115,0.0,-4.515462443562029,0,0,-5.329070518200751e-15,0.16259765625
D2-N2-M5-Rloose-S1210,N2-M5-Rloose,4,2+,-0.012540384943627692,4.437177332596605,8.057073506562134,0.3946424057404323,0.5,-4.51453857970597,0,0,8.881784197001252e-15,0.162841796875
D2-N2-M3-Rtight-S1503,N2-M3-Rtight,1,1,-0.012499102323341671,-2.2589810620894752,0.8196767797022897,-0.20386430742318595,0.0,-2.874793534368578,0,0,-8.881784197001252e-16,0.1630859375
D2-N3-M3-Rloose-S1447,N3-M3-Rloose,2,2+,-0.012446872257544622,0.0,2.86278061923527,0.0,0.0,-2.8627806192352665,0,0,-3.552713678800501e-15,0.163330078125
D2-N2-M5-Rloose-S1441,N2-M5-Rloose,4,2+,-0.012445628820108717,0.0,5.215591680322589,0.6360287123241553,-0.5,-5.351620392646744,-1,0,0.0,0.16357421875
D2-N2-M3-Rtight-S1473,N2-M3-Rtight,1,1,-0.012439909185425535,0.0,2.6246547387088963,0.23652437393897086,0.0,-2.861179112647875,0,0,7.993605777301127e-15,0.163818359375
D2-N3-M3-Rtight-S1334,N3-M3-Rtight,1,1,-0.012429425364754103,0.0,2.603376113294171,0.2553917205992728,0.0,-2.858767833893444,0,0,4.440892098500626e-16,0.1640625
D2-N2-M3-Rtight-S1209,N2-M3-Rtight,1,1,-0.012412302638268861,0.0,2.5824308176742257,0.2723987891276147,0.0,-2.8548296068018395,0,0,-8.881784197001252e-16,0.164306640625
D2-N2-M5-Rloose-S1423,N2-M5-Rloose,3,2+,-0.012409153996156164,0.0,3.5986546588852732,0.0,0.0,-3.5986546588852804,0,0,7.105427357601002e-15,0.16455078125
D2-N3-M5-Rloose-S1112,N3-M5-Rloose,3,2+,-0.012402141084784879,4.277759718112691,8.242530508635234,0.0,0.5,-4.46477079052255,1,0,7.105427357601002e-15,0.164794921875
D2-N3-M5-Rloose-S1191,N3-M5-Rloose,3,2+,-0.012367430866026263,3.917677861345055,7.869952973114515,0.0,0.5,-4.452275111769467,1,0,7.105427357601002e-15,0.1650390625
D2-N3-M3-Rloose-S1432,N3-M3-Rloose,2,2+,-0.012333061514411159,0.0,2.8366041483145743,0.0,0.0,-2.8366041483145708,0,0,-3.552713678800501e-15,0.165283203125
D2-N2-M5-Rloose-S1301,N2-M5-Rloose,3,2+,-0.012312454774340953,0.0,4.945249764195427,0.34910578877118725,0.0,-5.294355552966621,0,0,7.105427357601002e-15,0.16552734375
D2-N3-M5-Rtight-S1023,N3-M5-Rtight,2,2+,-0.012309026782271124,0.0,3.569617766858622,0.0,0.0,-3.5696177668586238,0,0,1.7763568394002505e-15,0.165771484375
D2-N2-M3-Rtight-S1285,N2-M3-Rtight,1,1,-0.012292075683049297,0.0,2.6959073280541475,0.13127007904720323,0.0,-2.8271774071013454,0,0,-5.329070518200751e-15,0.166015625
D2-N3-M5-Rloose-S1233,N3-M5-Rloose,4,2+,-0.012269502452134484,0.0,4.417020882768405,0.0,0.0,-4.417020882768412,0,0,7.105427357601002e-15,0.166259765625
D2-N2-M5-Rtight-S1350,N2-M5-Rtight,0,0,-0.012249097784815616,0.0,5.125017722386366,-0.35790567491564784,0.5,-5.267112047470718,1,0,-8.881784197001252e-16,0.16650390625
D2-N2-M5-Rtight-S1122,N2-M5-Rtight,1,1,-0.01219814818870918,0.0,5.599074094354595,0.0,0.5,-6.099074094354592,1,1,-3.552713678800501e-15,0.166748046875
D2-N3-M5-Rloose-S1219,N3-M5-Rloose,3,2+,-0.012178406402963138,3.8882751190011504,7.772501424067876,0.0,0.5,-4.384226305066733,1,0,7.105427357601002e-15,0.1669921875
D2-N2-M3-Rloose-S1204,N2-M3-Rloose,2,2+,-0.012170955991837873,0.0,1.9473529586940614,0.0,0.0,-1.9473529586940614,0,0,0.0,0.167236328125
D2-N2-M5-Rtight-S1062,N2-M5-Rtight,2,2+,-0.012169000523627543,3.973370267861881,7.854210456367797,0.0,0.5,-4.380840188505914,1,1,-1.7763568394002505e-15,0.16748046875
D2-N2-M3-Rtight-S1364,N2-M3-Rtight,1,1,-0.012146890507022778,0.0,2.5849412227565622,0.2088435938586679,0.0,-2.7937848166152435,0,0,1.3322676295501878e-14,0.167724609375
D2-N2-M3-Rtight-S1484,N2-M3-Rtight,2,2+,-0.012140695398565493,0.0,3.6422086195696473,0.0,0.0,-3.6422086195696437,0,0,-3.552713678800501e-15,0.16796875
D2-N2-M3-Rtight-S1368,N2-M3-Rtight,2,2+,-0.012109266400055808,0.0,3.632779920016743,0.0,0.0,-3.632779920016743,0,0,0.0,0.168212890625
D2-N3-M3-Rtight-S1002,N3-M3-Rtight,1,1,-0.012066288973850856,0.0,2.538606480671291,0.23663998331440583,0.0,-2.7752464639856966,0,0,0.0,0.16845703125
D2-N3-M5-Rloose-S1220,N3-M5-Rloose,3,2+,-0.012060740220038946,4.156012736188444,7.99787921540247,0.0,0.5,-4.341866479214019,1,0,-7.105427357601002e-15,0.168701171875
D2-N2-M5-Rloose-S1148,N2-M5-Rloose,3,2+,-0.012060424328871167,0.9315580988978844,4.4290811542705235,0.0,0.0,-3.497523055372639,0,0,0.0,0.1689453125
D2-N2-M5-Rloose-S1313,N2-M5-Rloose,3,2+,-0.012043063591682668,0.0,4.335502893005756,0.0,0.0,-4.33550289300576,0,0,3.552713678800501e-15,0.169189453125
D2-N3-M5-Rtight-S1167,N3-M5-Rtight,2,2+,-0.012035714785496844,0.0,3.490357287794085,0.0,0.0,-3.490357287794083,0,0,-1.7763568394002505e-15,0.16943359375
D2-N3-M3-Rtight-S1228,N3-M3-Rtight,1,1,-0.012035532386816206,4.420286548151239,5.8095397436558365,0.8789192534631384,0.5,-2.768172448967732,1,0,-3.552713678800501e-15,0.169677734375
D2-N2-M3-Rloose-S1132,N2-M3-Rloose,3,2+,-0.012020620968686058,0.0,3.6061862906058195,0.0,0.0,-3.6061862906058195,0,0,0.0,0.169921875
D2-N3-M5-Rtight-S1452,N3-M5-Rtight,2,2+,-0.012012041340211582,0.0,3.48349198866136,0.0,0.0,-3.48349198866136,0,0,0.0,0.170166015625
D2-N3-M5-Rtight-S1288,N3-M5-Rtight,2,2+,-0.011979155817250176,0.0,3.473955187002545,0.0,0.0,-3.473955187002545,0,0,0.0,0.17041015625
D2-N3-M3-Rloose-S1029,N3-M3-Rloose,3,2+,-0.011867056745077265,1.089942866182625,3.819365917550396,0.0,0.0,-2.729423051367771,0,0,0.0,0.170654296875
D2-N2-M3-Rloose-S1492,N2-M3-Rloose,2,2+,-0.011866361424368865,0.0,1.8986178278990238,0.0,0.0,-1.8986178278990238,0,0,0.0,0.1708984375
D2-N3-M5-Rloose-S1138,N3-M5-Rloose,4,2+,-0.011851772896420865,3.850974781477646,8.447237126938631,0.0,0.5,-5.096262345460971,1,0,-1.4210854715202004e-14,0.171142578125
D2-N2-M5-Rloose-S1236,N2-M5-Rloose,3,2+,-0.011850813611714056,0.0,5.0079610748778265,-0.7416681746607665,0.0,-4.26629290021706,0,0,0.0,0.17138671875
D2-N3-M5-Rloose-S1338,N3-M5-Rloose,3,2+,-0.011826034047208972,3.357674682300498,6.073713456790237,1.0413334825054927,0.5,-4.257372256995232,0,0,0.0,0.171630859375
D2-N2-M5-Rloose-S1054,N2-M5-Rloose,5,2+,-0.011825011609605723,2.3332797767131837,7.3138170393885105,-0.7235330832172515,0.0,-4.257004179458065,0,0,-1.0658141036401503e-14,0.171875
D2-N3-M5-Rloose-S1164,N3-M5-Rloose,3,2+,-0.0118132560460954,4.035465757993251,7.78823793458761,0.0,0.5,-4.2527721765943625,1,0,3.552713678800501e-15,0.172119140625
D2-N3-M3-Rtight-S1478,N3-M3-Rtight,1,1,-0.011804012044205392,4.315736361009442,5.882316432378955,0.6483426987977197,0.5,-2.7149227701672345,1,0,1.7763568394002505e-15,0.17236328125
D2-N2-M5-Rloose-S1286,N2-M5-Rloose,3,2+,-0.01179255048449901,0.0,4.245318174419637,0.0,0.0,-4.245318174419637,0,0,0.0,0.172607421875
D2-N3-M5-Rtight-S1114,N3-M5-Rtight,1,1,-0.011786775163932145,0.0,4.817823488344498,-0.24951016785367663,0.5,-5.068313320490821,0,0,0.0,0.1728515625
D2-N2-M5-Rloose-S1173,N2-M5-Rloose,3,2+,-0.011730260760023814,0.0,4.498926534188932,0.5450855926213466,0.0,-5.044012126810259,-1,0,-2.042810365310288e-14,0.173095703125
D2-N2-M5-Rtight-S1036,N2-M5-Rtight,3,2+,-0.011727697775798383,0.0,5.8638488878991915,0.0,0.0,-5.8638488878991915,0,0,0.0,0.17333984375
D2-N3-M3-Rtight-S1167,N3-M3-Rtight,1,1,-0.011706691856489398,0.0,2.6925391269925605,0.0,0.0,-2.6925391269925605,0,0,0.0,0.173583984375
D2-N3-M3-Rtight-S1338,N3-M3-Rtight,1,1,-0.011681257005945779,0.0,2.5280445994993315,0.15864451186819717,0.0,-2.686689111367529,0,0,0.0,0.173828125
D2-N3-M3-Rtight-S1080,N3-M3-Rtight,1,1,-0.011661941321404579,0.0,2.6025403168496943,0.07970618707336352,0.0,-2.6822465039230536,0,1,-4.440892098500626e-15,0.174072265625
D2-N2-M5-Rtight-S1194,N2-M5-Rtight,2,2+,-0.011649625770551342,0.0,3.3265939368569892,0.8672713405414895,0.0,-4.193865277398487,0,0,7.993605777301127e-15,0.17431640625
D2-N3-M3-Rtight-S1358,N3-M3-Rtight,1,1,-0.011586094603005768,0.0,1.0427485142705195,0.0,0.0,-1.042748514270519,0,0,-4.440892098500626e-16,0.174560546875
D2-N2-M5-Rloose-S1290,N2-M5-Rloose,4,2+,-0.011585468794082857,0.0,4.981751581455626,0.0,0.0,-4.981751581455626,0,0,0.0,0.1748046875
D2-N2-M5-Rloose-S1194,N2-M5-Rloose,4,2+,-0.011581488342797694,0.0,4.169335803407172,0.0,0.0,-4.169335803407172,0,0,0.0,0.175048828125
D2-N2-M5-Rloose-S1381,N2-M5-Rloose,2,2+,-0.011557800354582481,-2.1053426804226376,2.864511472047802,0.0,0.0,-4.969854152470447,0,0,7.105427357601002e-15,0.17529296875
D2-N2-M3-Rtight-S1008,N2-M3-Rtight,1,1,-0.011504263255078043,0.0,2.5217714916346594,0.12420905703329077,0.0,-2.64598054866795,0,0,0.0,0.175537109375
D2-N3-M3-Rtight-S1120,N3-M3-Rtight,2,2+,-0.011482719224460973,0.0,3.4448157673382944,0.0,0.0,-3.4448157673382926,0,0,-1.7763568394002505e-15,0.17578125
D2-N3-M5-Rtight-S1085,N3-M5-Rtight,1,1,-0.011471487895671928,-2.2333986257565783,2.699341169382347,0.0,0.0,-4.932739795138929,0,0,3.552713678800501e-15,0.176025390625
D2-N3-M3-Rtight-S1436,N3-M3-Rtight,1,1,-0.011469210251504554,0.0,2.637918357846047,0.0,0.0,-2.637918357846047,0,0,0.0,0.17626953125
D2-N3-M3-Rtight-S1406,N3-M3-Rtight,1,1,-0.011460877316327722,4.133947484027956,5.758962030056858,0.510987236726469,0.5,-2.636001782755372,1,0,1.7763568394002505e-15,0.176513671875
D2-N2-M5-Rloose-S1238,N2-M5-Rloose,3,2+,-0.0114587674024626,0.0,4.125156264886531,0.0,0.0,-4.1251562648865345,0,0,3.552713678800501e-15,0.1767578125
D2-N2-M5-Rloose-S1045,N2-M5-Rloose,3,2+,-0.011433598268123346,0.0,4.116095376524406,0.0,0.0,-4.116095376524406,0,0,0.0,0.177001953125
D2-N3-M5-Rloose-S1132,N3-M5-Rloose,3,2+,-0.011431250533186749,0.0,4.115250191947233,0.0,0.0,-4.115250191947233,0,0,0.0,0.17724609375
D2-N3-M5-Rtight-S1129,N3-M5-Rtight,2,2+,-0.01139868882243876,-1.4419099711237777,3.459526222524893,0.0,0.0,-4.901436193648664,0,0,-7.105427357601002e-15,0.177490234375
D2-N2-M3-Rloose-S1328,N2-M3-Rloose,2,2+,-0.011347069988852765,0.0,1.8155311982164477,0.0,0.0,-1.8155311982164477,0,0,0.0,0.177734375
D2-N2-M5-Rloose-S1270,N2-M5-Rloose,3,2+,-0.011261227468256974,0.0,3.953723390146127,0.10031849842637675,0.0,-4.054041888572513,0,0,8.881784197001252e-15,0.177978515625
D2-N2-M3-Rloose-S1185,N2-M3-Rloose,3,2+,-0.011260125343968974,0.0,3.298124573176679,-0.7082957440638156,0.0,-2.589828829112868,0,0,4.440892098500626e-15,0.17822265625
D2-N2-M3-Rloose-S1381,N2-M3-Rloose,2,2+,-0.011189418452209166,0.0,1.7903069523534612,0.0,0.0,-1.7903069523534612,0,0,0.0,0.178466796875
D2-N2-M5-Rloose-S1093,N2-M5-Rloose,3,2+,-0.011184262714721338,0.0,4.4758730643405364,0.33335990298967433,0.0,-4.809232967330189,-1,0,-2.1316282072803006e-14,0.1787109375
D2-N3-M5-Rtight-S1154,N3-M5-Rtight,3,2+,-0.011179720522813498,0.0,4.807279824809804,0.0,0.0,-4.807279824809804,0,0,0.0,0.178955078125
D2-N3-M5-Rtight-S1476,N3-M5-Rtight,2,2+,-0.011161238806600832,0.0,3.399323712366188,-0.162564458451949,0.0,-3.23675925391424,0,0,8.881784197001252e-16,0.17919921875
D2-N3-M5-Rtight-S1070,N3-M5-Rtight,2,2+,-0.011157809516587763,0.0,3.2856243343456626,0.7311870916259224,0.0,-4.016811425971596,0,0,1.1546319456101628e-14,0.179443359375
D2-N2-M3-Rloose-S1056,N2-M3-Rloose,2,2+,-0.011093065549030778,0.0,1.774890487844921,0.0,0.0,-1.774890487844928,0,0,7.105427357601002e-15,0.1796875
D2-N3-M3-Rtight-S1293,N3-M3-Rtight,1,1,-0.011089675828668766,0.0,2.623784237306893,-0.07315879671307646,0.0,-2.550625440593816,0,0,-8.881784197001252e-16,0.179931640625
D2-N3-M3-Rtight-S1143,N3-M3-Rtight,1,1,-0.011081954788130927,0.0,2.5488496012701116,0.0,0.0,-2.5488496012701116,0,0,0.0,0.18017578125
D2-N3-M3-Rtight-S1366,N3-M3-Rtight,2,2+,-0.01105441195197504,1.5360683083905258,4.078583057344778,0.0,0.0,-2.542514748954254,0,0,1.7763568394002505e-15,0.180419921875
D2-N2-M3-Rloose-S1128,N2-M3-Rloose,3,2+,-0.01102326334978132,0.0,3.306979004934398,0.0,0.0,-3.306979004934398,0,0,0.0,0.1806640625
D2-N2-M3-Rtight-S1415,N2-M3-Rtight,1,1,-0.011017588739896306,0.0,2.5340454101761516,0.0,0.0,-2.5340454101761516,0,0,0.0,0.180908203125
D2-N3-M5-Rloose-S1234,N3-M5-Rloose,4,2+,-0.010998219475064727,0.0,4.7292343742778336,0.0,0.0,-4.729234374277837,0,0,3.552713678800501e-15,0.18115234375
D2-N3-M5-Rtight-S1409,N3-M5-Rtight,2,2+,-0.01099063947076434,0.0,3.9566302094751755,0.0,0.0,-3.956630209475179,0,0,3.552713678800501e-15,0.181396484375
D2-N3-M3-Rloose-S1272,N3-M3-Rloose,2,2+,-0.010981099965471697,0.0,1.7569759944754715,0.0,0.0,-1.756975994475468,0,0,-3.552713678800501e-15,0.181640625
D2-N3-M5-Rloose-S1141,N3-M5-Rloose,4,2+,-0.010974213463101692,0.0,4.7189117891337276,0.0,0.0,-4.7189117891337276,0,0,0.0,0.181884765625
D2-N2-M3-Rloose-S1457,N2-M3-Rloose,2,2+,-0.010940231562482972,0.0,1.7504370499972772,0.0,0.0,-1.7504370499972737,0,0,-3.552713678800501e-15,0.18212890625
D2-N3-M3-Rloose-S1285,N3-M3-Rloose,2,2+,-0.010937158778022926,0.0,1.7499454044836718,0.0,0.0,-1.7499454044836682,0,0,-3.552713678800501e-15,0.182373046875
D2-N3-M3-Rtight-S1007,N3-M3-Rtight,1,1,-0.010924156713825461,0.0,2.5125560441798562,0.0,0.0,-2.5125560441798562,0,0,0.0,0.1826171875
D2-N3-M3-Rloose-S1090,N3-M3-Rloose,2,2+,-0.010921930971954402,3.8702678209797767,6.646847112566098,0.0,0.5,-3.276579291586323,1,0,1.7763568394002505e-15,0.182861328125
D2-N3-M3-Rtight-S1099,N3-M3-Rtight,1,1,-0.010916581621130017,0.0,2.5108137728599047,0.0,0.0,-2.5108137728599047,0,0,0.0,0.18310546875
D2-N3-M5-Rloose-S1007,N3-M5-Rloose,2,2+,-0.010905040140239158,0.0,3.1624616406693526,0.0,0.0,-3.162461640669356,0,0,3.552713678800501e-15,0.183349609375
D2-N3-M3-Rtight-S1144,N3-M3-Rtight,1,1,-0.010903037673839946,0.0,2.5076986649831863,0.0,0.0,-2.5076986649831863,0,0,0.0,0.18359375
D2-N3-M3-Rloose-S1005,N3-M3-Rloose,2,2+,-0.01089365799136749,0.0,1.7429852786188071,0.0,0.0,-1.7429852786188036,0,0,-3.552713678800501e-15,0.183837890625
D2-N3-M5-Rloose-S1225,N3-M5-Rloose,3,2+,-0.01084828188899245,0.0,3.905381480037285,0.0,0.0,-3.9053814800372777,0,0,-7.105427357601002e-15,0.18408203125
D2-N2-M5-Rloose-S1417,N2-M5-Rloose,3,2+,-0.010812341047304164,0.0,4.649306650340783,0.0,0.0,-4.649306650340783,0,0,0.0,0.184326171875
D2-N2-M5-Rloose-S1484,N2-M5-Rloose,2,2+,-0.010799286879981385,0.0,2.9469358990940613,0.18485729610053792,0.0,-3.1317931951946,0,0,8.881784197001252e-16,0.1845703125
D2-N2-M5-Rtight-S1248,N2-M5-Rtight,2,2+,-0.010745274793705156,0.0,3.868298925733841,0.0,0.0,-3.8682989257338534,0,0,1.2434497875801753e-14,0.184814453125
D2-N3-M3-Rtight-S1045,N3-M3-Rtight,1,1,-0.010740310260439569,0.0,2.4702713599010995,0.0,0.0,-2.4702713599010995,0,0,0.0,0.18505859375
D2-N3-M5-Rtight-S1030,N3-M5-Rtight,2,2+,-0.010728449264331696,0.0,3.7870905778352597,0.07515115732414901,0.0,-3.862241735159415,0,0,6.217248937900877e-15,0.185302734375
D2-N3-M3-Rloose-S1450,N3-M3-Rloose,1,1,-0.010717535720692613,0.0,0.9645782148623352,0.0,0.0,-0.9645782148623354,0,0,2.220446049250313e-16,0.185546875
D2-N2-M5-Rtight-S1507,N2-M5-Rtight,2,2+,-0.01070243628722646,0.4491710738084116,3.552877597104086,0.0,0.0,-3.103706523295674,0,0,0.0,0.185791015625
D2-N3-M3-Rtight-S1238,N3-M3-Rtight,1,1,-0.010649193431562481,0.0,0.9584274088406235,0.0,0.0,-0.9584274088406235,0,0,0.0,0.18603515625
D2-N3-M3-Rtight-S1250,N3-M3-Rtight,1,1,-0.010637468602809598,0.0,0.9573721742528638,0.0,0.0,-0.9573721742528636,0,0,-2.220446049250313e-16,0.186279296875
D2-N3-M5-Rtight-S1278,N3-M5-Rtight,2,2+,-0.010620955380187508,0.0,3.6941372079717354,0.12940672889576632,0.0,-3.8235439368675017,0,0,0.0,0.1865234375
D2-N2-M5-Rtight-S1030,N2-M5-Rtight,2,2+,-0.010618275043439623,0.0,3.377794036472534,0.44478497916572035,0.0,-3.8225790156382686,0,0,1.4210854715202004e-14,0.186767578125
D2-N2-M5-Rloose-S1306,N2-M5-Rloose,3,2+,-0.010616752452087569,0.0,3.8220308827515304,0.0,0.0,-3.8220308827515197,0,0,-1.0658141036401503e-14,0.18701171875
D2-N3-M3-Rloose-S1053,N3-M3-Rloose,2,2+,-0.010613769811744722,0.0,1.6982031698791538,0.0,0.0,-1.6982031698791502,0,0,-3.552713678800501e-15,0.187255859375
D2-N3-M5-Rtight-S1422,N3-M5-Rtight,2,2+,-0.01061244509223841,-2.5253702055514253,1.6249877033889923,-0.32987767573459514,0.0,-3.820480233205828,0,-1,5.329070518200751e-15,0.1875
D2-N3-M3-Rloose-S1134,N3-M3-Rloose,1,1,-0.010577407365704693,0.0,0.9519666629134225,0.0,0.0,-0.9519666629134225,0,0,0.0,0.187744140625
D2-N3-M5-Rloose-S1027,N3-M5-Rloose,3,2+,-0.010570293822965135,0.0,3.8053057762674456,0.0,0.0,-3.8053057762674456,0,0,0.0,0.18798828125
D2-N3-M5-Rloose-S1327,N3-M5-Rloose,3,2+,-0.010556311326511858,4.105856423754375,8.145070294154486,0.0,0.5,-4.539213870400118,1,0,7.105427357601002e-15,0.188232421875
D2-N3-M5-Rtight-S1319,N3-M5-Rtight,1,1,-0.010543449568753499,0.0,2.7478360431011914,0.309764331837316,0.0,-3.0576003749385166,0,-1,8.881784197001252e-15,0.1884765625
D2-N3-M3-Rloose-S1057,N3-M3-Rloose,2,2+,-0.01054301382264533,0.0,1.68688221162326,0.0,0.0,-1.6868822116232565,0,0,-3.552713678800501e-15,0.188720703125
D2-N3-M3-Rtight-S1490,N3-M3-Rtight,1,1,-0.010532796601301887,0.0,0.94795169411717,0.0,0.0,-0.9479516941171697,0,0,-2.220446049250313e-16,0.18896484375
D2-N3-M5-Rloose-S1381,N3-M5-Rloose,3,2+,-0.010530538493122243,0.0,3.7909938575239934,0.0,0.0,-3.7909938575240005,0,0,7.105427357601002e-15,0.189208984375
D2-N2-M3-Rtight-S1016,N2-M3-Rtight,0,0,-0.010512497378341812,0.0,2.96633110454814,-0.31258189104559797,0.5,-3.153749213502536,1,0,-6.217248937900877e-15,0.189453125
D2-N3-M3-Rloose-S1196,N3-M3-Rloose,2,2+,-0.010504040842631401,0.0,1.680646534821026,0.0,0.0,-1.6806465348210224,0,0,-3.552713678800501e-15,0.189697265625
D2-N3-M3-Rtight-S1154,N3-M3-Rtight,1,1,-0.010497443783347105,0.0,0.9447699405012395,0.0,0.0,-0.9447699405012395,0,0,0.0,0.18994140625
D2-N2-M5-Rloose-S1095,N2-M5-Rloose,2,2+,-0.0104768527510877,2.7787116771626685,5.316998974978105,0.0,0.5,-3.0382872978154367,1,0,0.0,0.190185546875
D2-N2-M5-Rloose-S1472,N2-M5-Rloose,2,2+,-0.010461230638477648,-2.2311899423218904,1.3843281839119896,0.1505249036180678,0.0,-3.766043029851957,0,0,9.325873406851315e-15,0.1904296875
D2-N2-M5-Rtight-S1210,N2-M5-Rtight,2,2+,-0.01043131227240996,0.0,3.5262899674771937,0.9591743096590882,0.0,-4.485464277136282,0,0,0.0,0.190673828125
D2-N3-M5-Rtight-S1429,N3-M5-Rtight,2,2+,-0.01040951500822232,0.0,3.7474254029600367,0.0,0.0,-3.747425402960033,0,0,-3.552713678800501e-15,0.19091796875
D2-N3-M3-Rloose-S1218,N3-M3-Rloose,1,1,-0.010409417689704333,0.0,0.9368475920733901,0.0,0.0,-0.9368475920733901,0,0,0.0,0.191162109375
D2-N2-M5-Rloose-S1121,N2-M5-Rloose,2,2+,-0.010397537602559181,0.0,2.851940196406538,0.8911733405147804,0.0,-3.7431135369212996,0,0,-1.865174681370263e-14,0.19140625
D2-N2-M3-Rloose-S1167,N2-M3-Rloose,1,1,-0.010392886052965511,0.0,2.1752389804271637,0.2151248117549115,0.0,-2.3903637921820646,0,0,-1.0658141036401503e-14,0.191650390625
D2-N3-M5-Rtight-S1150,N3-M5-Rtight,2,2+,-0.010383977240496278,0.0,2.7153206900560214,1.0229111165226434,0.0,-3.7382318065786606,0,-1,-4.440892098500626e-15,0.19189453125
D2-N2-M3-Rloose-S1193,N2-M3-Rloose,2,2+,-0.01037312370114718,0.0,1.6596997921835452,0.0,0.0,-1.6596997921835452,0,0,0.0,0.192138671875
D2-N2-M5-Rloose-S1309,N2-M5-Rloose,2,2+,-0.01034892709477056,0.0,2.939524583950657,0.7860891701667357,0.0,-3.725613754117397,0,0,3.9968028886505635e-15,0.1923828125
D2-N3-M5-Rtight-S1355,N3-M5-Rtight,1,1,-0.010336522434016393,0.0,2.509079599397598,0.4885119064671658,0.0,-2.9975915058647615,0,0,-2.220446049250313e-15,0.192626953125
D2-N2-M5-Rtight-S1323,N2-M5-Rtight,0,0,-0.010328313699341944,0.0,2.973867166956995,-0.4786561941478311,0.5,-2.995210972809163,0,0,-8.881784197001252e-16,0.19287109375
D2-N2-M3-Rloose-S1072,N2-M3-Rloose,2,2+,-0.010287981534114976,0.0,1.6460770454583908,0.0,0.0,-1.646077045458398,0,0,7.105427357601002e-15,0.193115234375
D2-N3-M5-Rloose-S1269,N3-M5-Rloose,3,2+,-0.010286081246002055,0.0,4.286337804370795,-0.5833485558100644,0.0,-3.7029892485607263,0,0,-4.440892098500626e-15,0.193359375
D2-N3-M3-Rloose-S1370,N3-M3-Rloose,1,1,-0.01026613030231692,0.0,0.9239517272085229,0.0,0.0,-0.9239517272085229,0,0,0.0,0.193603515625
D2-N2-M5-Rloose-S1254,N2-M5-Rloose,3,2+,-0.010250123792587551,0.0,4.305400741518252,0.10215248929439902,0.0,-4.407553230812653,0,0,1.7763568394002505e-15,0.19384765625
D2-N3-M5-Rtight-S1118,N3-M5-Rtight,2,2+,-0.010237495786361933,5.090318240068385,8.871405357986879,0.12103607021713536,0.5,-4.402123188135633,0,0,3.552713678800501e-15,0.194091796875
D2-N2-M5-Rtight-S1200,N2-M5-Rtight,2,2+,-0.010204165395287873,0.0,3.6734995423036354,0.0,0.0,-3.673499542303631,0,0,-4.440892098500626e-15,0.1943359375
D2-N3-M5-Rtight-S1370,N3-M5-Rtight,2,2+,-0.01018148834959541,3.0299992725736473,7.620743447371353,0.0,0.5,-5.090744174797706,1,1,0.0,0.194580078125
D2-N2-M5-Rtight-S1154,N2-M5-Rtight,2,2+,-0.010173043762612577,0.0,3.211251230088619,0.4510445244519117,0.0,-3.662295754540523,0,-1,-7.993605777301127e-15,0.19482421875
D2-N3-M3-Rtight-S1315,N3-M3-Rtight,1,1,-0.010161052583871955,0.22992439849002722,2.731901180871679,-0.1649346880911018,0.0,-2.3370420942905525,0,0,2.6645352591003757e-15,0.195068359375
D2-N3-M5-Rloose-S1497,N3-M5-Rloose,3,2+,-0.01015862358410241,0.0,3.657104490276879,0.0,0.0,-3.657104490276879,0,0,0.0,0.1953125
D2-N3-M3-Rloose-S1066,N3-M3-Rloose,1,1,-0.010133949279620635,0.0,0.912055435165857,0.0,0.0,-0.9120554351658572,0,0,2.220446049250313e-16,0.195556640625
D2-N2-M3-Rloose-S1208,N2-M3-Rloose,2,2+,-0.010127243102728833,0.0,1.6203588964366062,0.0,0.0,-1.6203588964366133,0,0,7.105427357601002e-15,0.19580078125
D2-N2-M3-Rloose-S1241,N2-M3-Rloose,2,2+,-0.010086204541494947,0.0,1.6137927266391863,0.0,0.0,-1.6137927266391898,0,0,3.552713678800501e-15,0.196044921875
D2-N3-M3-Rtight-S1141,N3-M3-Rtight,3,2+,-0.010076789572783712,4.0478333542634175,6.365494956003669,0.0,0.0,-2.317661601740248,0,0,-3.552713678800501e-15,0.1962890625
D2-N3-M5-Rtight-S1042,N3-M5-Rtight,1,1,-0.010062958713011268,0.0,2.304993948353757,1.3176711883303012,0.0,-3.6226651366840574,0,0,-8.881784197001252e-16,0.196533203125
D2-N3-M5-Rtight-S1260,N3-M5-Rtight,2,2+,-0.01004563637397829,0.0,3.548111550951159,0.06831754368100951,0.0,-3.6164290946321813,0,0,1.2878587085651816e-14,0.19677734375
D2-N3-M5-Rloose-S1239,N3-M5-Rloose,3,2+,-0.010015745699775924,4.2518702390826775,8.058640889986318,0.0,0.5,-4.306770650903644,1,0,3.552713678800501e-15,0.197021484375
D2-N2-M5-Rtight-S1358,N2-M5-Rtight,2,2+,-0.010007875393458737,0.0,3.337637056001581,0.2651980856435666,0.0,-3.602835141645146,0,0,-1.7763568394002505e-15,0.197265625
D2-N3-M5-Rtight-S1180,N3-M5-Rtight,1,1,-0.010006791045298835,0.0,2.7302738263765125,0.17169557676016067,0.0,-2.901969403136661,0,0,-1.199040866595169e-14,0.197509765625
D2-N2-M3-Rloose-S1013,N2-M3-Rloose,2,2+,-0.0099799671974371,0.0,1.5967947515899397,0.0,0.0,-1.5967947515899397,0,0,0.0,0.19775390625
D2-N3-M5-Rtight-S1069,N3-M5-Rtight,2,2+,-0.009946074329296867,0.0,3.58058675854687,0.0,0.0,-3.580586758546872,0,0,1.7763568394002505e-15,0.197998046875
D2-N3-M3-Rloose-S1313,N3-M3-Rloose,2,2+,-0.0099345171371224,0.0,1.5895227419395788,0.0,0.0,-1.5895227419395823,0,0,3.552713678800501e-15,0.1982421875
D2-N3-M5-Rtight-S1359,N3-M5-Rtight,1,1,-0.009915092095701801,0.0,2.3513767504466454,1.2180564040060027,0.0,-3.569433154452649,0,0,8.881784197001252e-16,0.198486328125
D2-N3-M3-Rloose-S1130,N3-M3-Rloose,1,1,-0.00991002327086746,0.0,0.8919020943780713,0.0,0.0,-0.8919020943780716,0,0,2.220446049250313e-16,0.19873046875
D2-N3-M3-Rtight-S1393,N3-M3-Rtight,1,1,-0.009897688567601759,0.0,2.2764683705484057,0.0,0.0,-2.2764683705484003,0,0,-5.329070518200751e-15,0.198974609375
D2-N2-M5-Rtight-S1079,N2-M5-Rtight,2,2+,-0.009871649908910221,0.0,3.5537939672076817,0.0,0.0,-3.5537939672076817,0,0,0.0,0.19921875
D2-N2-M5-Rloose-S1049,N2-M5-Rloose,2,2+,-0.009830157230381331,0.0,2.9305606406778324,0.608295962259417,0.0,-3.5388566029372726,0,0,2.3092638912203256e-14,0.199462890625
D2-N2-M3-Rloose-S1099,N2-M3-Rloose,1,1,-0.009822006956001827,0.0,2.2590615998804076,0.0,0.0,-2.259061599880411,0,0,3.552713678800501e-15,0.19970703125
D2-N3-M5-Rtight-S1193,N3-M5-Rtight,2,2+,-0.009803758832038767,0.0,3.5293531795339455,0.0,0.0,-3.529353179533956,0,0,1.0658141036401503e-14,0.199951171875
D2-N2-M5-Rloose-S1134,N2-M5-Rloose,3,2+,-0.00979875675542334,0.0,3.527552431952401,0.0,0.0,-3.527552431952401,0,0,0.0,0.2001953125
D2-N3-M3-Rtight-S1304,N3-M3-Rtight,1,1,-0.009765803635276127,0.0,2.507601122458265,0.422139968124558,0.0,-2.929741090582837,0,0,1.4210854715202004e-14,0.200439453125
D2-N3-M5-Rtight-S1079,N3-M5-Rtight,1,1,-0.00975796804368796,0.0,2.555639193324737,0.2741715393447721,0.0,-2.8298107326695083,0,0,-8.881784197001252e-16,0.20068359375
D2-N2-M3-Rloose-S1298,N2-M3-Rloose,1,1,-0.009722569749757905,0.0,0.8750312774782116,0.0,0.0,-0.8750312774782119,0,0,2.220446049250313e-16,0.200927734375
D2-N3-M3-Rtight-S1138,N3-M3-Rtight,1,1,-0.009716751451477785,0.0,0.8745076306330009,0.0,0.0,-0.8745076306330009,0,0,0.0,0.201171875
D2-N2-M5-Rloose-S1412,N2-M5-Rloose,3,2+,-0.009693092029043004,0.0,3.489513130455478,0.0,0.0,-3.489513130455478,0,0,0.0,0.201416015625
D2-N3-M3-Rtight-S1452,N3-M3-Rtight,1,1,-0.0096587770389375,0.0,2.6378747075490194,0.25975840413223583,0.0,-2.8976331116812446,0,0,-1.0658141036401503e-14,0.20166015625
D2-N3-M5-Rtight-S1045,N3-M5-Rtight,2,2+,-0.009658221799330402,0.0,4.120703973072729,-0.6437441253138001,0.0,-3.476959847758934,0,0,5.329070518200751e-15,0.201904296875
D2-N2-M5-Rtight-S1120,N2-M5-Rtight,0,0,-0.009583978804414271,0.0,3.9055468924928656,-0.9553145229037281,0.5,-3.4502323695891377,0,0,0.0,0.2021484375
D2-N3-M3-Rtight-S1102,N3-M3-Rtight,1,1,-0.009574467211919457,0.0,1.5319147539071132,0.0,0.0,-1.5319147539071132,0,0,0.0,0.202392578125
D2-N3-M5-Rtight-S1415,N3-M5-Rtight,2,2+,-0.009546834092564384,0.0,3.4962051781035317,-0.05934490478035159,0.0,-3.4368602733231786,0,0,-1.7763568394002505e-15,0.20263671875
D2-N3-M5-Rtight-S1092,N3-M5-Rtight,1,1,-0.009524174440284534,0.0,2.5613921960825117,0.20061839160000328,0.0,-2.762010587682515,0,0,0.0,0.202880859375
D2-N3-M3-Rtight-S1286,N3-M3-Rtight,1,1,-0.009523558659582675,0.0,0.8571202793624408,0.0,0.0,-0.8571202793624408,0,0,0.0,0.203125
D2-N3-M5-Rloose-S1122,N3-M5-Rloose,4,2+,-0.009503554881070977,0.0,4.086528598860518,0.0,0.0,-4.086528598860518,0,0,0.0,0.203369140625
D2-N3-M5-Rtight-S1071,N3-M5-Rtight,2,2+,-0.00949416544396859,0.0,3.417899559828692,0.0,0.0,-3.417899559828692,0,0,0.0,0.20361328125
D2-N3-M3-Rloose-S1490,N3-M3-Rloose,1,1,-0.009488057330715862,0.0,0.8539251597644275,0.0,0.0,-0.8539251597644273,0,0,-2.220446049250313e-16,0.203857421875
D2-N2-M5-Rloose-S1485,N2-M5-Rloose,2,2+,-0.009452340269368475,0.0,3.0913905543558755,0.3114519426167548,0.0,-3.402842496972653,0,0,2.2648549702353193e-14,0.2041015625
D2-N3-M3-Rloose-S1136,N3-M3-Rloose,2,2+,-0.009418844673401039,0.0,2.1663342748822245,0.0,0.0,-2.1663342748822316,0,0,7.105427357601002e-15,0.204345703125
D2-N3-M3-Rtight-S1256,N3-M3-Rtight,1,1,-0.00940117795150941,0.0,2.61652982350037,0.2038235619524702,0.0,-2.820353385452819,0,0,-2.1316282072803006e-14,0.20458984375
D2-N3-M5-Rtight-S1335,N3-M5-Rtight,2,2+,-0.009398711273799223,0.0,3.3835360585677225,0.0,0.0,-3.3835360585677208,0,0,-1.7763568394002505e-15,0.204833984375
D2-N2-M5-Rtight-S1044,N2-M5-Rtight,1,1,-0.009380856931698468,0.0,2.5100611421218666,0.21038736807069036,0.0,-2.720448510192556,0,0,-8.881784197001252e-16,0.205078125
D2-N2-M3-Rtight-S1392,N2-M3-Rtight,1,1,-0.009373477079484577,0.0,2.528186146151171,0.28385697769419505,0.0,-2.8120431238453705,0,0,4.440892098500626e-15,0.205322265625
D2-N2-M5-Rloose-S1293,N2-M5-Rloose,3,2+,-0.009372281770919269,0.0,4.198550765089305,0.4875901203703241,0.0,-4.686140885459636,-1,0,7.105427357601002e-15,0.20556640625
D2-N2-M5-Rtight-S1508,N2-M5-Rtight,1,1,-0.009371204953429704,0.0,2.524875377206282,0.1927740592883327,0.0,-2.7176494364946144,1,1,0.0,0.205810546875
D2-N3-M5-Rtight-S1245,N3-M5-Rtight,2,2+,-0.009367246106675005,0.0,3.3722085984030024,0.0,0.0,-3.3722085984030024,0,0,0.0,0.2060546875
D2-N3-M3-Rtight-S1012,N3-M3-Rtight,1,1,-0.009360944236530284,0.0,2.6279556077124564,0.1803276632466304,0.0,-2.8082832709590857,0,0,-8.881784197001252e-16,0.206298828125
D2-N3-M5-Rloose-S1050,N3-M5-Rloose,3,2+,-0.009354273179187661,0.0,2.7127392219644193,0.0,0.0,-2.7127392219644264,0,0,7.105427357601002e-15,0.20654296875
D2-N2-M5-Rloose-S1357,N2-M5-Rloose,2,2+,-0.009315137846053756,0.0,3.205694618540633,0.14775500603874236,0.0,-3.353449624579355,0,0,-2.0872192862952943e-14,0.206787109375
D2-N2-M5-Rtight-S1022,N2-M5-Rtight,2,2+,-0.009308872681511454,0.0,2.926106309729736,1.076708943320201,0.0,-4.002815253049931,0,-1,-5.329070518200751e-15,0.20703125
D2-N2-M5-Rloose-S1502,N2-M5-Rloose,3,2+,-0.0092944548215593,0.0,3.996615573270496,0.0,0.0,-3.9966155732705033,0,0,7.105427357601002e-15,0.207275390625
D2-N2-M3-Rloose-S1286,N2-M3-Rloose,1,1,-0.009282526450640007,0.0,0.8354273805576009,0.0,0.0,-0.8354273805576007,0,0,-2.220446049250313e-16,0.20751953125
D2-N3-M5-Rloose-S1500,N3-M5-Rloose,2,2+,-0.009276086686521051,0.0,3.1933683343162578,0.14602287283132076,0.0,-3.339391207147578,0,0,-4.440892098500626e-16,0.207763671875
D2-N3-M5-Rtight-S1218,N3-M5-Rtight,2,2+,-0.00927308776250127,0.0,3.728438871396431,0.258988866479116,0.0,-3.9874277378755494,0,0,2.220446049250313e-15,0.2080078125
D2-N2-M5-Rtight-S1431,N2-M5-Rtight,1,1,-0.009266903703652143,0.0,2.6533173669053944,0.03408470715372758,0.0,-2.687402074059122,0,0,0.0,0.208251953125
D2-N3-M3-Rtight-S1510,N3-M3-Rtight,1,1,-0.009265105234800966,0.0,1.4824168375681541,0.0,0.0,-1.4824168375681541,0,0,0.0,0.20849609375
D2-N3-M5-Rloose-S1145,N3-M5-Rloose,3,2+,-0.00924574307281767,0.0,3.8706279751512724,0.10504154616035688,0.0,-3.975669521311602,0,0,-2.7533531010703882e-14,0.208740234375
D2-N3-M5-Rloose-S1271,N3-M5-Rloose,3,2+,-0.009244935110477269,3.2462776512399145,6.721599748745138,0.0,0.5,-3.9753220975052237,1,0,0.0,0.208984375
D2-N3-M5-Rtight-S1302,N3-M5-Rtight,2,2+,-0.009229787904342063,0.0,3.4838306746215704,-0.16110702905842822,0.0,-3.322723645563144,0,1,1.7763568394002505e-15,0.209228515625
D2-N3-M5-Rloose-S1181,N3-M5-Rloose,3,2+,-0.009229068562302822,0.0,3.968499481790211,0.0,0.0,-3.968499481790218,0,0,7.105427357601002e-15,0.20947265625
D2-N3-M5-Rloose-S1117,N3-M5-Rloose,3,2+,-0.009227064352747727,0.0,3.967637671681537,0.0,0.0,-3.96763767168153,0,0,-7.105427357601002e-15,0.209716796875
D2-N2-M5-Rloose-S1249,N2-M5-Rloose,3,2+,-0.009212922432615261,0.0,3.5864427280393265,0.3751139179852374,0.0,-3.9615566460245617,1,0,-2.220446049250313e-15,0.2099609375
D2-N2-M5-Rtight-S1058,N2-M5-Rtight,2,2+,-0.00920695119371643,0.0,3.2648007338296727,0.69418827946839,0.0,-3.958989013298064,0,0,8.881784197001252e-16,0.210205078125
D2-N2-M5-Rloose-S1158,N2-M5-Rloose,3,2+,-0.009204418658732144,0.0,3.7064062705852123,0.2514937526696013,0.0,-3.9579000232548225,0,0,8.881784197001252e-15,0.21044921875
D2-N2-M5-Rtight-S1322,N2-M5-Rtight,2,2+,-0.009188195876310333,0.0,3.2806979378110634,0.6702262890023796,0.0,-3.9509242268134432,0,0,0.0,0.210693359375
D2-N3-M3-Rtight-S1266,N3-M3-Rtight,1,1,-0.009117398711837529,0.0,2.576037635244298,0.15918197830696068,0.0,-2.7352196135512585,0,0,0.0,0.2109375
D2-N2-M3-Rloose-S1156,N2-M3-Rloose,2,2+,-0.009102573069900338,0.0,2.0935918060770824,0.0,0.0,-2.093591806077079,0,0,-3.552713678800501e-15,0.211181640625
D2-N2-M5-Rloose-S1088,N2-M5-Rloose,2,2+,-0.00909454997538936,0.0,3.223976345602857,0.050061645537309685,0.0,-3.274037991140176,0,0,9.325873406851315e-15,0.21142578125
D2-N2-M5-Rloose-S1055,N2-M5-Rloose,3,2+,-0.00907419668000957,0.0,3.266710804803445,0.0,0.0,-3.266710804803445,0,0,0.0,0.211669921875
D2-N3-M5-Rtight-S1384,N3-M5-Rtight,2,2+,-0.009071999689720278,0.0,3.9009598665797185,0.0,0.0,-3.9009598665797185,0,0,0.0,0.2119140625
D2-N2-M5-Rtight-S1222,N2-M5-Rtight,2,2+,-0.009021098945805217,0.0,3.2823931518498357,0.5966793948464059,0.0,-3.879072546696243,0,0,1.3322676295501878e-15,0.212158203125
D2-N3-M5-Rtight-S1130,N3-M5-Rtight,2,2+,-0.008979152474423158,0.0,3.607272390562626,0.2537631734393404,0.0,-3.8610355640019662,0,1,0.0,0.21240234375
D2-N2-M3-Rtight-S1265,N2-M3-Rtight,1,1,-0.008953239433102333,0.0,2.7228379676241588,-0.03686613769346514,0.0,-2.6859718299307076,0,1,1.4210854715202004e-14,0.212646484375
D2-N2-M5-Rloose-S1442,N2-M5-Rloose,3,2+,-0.008907595695462706,0.0,2.0893887966795113,0.4938139550046845,0.0,-2.5832027516841833,0,0,-1.2434497875801753e-14,0.212890625
D2-N2-M3-Rloose-S1159,N2-M3-Rloose,1,1,-0.008903564703497208,2.764446707165135,4.312266588969493,0.0,0.5,-2.047819881804358,1,0,0.0,0.213134765625
D2-N3-M5-Rtight-S1077,N3-M5-Rtight,0,0,-0.008891279282365473,0.0,3.00035145773586,-0.2994909160842911,0.5,-3.2008605416515703,0,0,1.3322676295501878e-15,0.21337890625
D2-N2-M5-Rtight-S1356,N2-M5-Rtight,1,1,-0.008871273809180624,0.0,2.5265177572008017,0.04615164746157774,0.0,-2.5726694046623777,0,0,-1.7763568394002505e-15,0.213623046875
D2-N3-M3-Rtight-S1268,N3-M3-Rtight,1,1,-0.008837405757280453,0.0,2.360207678047903,0.2910140491362172,0.0,-2.6512217271841365,0,-1,1.5987211554602254e-14,0.2138671875
D2-N3-M5-Rloose-S1157,N3-M5-Rloose,3,2+,-0.00882909569164958,0.0,2.5604377505783873,0.0,0.0,-2.5604377505783873,0,0,0.0,0.214111328125
D2-N2-M5-Rtight-S1196,N2-M5-Rtight,1,1,-0.008813332499122556,0.0,2.507092607296917,0.6657070923872086,0.0,-3.17279969968412,0,0,-5.329070518200751e-15,0.21435546875
D2-N2-M3-Rloose-S1240,N2-M3-Rloose,2,2+,-0.008805886056898637,0.0,2.02535379308668,0.0,0.0,-2.02535379308668,0,0,0.0,0.214599609375
D2-N3-M5-Rloose-S1373,N3-M5-Rloose,3,2+,-0.008801643451773367,0.0,3.969771998589401,-0.8011803559509743,0.0,-3.168591642638418,0,0,-8.881784197001252e-15,0.21484375
D2-N2-M5-Rloose-S1252,N2-M5-Rloose,3,2+,-0.008787186208311676,0.0,3.3162585864383516,-0.7679745860279699,0.0,-2.5482840004103835,0,0,1.7763568394002505e-15,0.215087890625
D2-N3-M5-Rloose-S1085,N3-M5-Rloose,3,2+,-0.008758025126521046,2.752430991418265,6.0183817958223145,0.0,0.5,-3.765950804404042,1,0,-7.105427357601002e-15,0.21533203125
D2-N3-M5-Rloose-S1083,N3-M5-Rloose,2,2+,-0.008745808020739848,0.0,3.1484908874663446,0.0,0.0,-3.1484908874663446,0,0,0.0,0.215576171875
D2-N2-M5-Rtight-S1440,N2-M5-Rtight,0,0,-0.008728273943013787,0.0,3.0342659330266564,-0.39208731354168846,0.5,-3.142178619484966,1,0,-1.7763568394002505e-15,0.2158203125
D2-N3-M3-Rtight-S1473,N3-M3-Rtight,1,1,-0.008718620582398133,0.0,2.615586174719441,0.0,0.0,-2.615586174719441,0,0,0.0,0.216064453125
D2-N3-M5-Rloose-S1156,N3-M5-Rloose,5,2+,-0.008708664498756319,0.0,4.244725734465213,0.0,-0.5,-3.744725734465213,-1,0,0.0,0.21630859375
D2-N3-M5-Rtight-S1121,N3-M5-Rtight,2,2+,-0.008658835484860329,0.0,3.7232992584899414,0.0,0.0,-3.7232992584899414,0,0,0.0,0.216552734375
D2-N3-M5-Rtight-S1102,N3-M5-Rtight,2,2+,-0.00862488886653473,0.0,3.506129473513912,0.20257273909602236,0.0,-3.708702212609934,0,0,-8.881784197001252e-16,0.216796875
D2-N3-M5-Rtight-S1317,N3-M5-Rtight,1,1,-0.008609336991638433,0.0,2.2894027742367804,0.8099585427530651,0.0,-3.0993613169898424,0,0,-3.1086244689504383e-15,0.217041015625
D2-N2-M5-Rloose-S1020,N2-M5-Rloose,3,2+,-0.008601701132549155,0.0,2.87894445769728,0.21766795002041572,0.0,-3.096612407717693,0,0,-2.6645352591003757e-15,0.21728515625
D2-N3-M5-Rtight-S1173,N3-M5-Rtight,1,1,-0.008591014831059063,0.0,2.5005533037598653,0.5922120354213728,0.0,-3.0927653391812555,0,0,1.7319479184152442e-14,0.217529296875
D2-N2-M5-Rtight-S1007,N2-M5-Rtight,1,1,-0.008575964385199836,-2.7197997793772686,0.939841446472796,0.028023459785858407,0.0,-3.68766468563593,0,0,7.105427357601002e-15,0.2177734375
D2-N3-M5-Rtight-S1490,N3-M5-Rtight,2,2+,-0.008531575642055644,0.0,4.349345084327318,-0.6807675582434036,0.0,-3.668577526083922,0,1,7.993605777301127e-15,0.218017578125
D2-N2-M5-Rtight-S1168,N2-M5-Rtight,2,2+,-0.008522759618470599,0.0,3.1086242230275687,0.5561624129147897,0.0,-3.6647866359423595,-1,-1,8.881784197001252e-16,0.21826171875
D2-N3-M5-Rloose-S1189,N3-M5-Rloose,3,2+,-0.00851253872122315,0.0,3.064513939640335,0.0,0.0,-3.064513939640335,0,0,0.0,0.218505859375
D2-N2-M3-Rloose-S1188,N2-M3-Rloose,2,2+,-0.008486736224858321,0.0,1.9519493317174117,0.0,0.0,-1.9519493317174081,0,0,-3.552713678800501e-15,0.21875
D2-N2-M5-Rtight-S1208,N2-M5-Rtight,1,1,-0.008480955754066155,0.0,2.5717072387138167,0.4814368327499864,0.0,-3.0531440714638194,0,0,1.6431300764452317e-14,0.218994140625
D2-N2-M5-Rtight-S1480,N2-M5-Rtight,1,1,-0.008465800779643234,0.0,2.24531829916649,0.8023699815050698,0.0,-3.047688280671565,0,0,5.329070518200751e-15,0.21923828125
D2-N2-M5-Rloose-S1026,N2-M5-Rloose,3,2+,-0.00846395719867965,-2.2104582075297543,1.3365663839949207,0.0,-0.5,-3.047024591524675,-1,-1,0.0,0.219482421875
D2-N2-M5-Rloose-S1414,N2-M5-Rloose,3,2+,-0.008442849161880206,0.0,2.4484262569452575,0.0,0.0,-2.448426256945254,0,0,-3.552713678800501e-15,0.2197265625
D2-N2-M5-Rloose-S1248,N2-M5-Rloose,2,2+,-0.00844085758250085,0.0,1.8569886681501835,0.0,0.0,-1.85698866815018,0,0,-3.552713678800501e-15,0.219970703125
D2-N3-M5-Rloose-S1053,N3-M5-Rloose,3,2+,-0.008422414076601714,0.0,2.4425000822144938,0.0,0.0,-2.442500082214508,0,0,1.4210854715202004e-14,0.22021484375
D2-N2-M5-Rtight-S1310,N2-M5-Rtight,2,2+,-0.008390075070803443,0.0,3.730463114590865,0.4645744208108493,0.0,-4.19503753540171,0,0,-4.440892098500626e-15,0.220458984375
D2-N3-M5-Rtight-S1060,N3-M5-Rtight,2,2+,-0.00836798363291591,0.0,4.309964789406315,-0.7117318272524855,0.0,-3.598232962153844,0,1,1.4210854715202004e-14,0.220703125
D2-N2-M5-Rloose-S1470,N2-M5-Rloose,3,2+,-0.008363884712963093,0.0,2.165127494820112,0.26039907193918665,0.0,-2.4255265667593022,0,0,3.552713678800501e-15,0.220947265625
D2-N3-M5-Rtight-S1213,N3-M5-Rtight,1,1,-0.008343986780624313,0.0,2.419832316453313,0.5840029245714371,0.0,-3.0038352410247597,0,0,9.769962616701378e-15,0.22119140625
D2-N3-M5-Rtight-S1408,N3-M5-Rtight,1,1,-0.008324713371976045,0.0,2.832265945071571,0.16463086883980238,0.0,-2.996896813911377,0,0,3.552713678800501e-15,0.221435546875
D2-N2-M5-Rloose-S1125,N2-M5-Rloose,2,2+,-0.008305374270117405,0.0,3.0670034409626368,0.50430749518784,0.0,-3.571310936150496,0,0,1.9539925233402755e-14,0.2216796875
D2-N3-M5-Rtight-S1386,N3-M5-Rtight,2,2+,-0.008287637621880194,0.0,3.563684177408483,0.0,0.0,-3.563684177408483,0,0,0.0,0.221923828125
D2-N2-M3-Rtight-S1294,N2-M3-Rtight,1,1,-0.008284658015522077,0.0,1.3255452824835317,0.0,0.0,-1.3255452824835317,0,0,0.0,0.22216796875
D2-N2-M5-Rloose-S1410,N2-M5-Rloose,3,2+,-0.008248110175770706,0.0,2.9693196632774495,0.0,0.0,-2.969319663277446,0,0,-3.552713678800501e-15,0.222412109375
D2-N2-M3-Rloose-S1495,N2-M3-Rloose,2,2+,-0.008246978868800381,1.0924543536919415,2.9892594935160304,0.0,0.0,-1.8968051398240888,0,0,0.0,0.22265625
D2-N2-M5-Rtight-S1468,N2-M5-Rtight,0,0,-0.008211297710421145,0.0,2.965419420206456,-0.5093522444548455,0.5,-2.9560671757516133,1,0,2.6645352591003757e-15,0.222900390625
D2-N3-M5-Rtight-S1332,N3-M5-Rtight,2,2+,-0.008196988987735979,0.0,3.524705264726471,0.0,0.0,-3.524705264726471,0,0,0.0,0.22314453125
D2-N3-M5-Rloose-S1337,N3-M5-Rloose,4,2+,-0.008179183223617548,5.692775320846778,8.137281281349132,0.0,0.5,-2.9445059605023403,1,0,-1.4210854715202004e-14,0.223388671875
D2-N2-M3-Rtight-S1506,N2-M3-Rtight,1,1,-0.00815400213767141,0.0,1.304640342027426,0.0,0.0,-1.304640342027426,0,0,0.0,0.2236328125
D2-N3-M5-Rtight-S1096,N3-M5-Rtight,2,2+,-0.00814029447713173,0.0,3.63438264642131,-0.13405602125466753,0.0,-3.500326625166643,0,0,8.881784197001252e-16,0.223876953125
D2-N3-M5-Rloose-S1168,N3-M5-Rloose,3,2+,-0.008126613398932614,1.143447364925727,4.069028188541466,0.0,0.0,-2.9255808236157392,0,0,0.0,0.22412109375
D2-N2-M3-Rloose-S1200,N2-M3-Rloose,2,2+,-0.00811025400366594,0.0,1.8653584208431546,0.0,0.0,-1.8653584208431653,0,0,1.0658141036401503e-14,0.224365234375
D2-N3-M3-Rtight-S1161,N3-M3-Rtight,2,2+,-0.0081091486438985,0.0,2.5422245061403412,-0.6771203180436947,0.0,-1.8651041880966517,-1,0,5.10702591327572e-15,0.224609375
D2-N3-M3-Rloose-S1060,N3-M3-Rloose,2,2+,-0.008105499557170992,0.0,1.864264898149326,0.0,0.0,-1.8642648981493295,0,0,3.552713678800501e-15,0.224853515625
D2-N3-M5-Rtight-S1258,N3-M5-Rtight,2,2+,-0.008101507634898919,0.0,3.2248031988152235,0.25884508419131835,0.0,-3.483648283006545,-1,-1,3.1086244689504383e-15,0.22509765625
D2-N3-M5-Rtight-S1229,N3-M5-Rtight,0,0,-0.008065363561453265,0.0,2.9311085518295403,0.0369977795953671,0.5,-3.468106331424906,0,0,-1.7763568394002505e-15,0.225341796875
D2-N2-M5-Rloose-S1117,N2-M5-Rloose,2,2+,-0.008029448550847695,0.0,2.8906014783051717,0.0,0.0,-2.8906014783051717,0,0,0.0,0.2255859375
D2-N3-M5-Rloose-S1171,N3-M5-Rloose,2,2+,-0.008000544630742179,0.0,1.7601198187632896,0.0,0.0,-1.760119818763286,0,0,-3.552713678800501e-15,0.225830078125
D2-N3-M5-Rtight-S1123,N3-M5-Rtight,1,1,-0.008000134844386136,0.0,2.5354760526329656,0.34457249134605683,0.0,-2.880048543979015,0,0,-7.105427357601002e-15,0.22607421875
D2-N2-M5-Rloose-S1320,N2-M5-Rloose,3,2+,-0.007999490186354603,1.110831699068136,3.9906481661557933,0.0,0.0,-2.8798164670876574,0,0,0.0,0.226318359375
D2-N2-M3-Rloose-S1153,N2-M3-Rloose,2,2+,-0.007976587261861512,0.0,1.8346150702281498,0.0,0.0,-1.8346150702281534,0,0,3.552713678800501e-15,0.2265625
D2-N2-M5-Rtight-S1188,N2-M5-Rtight,1,1,-0.007970851786192668,0.0,2.5187161119208294,0.3507905311085302,0.0,-2.8695066430293608,0,0,8.881784197001252e-16,0.226806640625
D2-N3-M5-Rtight-S1493,N3-M5-Rtight,2,2+,-0.007967186811859234,0.0,3.716705925500058,-0.8485186732307264,0.0,-2.8681872522693226,0,0,-8.881784197001252e-15,0.22705078125
D2-N2-M3-Rloose-S1237,N2-M3-Rloose,2,2+,-0.007958816413873915,0.0,1.8305277751910118,0.0,0.0,-1.8305277751910012,0,0,-1.0658141036401503e-14,0.227294921875
D2-N3-M3-Rloose-S1340,N3-M3-Rloose,2,2+,-0.007952855034655315,0.0,1.8291566579707315,0.0,0.0,-1.829156657970728,0,0,-3.552713678800501e-15,0.2275390625
D2-N2-M3-Rloose-S1305,N2-M3-Rloose,2,2+,-0.007952692097223601,0.0,1.8291191823614419,0.0,0.0,-1.8291191823614383,0,0,-3.552713678800501e-15,0.227783203125
D2-N3-M5-Rloose-S1216,N3-M5-Rloose,2,2+,-0.007952172094428389,0.0,1.7494778607742596,0.0,0.0,-1.749477860774249,0,0,-1.0658141036401503e-14,0.22802734375
D2-N3-M3-Rloose-S1064,N3-M3-Rloose,2,2+,-0.007941991963695494,0.0,1.8266581516499443,0.0,0.0,-1.8266581516499585,0,0,1.4210854715202004e-14,0.228271484375
D2-N2-M5-Rtight-S1078,N2-M5-Rtight,2,2+,-0.007936608271048196,0.0,3.4127415565507295,0.0,0.0,-3.4127415565507278,0,0,-1.7763568394002505e-15,0.228515625
D2-N3-M3-Rtight-S1029,N3-M3-Rtight,1,1,-0.00792632563198925,0.0,1.9384871570837703,-0.6702750559654701,0.0,-1.26821210111828,0,1,-1.9984014443252818e-14,0.228759765625
D2-N2-M3-Rloose-S1433,N2-M3-Rloose,2,2+,-0.007923451922132785,0.0,1.822393942090553,0.0,0.0,-1.8223939420905424,0,0,-1.0658141036401503e-14,0.22900390625
D2-N3-M5-Rtight-S1449,N3-M5-Rtight,1,1,-0.007913134608332595,0.0,2.5497270760137596,0.29900138298597834,0.0,-2.84872845899973,0,0,-7.993605777301127e-15,0.229248046875
D2-N3-M3-Rloose-S1093,N3-M3-Rloose,2,2+,-0.007912199837813438,0.0,1.8198059626970888,0.0,0.0,-1.8198059626970888,0,0,0.0,0.2294921875
D2-N2-M5-Rtight-S1319,N2-M5-Rtight,1,1,-0.007883886979120042,0.0,2.568144139974562,0.27005517250863487,0.0,-2.838199312483212,0,0,1.509903313490213e-14,0.229736328125
D2-N2-M3-Rloose-S1485,N2-M3-Rloose,2,2+,-0.007876196515730571,0.0,1.811525198618046,0.0,0.0,-1.8115251986180425,0,0,-3.552713678800501e-15,0.22998046875
D2-N2-M5-Rloose-S1360,N2-M5-Rloose,3,2+,-0.007861748572615776,1.0707321584402507,3.9009616445819297,0.0,0.0,-2.830229486141679,0,0,0.0,0.230224609375
D2-N3-M5-Rloose-S1505,N3-M5-Rloose,3,2+,-0.007860983332020371,0.0,2.9453648795152247,0.4348579532535317,0.0,-3.3802228327687587,-3,0,2.220446049250313e-15,0.23046875
D2-N3-M3-Rloose-S1108,N3-M3-Rloose,2,2+,-0.00785255035504917,0.0,1.806086581661308,0.0,0.0,-1.8060865816613045,0,0,-3.552713678800501e-15,0.230712890625
D2-N2-M3-Rtight-S1006,N2-M3-Rtight,1,1,-0.007850468165612738,0.0,1.2560749064980374,0.0,0.0,-1.2560749064980374,0,0,0.0,0.23095703125
D2-N3-M3-Rtight-S1166,N3-M3-Rtight,1,1,-0.007849127301804877,0.0,1.255860368288781,0.0,0.0,-1.255860368288781,0,0,0.0,0.231201171875
D2-N2-M5-Rloose-S1167,N2-M5-Rloose,2,2+,-0.007848243404282862,0.0,1.7266135489422467,0.0,0.0,-1.7266135489422396,0,0,-7.105427357601002e-15,0.2314453125
D2-N3-M3-Rloose-S1485,N3-M3-Rloose,2,2+,-0.007846707728481617,0.0,1.8047427775507785,0.0,0.0,-1.8047427775507714,0,0,-7.105427357601002e-15,0.231689453125
D2-N3-M3-Rloose-S1333,N3-M3-Rloose,2,2+,-0.00784663357172305,0.0,1.804725721496311,0.0,0.0,-1.804725721496311,0,0,0.0,0.23193359375
D2-N3-M3-Rloose-S1341,N3-M3-Rloose,2,2+,-0.007830572848287254,0.0,1.801031755106063,0.0,0.0,-1.8010317551060666,0,0,3.552713678800501e-15,0.232177734375
D2-N3-M3-Rloose-S1289,N3-M3-Rloose,2,2+,-0.0078078474342688775,0.0,1.7958049098818236,0.0,0.0,-1.7958049098818378,0,0,1.4210854715202004e-14,0.232421875
D2-N3-M5-Rloose-S1391,N3-M5-Rloose,2,2+,-0.007806165653148123,0.0,1.7173564436925801,0.0,0.0,-1.7173564436925801,0,0,0.0,0.232666015625
D2-N2-M5-Rtight-S1145,N2-M5-Rtight,1,1,-0.007802361902753914,0.0,3.857738055603802,-1.0488877706123918,0.0,-2.8088502849914114,1,1,1.3322676295501878e-15,0.23291015625
D2-N3-M3-Rloose-S1132,N3-M3-Rloose,2,2+,-0.007791445750746029,0.0,1.7920325226715867,0.0,0.0,-1.7920325226715903,0,0,3.552713678800501e-15,0.233154296875
D2-N2-M3-Rloose-S1121,N2-M3-Rloose,2,2+,-0.007776391757522871,0.0,1.788570104230267,0.0,0.0,-1.78857010423026,0,0,-7.105427357601002e-15,0.2333984375
D2-N3-M3-Rloose-S1049,N3-M3-Rloose,2,2+,-0.007776206412759279,0.0,1.7885274749346252,0.0,0.0,-1.7885274749346252,0,0,0.0,0.233642578125
D2-N3-M3-Rloose-S1121,N3-M3-Rloose,2,2+,-0.007768067941823886,0.0,1.786655626619492,0.0,0.0,-1.786655626619492,0,0,0.0,0.23388671875
D2-N3-M3-Rloose-S1048,N3-M3-Rloose,2,2+,-0.007767632652712131,0.0,1.786555510123783,0.0,0.0,-1.7865555101237902,0,0,7.105427357601002e-15,0.234130859375
D2-N2-M3-Rloose-S1409,N2-M3-Rloose,2,2+,-0.007765663819316759,0.0,1.7861026784428589,0.0,0.0,-1.7861026784428589,0,0,0.0,0.234375
D2-N3-M5-Rloose-S1030,N3-M5-Rloose,3,2+,-0.007763103704447438,0.0,2.7947173336010778,0.0,0.0,-2.7947173336010778,0,0,0.0,0.234619140625
D2-N2-M5-Rtight-S1395,N2-M5-Rtight,1,1,-0.007751362446059843,0.0,2.606045665850025,0.18444481473151764,0.0,-2.7904904805815427,0,0,0.0,0.23486328125
D2-N3-M3-Rloose-S1205,N3-M3-Rloose,2,2+,-0.007744661721228674,0.0,1.7812721958826003,0.0,0.0,-1.7812721958825932,0,0,-7.105427357601002e-15,0.235107421875
D2-N3-M3-Rloose-S1328,N3-M3-Rloose,2,2+,-0.007741478970454241,0.0,1.7805401632044742,0.0,0.0,-1.7805401632044706,0,0,-3.552713678800501e-15,0.2353515625
D2-N3-M5-Rtight-S1172,N3-M5-Rtight,1,1,-0.007735768229590739,0.0,2.550624805566315,0.23425175708634627,0.0,-2.78487656265267,0,0,8.881784197001252e-15,0.235595703125
D2-N3-M3-Rloose-S1025,N3-M3-Rloose,2,2+,-0.0077356559909912415,0.0,1.7792008779279662,0.0,0.0,-1.7792008779279769,0,0,1.0658141036401503e-14,0.23583984375
D2-N3-M3-Rloose-S1140,N3-M3-Rloose,2,2+,-0.007735138013758858,0.0,1.779081743164543,0.0,0.0,-1.7790817431645394,0,0,-3.552713678800501e-15,0.236083984375
D2-N3-M3-Rloose-S1425,N3-M3-Rloose,2,2+,-0.007723603982182081,0.0,1.776428915901878,0.0,0.0,-1.7764289159018816,0,0,3.552713678800501e-15,0.236328125
D2-N2-M3-Rloose-S1109,N2-M3-Rloose,2,2+,-0.0077194267344448675,0.0,1.7754681489223252,0.0,0.0,-1.7754681489223145,0,0,-1.0658141036401503e-14,0.236572265625
D2-N3-M3-Rloose-S1129,N3-M3-Rloose,2,2+,-0.007715128690538198,0.0,1.7744795988237847,0.0,0.0,-1.7744795988237883,0,0,3.552713678800501e-15,0.23681640625
D2-N2-M3-Rloose-S1136,N2-M3-Rloose,2,2+,-0.007712430242453772,0.0,1.7738589557643785,0.0,0.0,-1.773858955764375,0,0,-3.552713678800501e-15,0.237060546875
D2-N3-M5-Rtight-S1430,N3-M5-Rtight,2,2+,-0.0077052043172926785,0.0,3.171918385370537,0.1413194710653154,0.0,-3.313237856435851,-1,-1,-1.3322676295501878e-15,0.2373046875
D2-N3-M3-Rloose-S1045,N3-M3-Rloose,2,2+,-0.007701948961818084,0.0,1.771448261218172,0.0,0.0,-1.7714482612181541,0,0,-1.7763568394002505e-14,0.237548828125
D2-N3-M3-Rloose-S1204,N3-M3-Rloose,2,2+,-0.00770193699392685,0.0,1.771445508603179,0.0,0.0,-1.771445508603179,0,0,0.0,0.23779296875
D2-N2-M5-Rloose-S1341,N2-M5-Rloose,3,2+,-0.00769618206453436,0.0,3.851711087600844,-0.54235279985107,0.0,-3.309358287749781,0,0,7.105427357601002e-15,0.238037109375
D2-N3-M5-Rloose-S1167,N3-M5-Rloose,2,2+,-0.0076942794548371385,0.0,1.6927414800641678,0.0,0.0,-1.6927414800641785,0,0,1.0658141036401503e-14,0.23828125
D2-N2-M3-Rloose-S1292,N2-M3-Rloose,2,2+,-0.007691364725393335,0.0,1.769013886840476,0.0,0.0,-1.7690138868404688,0,0,-7.105427357601002e-15,0.238525390625
D2-N3-M3-Rloose-S1401,N3-M3-Rloose,2,2+,-0.007687951616553279,0.0,1.768228871807267,0.0,0.0,-1.7682288718072598,0,0,-7.105427357601002e-15,0.23876953125
D2-N2-M3-Rloose-S1029,N2-M3-Rloose,2,2+,-0.007683628312041724,0.0,1.7672345117695798,0.0,0.0,-1.767234511769587,0,0,7.105427357601002e-15,0.239013671875
D2-N2-M3-Rloose-S1065,N2-M3-Rloose,2,2+,-0.0076811657795902155,0.0,1.766668129305753,0.0,0.0,-1.7666681293057422,0,0,-1.0658141036401503e-14,0.2392578125
D2-N2-M3-Rloose-S1345,N2-M3-Rloose,2,2+,-0.007680284516858482,0.0,1.7664654388774501,0.0,0.0,-1.7664654388774466,0,0,-3.552713678800501e-15,0.239501953125
D2-N3-M3-Rloose-S1312,N3-M3-Rloose,2,2+,-0.00767692929610303,0.0,1.7656937381036926,0.0,0.0,-1.7656937381036926,0,0,0.0,0.23974609375
D2-N3-M5-Rtight-S1344,N3-M5-Rtight,2,2+,-0.007676239483447367,1.2187802985181833,3.6778258808992117,-0.2329361321812966,0.0,-2.2261094501997363,0,0,4.440892098500626e-15,0.239990234375
D2-N3-M3-Rtight-S1376,N3-M3-Rtight,1,1,-0.007670801634525333,0.0,2.3012404903576016,0.0,0.0,-2.3012404903576016,0,0,0.0,0.240234375
D2-N2-M3-Rloose-S1137,N2-M3-Rloose,2,2+,-0.007667693671865428,0.0,1.763569544529048,0.0,0.0,-1.763569544529048,0,0,0.0,0.240478515625
D2-N2-M5-Rtight-S1389,N2-M5-Rtight,1,1,-0.0076672784549691175,0.0,2.7517005486697794,0.008519695119097559,0.0,-2.760220243788879,0,0,2.220446049250313e-15,0.24072265625
D2-N3-M3-Rloose-S1037,N3-M3-Rloose,2,2+,-0.007660773702979906,0.0,1.7619779516853882,0.0,0.0,-1.761977951685381,0,0,-7.105427357601002e-15,0.240966796875
D2-N2-M3-Rtight-S1386,N2-M3-Rtight,1,1,-0.007660208851274192,0.0,0.8521811339519427,0.3734522822519275,0.0,-1.2256334162038698,0,0,-4.440892098500626e-16,0.2412109375
D2-N3-M3-Rloose-S1356,N3-M3-Rloose,2,2+,-0.007648784661407226,0.0,1.7592204721236655,0.0,0.0,-1.7592204721236726,0,0,7.105427357601002e-15,0.241455078125
D2-N2-M3-Rloose-S1333,N2-M3-Rloose,2,2+,-0.0076477979050693645,0.0,1.7589935181659513,0.0,0.0,-1.7589935181659513,0,0,0.0,0.24169921875
D2-N3-M3-Rloose-S1032,N3-M3-Rloose,2,2+,-0.00764154351723606,0.0,1.7575550089642888,0.0,0.0,-1.7575550089642888,0,0,0.0,0.241943359375
D2-N3-M3-Rloose-S1373,N3-M3-Rloose,2,2+,-0.007641418272155309,0.0,1.7575262025957237,0.0,0.0,-1.7575262025957272,0,0,3.552713678800501e-15,0.2421875
D2-N2-M3-Rloose-S1453,N2-M3-Rloose,2,2+,-0.007637663127023353,0.0,1.7566625192153609,0.0,0.0,-1.756662519215368,0,0,7.105427357601002e-15,0.242431640625
D2-N3-M5-Rloose-S1115,N3-M5-Rloose,2,2+,-0.007621508774012853,0.0,1.6767319302828376,0.0,0.0,-1.676731930282827,0,0,-1.0658141036401503e-14,0.24267578125
D2-N3-M3-Rloose-S1308,N3-M3-Rloose,2,2+,-0.007619987627322855,0.0,1.7525971542842562,0.0,0.0,-1.7525971542842598,0,0,3.552713678800501e-15,0.242919921875
D2-N3-M5-Rloose-S1322,N3-M5-Rloose,3,2+,-0.007619070531722366,0.0,2.7428653914200645,0.0,0.0,-2.742865391420061,0,0,-3.552713678800501e-15,0.2431640625
D2-N3-M5-Rtight-S1119,N3-M5-Rtight,1,1,-0.007611644898743275,4.370016224499466,5.874516444505996,0.7356919435410367,0.5,-2.7401921635475617,1,0,-5.329070518200751e-15,0.243408203125
D2-N2-M3-Rloose-S1269,N2-M3-Rloose,2,2+,-0.007605297095544972,0.0,1.7492183319753423,0.0,0.0,-1.7492183319753423,0,0,0.0,0.24365234375
D2-N2-M5-Rloose-S1398,N2-M5-Rloose,3,2+,-0.007600913370339885,0.0,2.7363288133223556,0.0,0.0,-2.736328813322359,0,0,3.552713678800501e-15,0.243896484375
D2-N2-M3-Rloose-S1501,N2-M3-Rloose,2,2+,-0.007598058588647483,0.0,1.7475534753889264,0.0,0.0,-1.7475534753889193,0,0,-7.105427357601002e-15,0.244140625
D2-N3-M3-Rloose-S1280,N3-M3-Rloose,2,2+,-0.0075892048470413975,0.0,1.745517114819524,0.0,0.0,-1.7455171148195205,0,0,-3.552713678800501e-15,0.244384765625
D2-N2-M5-Rloose-S1401,N2-M5-Rloose,3,2+,-0.007577009916080735,-2.2691265928080497,0.9585969299470598,4.703394429483865e-08,-0.5,-2.727723569789063,-1,0,9.325873406851315e-15,0.24462890625
D2-N3-M5-Rtight-S1021,N3-M5-Rtight,1,1,-0.007576531054223817,0.0,2.5976659394563857,0.12988524006417457,0.0,-2.7275511795205745,0,1,1.4210854715202004e-14,0.244873046875
D2-N3-M3-Rloose-S1220,N3-M3-Rloose,2,2+,-0.0075674385972691605,0.0,1.7405108773719107,0.0,0.0,-1.7405108773719036,0,0,-7.105427357601002e-15,0.2451171875
D2-N3-M5-Rtight-S1373,N3-M5-Rtight,2,2+,-0.007556295429444693,0.0,3.5226175833322344,-0.273410548671025,0.0,-3.249207034661218,0,0,8.881784197001252e-15,0.245361328125
D2-N2-M3-Rloose-S1441,N2-M3-Rloose,2,2+,-0.007552490458143657,0.0,1.7370728053730424,0.0,0.0,-1.737072805373046,0,0,3.552713678800501e-15,0.24560546875
D2-N3-M3-Rloose-S1201,N3-M3-Rloose,2,2+,-0.007549914675465175,0.0,1.7364803753569866,0.0,0.0,-1.7364803753569902,0,0,3.552713678800501e-15,0.245849609375
D2-N2-M5-Rloose-S1317,N2-M5-Rloose,2,2+,-0.007548327633195934,0.0,3.2457808822742464,0.0,0.0,-3.2457808822742464,0,0,0.0,0.24609375
D2-N2-M3-Rloose-S1081,N2-M3-Rloose,2,2+,-0.007548284114293646,0.0,1.7361053462875482,0.0,0.0,-1.7361053462875446,0,0,-3.552713678800501e-15,0.246337890625
D2-N3-M5-Rloose-S1214,N3-M5-Rloose,3,2+,-0.0075472017564955085,0.0,3.241976128594011,-0.5249834962556239,0.0,-2.716992632338382,0,0,-5.329070518200751e-15,0.24658203125
D2-N3-M5-Rloose-S1406,N3-M5-Rloose,3,2+,-0.007542283320778803,0.0,2.7152219954803662,0.0,0.0,-2.7152219954803627,0,0,-3.552713678800501e-15,0.246826171875
D2-N3-M5-Rloose-S1078,N3-M5-Rloose,3,2+,-0.007541360788358292,0.0,2.7148898838089828,0.0,0.0,-2.714889883808979,0,0,-3.552713678800501e-15,0.2470703125
D2-N2-M3-Rloose-S1293,N2-M3-Rloose,2,2+,-0.0075371238994980105,0.0,1.7335384968845418,0.0,0.0,-1.7335384968845489,0,0,7.105427357601002e-15,0.247314453125
D2-N2-M3-Rloose-S1280,N2-M3-Rloose,2,2+,-0.007533179553601443,0.0,1.7326312973283429,0.0,0.0,-1.7326312973283393,0,0,-3.552713678800501e-15,0.24755859375
D2-N2-M3-Rloose-S1000,N2-M3-Rloose,2,2+,-0.0075259392083555365,0.0,1.73096601792178,0.0,0.0,-1.730966017921773,0,0,-7.105427357601002e-15,0.247802734375
D2-N3-M5-Rloose-S1179,N3-M5-Rloose,2,2+,-0.00751980827712978,0.0,1.6543578209685528,0.0,0.0,-1.6543578209685563,0,0,3.552713678800501e-15,0.248046875
D2-N2-M3-Rloose-S1296,N2-M3-Rloose,2,2+,-0.007516406659853647,0.0,1.728773531766322,0.0,0.0,-1.7287735317663362,0,0,1.4210854715202004e-14,0.248291015625
D2-N3-M5-Rtight-S1081,N3-M5-Rtight,1,1,-0.007509511512913181,0.0,2.521284783414579,0.18213936123416818,0.0,-2.7034241446487464,0,0,-8.881784197001252e-16,0.24853515625
D2-N2-M3-Rloose-S1428,N2-M3-Rloose,2,2+,-0.0075088864040371295,4.2215685814642825,5.974234502675429,0.0,0.5,-2.2526659212111326,1,0,-1.4210854715202004e-14,0.248779296875
D2-N3-M3-Rloose-S1149,N3-M3-Rloose,2,2+,-0.007499682218180814,0.0,1.7249269101815798,0.0,0.0,-1.7249269101815798,0,0,0.0,0.2490234375
D2-N3-M3-Rloose-S1004,N3-M3-Rloose,2,2+,-0.007497788780216341,0.0,1.724491419449759,0.0,0.0,-1.7244914194497625,0,0,3.552713678800501e-15,0.249267578125
D2-N2-M3-Rloose-S1317,N2-M3-Rloose,2,2+,-0.0074976052366514945,0.0,1.7244492044298454,0.0,0.0,-1.7244492044298454,0,0,0.0,0.24951171875
D2-N2-M5-Rloose-S1276,N2-M5-Rloose,3,2+,-0.007492080184289929,0.0,3.746040092144966,0.0,0.0,-3.746040092144966,0,0,0.0,0.249755859375
D2-N2-M3-Rloose-S1144,N2-M3-Rloose,2,2+,-0.007491058111728899,0.0,1.7229433656976454,0.0,0.0,-1.7229433656976454,0,0,0.0,0.25
D2-N3-M5-Rloose-S1443,N3-M5-Rloose,3,2+,-0.007489877081786278,5.637076406098828,7.309140759816856,0.0,0.5,-2.1720643537180138,1,0,-1.4210854715202004e-14,0.250244140625
D2-N3-M5-Rtight-S1506,N3-M5-Rtight,1,1,-0.007480599954072048,4.265415196586716,5.859586209929089,0.598844970123561,0.5,-2.6930159834659406,1,1,6.217248937900877e-15,0.25048828125
D2-N3-M5-Rtight-S1165,N3-M5-Rtight,1,1,-0.007468533049972657,0.0,2.517146510203496,0.1715253877866605,0.0,-2.688671897990158,1,1,1.7763568394002505e-15,0.250732421875
D2-N3-M3-Rloose-S1404,N3-M3-Rloose,2,2+,-0.00745092683401366,0.0,1.7137131718231373,0.0,0.0,-1.7137131718231444,0,0,7.105427357601002e-15,0.2509765625
D2-N3-M3-Rloose-S1217,N3-M3-Rloose,2,2+,-0.0074507366408970155,0.0,1.7136694274063267,0.0,0.0,-1.713669427406316,0,0,-1.0658141036401503e-14,0.251220703125
D2-N3-M3-Rloose-S1473,N3-M3-Rloose,2,2+,-0.007446242114281965,0.0,1.7126356862848446,0.0,0.0,-1.7126356862848553,0,0,1.0658141036401503e-14,0.25146484375
D2-N2-M3-Rloose-S1233,N2-M3-Rloose,2,2+,-0.007445370364769999,0.0,1.712435183897103,0.0,0.0,-1.7124351838970995,0,0,-3.552713678800501e-15,0.251708984375
D2-N3-M5-Rloose-S1313,N3-M5-Rloose,4,2+,-0.007443555010450409,0.0,3.3134901388550375,-0.11276148436136246,0.0,-3.2007286544936733,-3,0,-1.7763568394002505e-15,0.251953125
D2-N3-M3-Rloose-S1261,N3-M3-Rloose,2,2+,-0.0074406514218411934,0.0,1.7113498270234686,0.0,0.0,-1.7113498270234686,0,0,0.0,0.252197265625
D2-N3-M5-Rtight-S1270,N3-M5-Rtight,2,2+,-0.007437719693312167,0.0,3.4177935026589488,0.3010663439971417,0.0,-3.7188598466560876,0,1,-2.6645352591003757e-15,0.25244140625
D2-N2-M3-Rloose-S1221,N2-M3-Rloose,2,2+,-0.0074328718085434065,0.0,1.7095605159649914,0.0,0.0,-1.7095605159649807,0,0,-1.0658141036401503e-14,0.252685546875
D2-N3-M5-Rtight-S1446,N3-M5-Rtight,3,2+,-0.007431272828173602,-4.339131101102623,-1.0541339886069778,-0.10973889435314998,-0.5,-2.6752582181424955,-1,-1,0.0,0.2529296875
D2-N2-M3-Rloose-S1352,N2-M3-Rloose,2,2+,-0.007424489153035285,0.0,1.7076325051981023,0.0,0.0,-1.707632505198113,0,0,1.0658141036401503e-14,0.253173828125
D2-N2-M3-Rloose-S1407,N2-M3-Rloose,1,1,-0.007423551148210944,0.0,2.2270653444632877,0.0,0.0,-2.2270653444632913,0,0,3.552713678800501e-15,0.25341796875
D2-N2-M5-Rloose-S1024,N2-M5-Rloose,2,2+,-0.0074234765955269455,0.0,3.1653299238680113,0.02676501220857075,0.0,-3.192094936076579,0,0,-3.1086244689504383e-15,0.253662109375
D2-N2-M5-Rtight-S1190,N2-M5-Rtight,1,1,-0.007423234248021052,0.0,2.5287222803236356,0.14364204896394273,0.0,-2.6723643292875785,0,0,0.0,0.25390625
D2-N2-M3-Rloose-S1489,N2-M3-Rloose,2,2+,-0.007413169572943357,0.0,1.705029001776957,0.0,0.0,-1.705029001776964,0,0,7.105427357601002e-15,0.254150390625
D2-N2-M3-Rloose-S1336,N2-M3-Rloose,2,2+,-0.007406764873603311,0.0,1.7035559209287534,0.0,0.0,-1.703555920928757,0,0,3.552713678800501e-15,0.25439453125
D2-N2-M5-Rloose-S1422,N2-M5-Rloose,3,2+,-0.007403311216233943,0.0,2.6651920378442178,0.0,0.0,-2.665192037844214,0,0,-3.552713678800501e-15,0.254638671875
D2-N3-M3-Rloose-S1352,N3-M3-Rloose,2,2+,-0.007402708126856672,0.0,1.702622869177052,0.0,0.0,-1.7026228691770413,0,0,-1.0658141036401503e-14,0.2548828125
D2-N3-M3-Rloose-S1137,N3-M3-Rloose,2,2+,-0.007401647110084564,0.0,1.702378835319447,0.0,0.0,-1.7023788353194504,0,0,3.552713678800501e-15,0.255126953125
D2-N3-M5-Rloose-S1291,N3-M5-Rloose,2,2+,-0.007386401332412029,0.0,1.625008293130655,0.0,0.0,-1.625008293130655,0,0,0.0,0.25537109375
D2-N2-M3-Rloose-S1064,N2-M3-Rloose,2,2+,-0.007379604211234347,0.0,1.6973089685839042,0.0,0.0,-1.6973089685838971,0,0,-7.105427357601002e-15,0.255615234375
D2-N3-M5-Rtight-S1230,N3-M5-Rtight,1,1,-0.007379372444724558,4.1775597590022215,5.77811241200993,0.5560214270931296,0.5,-2.656574080100839,1,0,4.440892098500626e-16,0.255859375
D2-N3-M3-Rloose-S1073,N3-M3-Rloose,2,2+,-0.007375037732328393,0.0,1.6962586784355267,0.0,0.0,-1.6962586784355267,0,0,0.0,0.256103515625
D2-N3-M3-Rloose-S1481,N3-M3-Rloose,2,2+,-0.007374954326019256,0.0,1.6962394949844075,0.0,0.0,-1.6962394949844182,0,0,1.0658141036401503e-14,0.25634765625
D2-N3-M5-Rloose-S1001,N3-M5-Rloose,3,2+,-0.007367665838136472,0.0,2.652359701729111,0.0,0.0,-2.652359701729125,0,0,1.4210854715202004e-14,0.256591796875
D2-N2-M3-Rloose-S1301,N2-M3-Rloose,2,2+,-0.007348793541940846,0.0,1.6902225146463934,0.0,0.0,-1.6902225146463934,0,0,0.0,0.2568359375
D2-N2-M3-Rloose-S1180,N2-M3-Rloose,2,2+,-0.00733903609223352,0.0,1.6879783012137075,0.0,0.0,-1.687978301213704,0,0,-3.552713678800501e-15,0.257080078125
D2-N2-M3-Rloose-S1397,N2-M3-Rloose,2,2+,-0.007338057019289523,0.0,1.6877531144365854,0.0,0.0,-1.687753114436589,0,0,3.552713678800501e-15,0.25732421875
D2-N3-M5-Rloose-S1449,N3-M5-Rloose,3,2+,-0.00732595021231891,0.0,2.6373420764348054,0.0,0.0,-2.6373420764348054,0,0,0.0,0.257568359375
D2-N2-M3-Rloose-S1373,N2-M3-Rloose,2,2+,-0.007324356028744428,0.0,1.6846018866112082,0.0,0.0,-1.684601886611219,0,0,1.0658141036401503e-14,0.2578125
D2-N2-M3-Rloose-S1405,N2-M3-Rloose,2,2+,-0.007319954756661862,0.0,1.683589594032231,0.0,0.0,-1.6835895940322345,0,0,3.552713678800501e-15,0.258056640625
D2-N2-M3-Rloose-S1225,N2-M3-Rloose,2,2+,-0.007319676734936997,0.0,1.6835256490355128,0.0,0.0,-1.6835256490355164,0,0,3.552713678800501e-15,0.25830078125
D2-N3-M5-Rloose-S1487,N3-M5-Rloose,2,2+,-0.007315675216981732,0.0,1.6094485477359797,0.0,0.0,-1.6094485477359868,0,0,7.105427357601002e-15,0.258544921875
D2-N2-M5-Rtight-S1035,N2-M5-Rtight,1,1,-0.007313029443493949,0.0,2.596395252215453,0.03629534744236751,0.0,-2.6326905996578223,1,1,1.7763568394002505e-15,0.2587890625
D2-N3-M3-Rtight-S1142,N3-M3-Rtight,1,1,-0.007311857283594479,0.0,1.1698971653751178,0.0,0.0,-1.169897165375117,0,0,-8.881784197001252e-16,0.259033203125
D2-N2-M3-Rloose-S1329,N2-M3-Rloose,2,2+,-0.007311354165261019,0.0,1.681611458010039,0.0,0.0,-1.681611458010039,0,0,0.0,0.25927734375
D2-N2-M3-Rloose-S1285,N2-M3-Rloose,2,2+,-0.007310465718315784,0.0,1.6814071152126253,0.0,0.0,-1.6814071152126218,0,0,-3.552713678800501e-15,0.259521484375
D2-N2-M3-Rloose-S1401,N2-M3-Rloose,2,2+,-0.007309187090846991,0.0,1.6811130308948101,0.0,0.0,-1.6811130308948066,0,0,-3.552713678800501e-15,0.259765625
D2-N3-M3-Rloose-S1097,N3-M3-Rloose,2,2+,-0.007307134168844626,0.0,1.6806408588342698,0.0,0.0,-1.6806408588342663,0,0,-3.552713678800501e-15,0.260009765625
D2-N3-M3-Rloose-S1413,N3-M3-Rloose,2,2+,-0.007303576933754163,0.0,1.679822694763459,0.0,0.0,-1.679822694763459,0,0,0.0,0.26025390625
D2-N2-M5-Rloose-S1170,N2-M5-Rloose,3,2+,-0.007296620765739975,0.0,2.626783475666393,0.0,0.0,-2.6267834756664,0,0,7.105427357601002e-15,0.260498046875
D2-N3-M5-Rloose-S1238,N3-M5-Rloose,4,2+,-0.0072962062823558604,0.0,3.147013913510847,-0.520379651862729,0.0,-2.626634261648114,0,0,-3.552713678800501e-15,0.2607421875
D2-N3-M5-Rloose-S1202,N3-M5-Rloose,3,2+,-0.007284072256355467,0.0,2.622266012287966,0.0,0.0,-2.622266012287966,0,0,0.0,0.260986328125
D2-N2-M3-Rloose-S1277,N2-M3-Rloose,2,2+,-0.007283050598005714,0.0,1.6751016375413066,0.0,0.0,-1.675101637541303,0,0,-3.552713678800501e-15,0.26123046875
D2-N2-M3-Rloose-S1112,N2-M3-Rloose,2,2+,-0.007271091923277351,0.0,1.67235114235379,0.0,0.0,-1.67235114235379,0,0,0.0,0.261474609375
D2-N2-M3-Rtight-S1014,N2-M3-Rtight,1,1,-0.007260482287209519,0.0,1.1616771659535239,0.0,0.0,-1.161677165953523,0,0,-8.881784197001252e-16,0.26171875
D2-N2-M5-Rtight-S1273,N2-M5-Rtight,1,1,-0.007243596313826595,0.0,2.45304786815149,0.15464680482606918,0.0,-2.6076946729775727,0,0,1.3322676295501878e-14,0.261962890625
D2-N2-M3-Rtight-S1094,N2-M3-Rtight,1,1,-0.007239265672399048,0.0,1.1582825075838494,0.0,0.0,-1.1582825075838485,0,0,-8.881784197001252e-16,0.26220703125
D2-N2-M5-Rloose-S1048,N2-M5-Rloose,2,2+,-0.00722904870369942,0.0,3.1084909425907448,0.0,0.0,-3.1084909425907483,0,0,3.552713678800501e-15,0.262451171875
D2-N3-M5-Rloose-S1438,N3-M5-Rloose,3,2+,-0.00722875679115495,0.0,2.6023524448157787,0.0,0.0,-2.6023524448157787,0,0,0.0,0.2626953125
D2-N2-M3-Rloose-S1377,N2-M3-Rloose,2,2+,-0.007228255532806066,0.0,1.6624987725454012,0.0,0.0,-1.6624987725453977,0,0,-3.552713678800501e-15,0.262939453125
D2-N2-M3-Rloose-S1245,N2-M3-Rloose,2,2+,-0.007225377658579668,0.0,1.6618368614733257,0.0,0.0,-1.6618368614733185,0,0,-7.105427357601002e-15,0.26318359375
D2-N3-M3-Rloose-S1033,N3-M3-Rloose,2,2+,-0.007213843070889292,0.0,1.6591839063045342,0.0,0.0,-1.6591839063045342,0,0,0.0,0.263427734375
D2-N2-M3-Rloose-S1268,N2-M3-Rloose,2,2+,-0.007206998033251588,0.0,1.6576095476478656,0.0,0.0,-1.6576095476478656,0,0,0.0,0.263671875
D2-N2-M3-Rloose-S1429,N2-M3-Rloose,2,2+,-0.0072040988275690054,0.0,1.6569427303408801,0.0,0.0,-1.656942730340873,0,0,-7.105427357601002e-15,0.263916015625
D2-N3-M3-Rloose-S1457,N3-M3-Rloose,2,2+,-0.00719449757452037,0.0,1.6547344421396772,0.0,0.0,-1.6547344421396843,0,0,7.105427357601002e-15,0.26416015625
D2-N3-M5-Rtight-S1486,N3-M5-Rtight,2,2+,-0.007194200032931225,-2.438096255955017,1.770061395491119,-0.6110576349805183,0.0,-3.5971000164656175,0,0,0.0,0.264404296875
D2-N2-M3-Rloose-S1196,N2-M3-Rloose,2,2+,-0.007193833203078204,0.0,1.654581636707988,0.0,0.0,-1.654581636707988,0,0,0.0,0.2646484375
D2-N3-M3-Rtight-S1269,N3-M3-Rtight,1,1,-0.00718956351044954,0.0,0.6422980910507121,0.5080320706212149,0.0,-1.1503301616719277,-1,-1,6.661338147750939e-16,0.264892578125
D2-N3-M3-Rloose-S1041,N3-M3-Rloose,2,2+,-0.007189412933865991,0.0,1.6535649747891767,0.0,0.0,-1.6535649747891767,0,0,0.0,0.26513671875
D2-N2-M3-Rtight-S1273,N2-M3-Rtight,1,1,-0.007181641838290592,0.0,0.5807452956272119,0.5683173984992842,0.0,-1.1490626941264956,-1,-1,-4.440892098500626e-16,0.265380859375
D2-N2-M3-Rloose-S1012,N2-M3-Rloose,2,2+,-0.007180504505240715,0.0,1.6515160362053614,0.0,0.0,-1.651516036205365,0,0,3.552713678800501e-15,0.265625
D2-N2-M3-Rloose-S1189,N2-M3-Rloose,2,2+,-0.007180295718212881,0.0,1.6514680151889642,0.0,0.0,-1.6514680151889678,0,0,3.552713678800501e-15,0.265869140625
D2-N3-M5-Rloose-S1437,N3-M5-Rloose,3,2+,-0.007173501646615121,0.0,2.5824605927814375,0.0,0.0,-2.5824605927814446,0,0,7.105427357601002e-15,0.26611328125
D2-N3-M3-Rloose-S1493,N3-M3-Rloose,2,2+,-0.007164318790519902,0.0,1.6477933218195702,0.0,0.0,-1.6477933218195773,0,0,7.105427357601002e-15,0.266357421875
D2-N3-M5-Rloose-S1325,N3-M5-Rloose,3,2+,-0.007163231637614509,0.0,2.57876338954123,0.0,0.0,-2.5787633895412228,0,0,-7.105427357601002e-15,0.2666015625
D2-N3-M3-Rloose-S1160,N3-M3-Rloose,2,2+,-0.0071581355651487155,0.0,1.6463711799841931,0.0,0.0,-1.6463711799842073,0,0,1.4210854715202004e-14,0.266845703125
D2-N2-M3-Rloose-S1325,N2-M3-Rloose,2,2+,-0.007153104674368249,0.0,1.6452140751046898,0.0,0.0,-1.6452140751046898,0,0,0.0,0.26708984375
D2-N3-M5-Rloose-S1393,N3-M5-Rloose,3,2+,-0.007152054577988287,0.0,2.5747396480758056,0.0,0.0,-2.5747396480757914,0,0,-1.4210854715202004e-14,0.267333984375
D2-N2-M3-Rtight-S1486,N2-M3-Rtight,1,1,-0.007149252762143649,0.0,1.1438804419429829,0.0,0.0,-1.1438804419429829,0,0,0.0,0.267578125
D2-N2-M3-Rtight-S1074,N2-M3-Rtight,1,1,-0.007147425322088355,0.0,1.1435880515341363,0.0,0.0,-1.1435880515341363,0,0,0.0,0.267822265625
D2-N2-M3-Rtight-S1421,N2-M3-Rtight,1,1,-0.0071449056892646245,0.0,0.6500445311942809,0.49314037908805486,0.0,-1.1431849102823435,0,-1,7.771561172376096e-15,0.26806640625
D2-N3-M3-Rloose-S1440,N3-M3-Rloose,2,2+,-0.007137475104377233,0.0,1.6416192740067679,0.0,0.0,-1.6416192740067643,0,0,-3.552713678800501e-15,0.268310546875
D2-N3-M3-Rloose-S1233,N3-M3-Rloose,2,2+,-0.0071331913507283184,0.0,1.640634010667501,0.0,0.0,-1.6406340106675117,0,0,1.0658141036401503e-14,0.2685546875
D2-N3-M5-Rloose-S1509,N3-M5-Rloose,4,2+,-0.007132990749675494,0.0,2.2363285688160985,0.331548101067074,0.0,-2.5678766698831765,0,0,3.9968028886505635e-15,0.268798828125
D2-N2-M5-Rloose-S1092,N2-M5-Rloose,3,2+,-0.007124239106759758,0.0,3.0634228159066943,0.0,0.0,-3.063422815906698,0,0,3.552713678800501e-15,0.26904296875
D2-N2-M3-Rtight-S1494,N2-M3-Rtight,1,1,-0.007121579745186714,0.0,1.1394527592298749,0.0,0.0,-1.1394527592298749,0,0,0.0,0.269287109375
D2-N3-M5-Rloose-S1081,N3-M5-Rloose,3,2+,-0.007120595224913373,0.0,2.5634142809688214,0.0,0.0,-2.5634142809688285,0,0,7.105427357601002e-15,0.26953125
D2-N2-M3-Rloose-S1320,N2-M3-Rloose,2,2+,-0.007119316399536224,0.0,1.6374427718933404,0.0,0.0,-1.6374427718933333,0,0,-7.105427357601002e-15,0.269775390625
D2-N2-M3-Rloose-S1045,N2-M3-Rloose,2,2+,-0.007112341107474385,0.0,1.6358384547191172,0.0,0.0,-1.6358384547191136,0,0,-3.552713678800501e-15,0.27001953125
D2-N3-M3-Rloose-S1153,N3-M3-Rloose,2,2+,-0.007097049166429226,0.0,1.6323213082787191,0.0,0.0,-1.6323213082787191,0,0,0.0,0.270263671875
D2-N3-M5-Rloose-S1347,N3-M5-Rloose,2,2+,-0.007091079426963132,0.0,1.5600374739318923,0.0,0.0,-1.5600374739318852,0,0,-7.105427357601002e-15,0.2705078125
D2-N3-M5-Rloose-S1121,N3-M5-Rloose,3,2+,-0.007067345429640881,0.0,2.5442443546707167,0.0,0.0,-2.544244354670724,0,0,7.105427357601002e-15,0.270751953125
D2-N2-M3-Rloose-S1076,N2-M3-Rloose,2,2+,-0.007063788331002185,0.0,1.624671316130513,0.0,0.0,-1.6246713161305024,0,0,-1.0658141036401503e-14,0.27099609375
D2-N2-M3-Rtight-S1158,N2-M3-Rtight,1,1,-0.007062138951126465,0.0,1.129942232180234,0.0,0.0,-1.129942232180234,0,0,0.0,0.271240234375
D2-N3-M5-Rloose-S1073,N3-M5-Rloose,3,2+,-0.0070556889385932076,0.0,2.5400480178935396,0.0,0.0,-2.540048017893554,0,0,1.4210854715202004e-14,0.271484375
D2-N2-M3-Rloose-S1229,N2-M3-Rloose,2,2+,-0.007045288197788713,0.0,1.6204162854914053,0.0,0.0,-1.6204162854914017,0,0,-3.552713678800501e-15,0.271728515625
D2-N3-M5-Rloose-S1150,N3-M5-Rloose,3,2+,-0.007031104359984497,0.0,2.669782755874582,-0.13858518628015548,0.0,-2.5311975695944184,0,0,-7.993605777301127e-15,0.27197265625
D2-N3-M5-Rtight-S1242,N3-M5-Rtight,1,1,-0.0070290219836948165,4.186688097693661,6.642524073261544,-0.42538806143774144,0.5,-2.5304479141301357,0,0,-5.773159728050814e-15,0.272216796875
D2-N3-M5-Rloose-S1453,N3-M5-Rloose,3,2+,-0.007018076143949892,0.0,2.5265074118219673,0.0,0.0,-2.5265074118219673,0,0,0.0,0.2724609375
D2-N3-M3-Rloose-S1381,N3-M3-Rloose,2,2+,-0.007007373770596403,0.0,1.6116959672371607,0.0,0.0,-1.6116959672371678,0,0,7.105427357601002e-15,0.272705078125
D2-N3-M5-Rtight-S1437,N3-M5-Rtight,1,1,-0.007000938187099237,0.0,2.4544272634972977,0.5559761569553723,0.0,-3.0104034204526613,0,0,-8.881784197001252e-15,0.27294921875
D2-N2-M5-Rloose-S1206,N2-M5-Rloose,3,2+,-0.007000464247485849,0.0,2.520167129094915,0.0,0.0,-2.520167129094908,0,0,-7.105427357601002e-15,0.273193359375
D2-N2-M3-Rloose-S1284,N2-M3-Rloose,2,2+,-0.006995453956551045,0.0,1.6089544100067386,0.0,0.0,-1.6089544100067386,0,0,0.0,0.2734375
D2-N3-M5-Rloose-S1109,N3-M5-Rloose,3,2+,-0.006984824549412072,0.0,2.5145368377883415,0.0,0.0,-2.5145368377883415,0,0,0.0,0.273681640625
D2-N2-M3-Rloose-S1420,N2-M3-Rloose,2,2+,-0.006981632309951524,0.0,1.6057754312888584,0.0,0.0,-1.6057754312888548,0,0,-3.552713678800501e-15,0.27392578125
D2-N3-M5-Rloose-S1126,N3-M5-Rloose,5,2+,-0.006980202920677456,3.911339160470064,6.977409756582659,-0.5531975446687083,0.0,-2.5128730514438864,0,-1,-8.881784197001252e-16,0.274169921875
D2-N3-M3-Rloose-S1257,N3-M3-Rloose,2,2+,-0.0069778274082633596,0.0,1.6049003039005676,0.0,0.0,-1.604900303900564,0,0,-3.552713678800501e-15,0.2744140625
D2-N3-M5-Rloose-S1385,N3-M5-Rloose,3,2+,-0.006968497893981074,0.0,2.5086592418332003,0.0,0.0,-2.508659241833186,0,0,-1.4210854715202004e-14,0.274658203125
D2-N2-M5-Rloose-S1135,N2-M5-Rloose,3,2+,-0.006958624813513795,5.626969835550575,7.144971031469574,0.0,0.5,-2.0180011959189983,1,0,0.0,0.27490234375
D2-N2-M5-Rloose-S1001,N2-M5-Rloose,1,1,-0.006955743020784,0.0,2.4046574249614707,0.09941006252077811,0.0,-2.5040674874822457,0,0,-3.1086244689504383e-15,0.275146484375
D2-N3-M5-Rloose-S1237,N3-M5-Rloose,3,2+,-0.006922931370122787,0.0,2.492255293244199,0.0,0.0,-2.492255293244199,0,0,0.0,0.275390625
D2-N3-M3-Rloose-S1349,N3-M3-Rloose,2,2+,-0.006914423280311388,0.0,1.5903173544716296,0.0,0.0,-1.5903173544716225,0,0,-7.105427357601002e-15,0.275634765625
D2-N2-M5-Rloose-S1157,N2-M5-Rloose,2,2+,-0.006899136947599749,0.0,2.483689301135911,0.0,0.0,-2.483689301135911,0,0,0.0,0.27587890625
D2-N2-M3-Rloose-S1273,N2-M3-Rloose,2,2+,-0.006891770579167067,0.0,1.5851072332084257,0.0,0.0,-1.5851072332084257,0,0,0.0,0.276123046875
D2-N2-M3-Rloose-S1264,N2-M3-Rloose,2,2+,-0.006884344641409634,0.0,1.5833992675242214,0.0,0.0,-1.5833992675242143,0,0,-7.105427357601002e-15,0.2763671875
D2-N3-M3-Rloose-S1173,N3-M3-Rloose,2,2+,-0.006872904189738294,0.0,1.5807679636398255,0.0,0.0,-1.5807679636398149,0,0,-1.0658141036401503e-14,0.276611328125
D2-N2-M3-Rloose-S1477,N2-M3-Rloose,2,2+,-0.006863269890989121,0.0,1.5785520749274973,0.0,0.0,-1.5785520749275008,0,0,3.552713678800501e-15,0.27685546875
D2-N3-M3-Rloose-S1156,N3-M3-Rloose,2,2+,-0.006849599872583434,0.0,1.575407970694183,0.0,0.0,-1.5754079706941866,0,0,3.552713678800501e-15,0.277099609375
D2-N2-M3-Rloose-S1408,N2-M3-Rloose,2,2+,-0.0068309892654118964,0.0,1.5711275310447377,0.0,0.0,-1.5711275310447377,0,0,0.0,0.27734375
D2-N3-M3-Rloose-S1433,N3-M3-Rloose,2,2+,-0.006830352580438237,0.0,1.570981093500798,0.0,0.0,-1.570981093500798,0,0,0.0,0.277587890625
D2-N3-M5-Rloose-S1077,N3-M5-Rloose,3,2+,-0.006830247498538389,0.0,2.4588890994738293,0.0,0.0,-2.458889099473822,0,0,-7.105427357601002e-15,0.27783203125
D2-N2-M3-Rtight-S1210,N2-M3-Rtight,1,1,-0.00682304012817405,0.0,1.0916864205078483,0.0,0.0,-1.0916864205078474,0,0,-8.881784197001252e-16,0.278076171875
D2-N3-M5-Rtight-S1226,N3-M5-Rtight,2,2+,-0.006808286025125482,0.0,1.396027558509413,1.0549554105357535,0.0,-2.450982969045171,0,-1,4.440892098500626e-15,0.2783203125
D2-N3-M5-Rloose-S1474,N3-M5-Rloose,3,2+,-0.0068072933338872155,0.0,2.4506256001994053,0.0,0.0,-2.450625600199402,0,0,-3.552713678800501e-15,0.278564453125
D2-N2-M5-Rtight-S1070,N2-M5-Rtight,2,2+,-0.006772820978339214,0.0,1.9641180837183718,0.0,0.0,-1.9641180837183718,0,0,0.0,0.27880859375
D2-N3-M5-Rloose-S1273,N3-M5-Rloose,3,2+,-0.006770246248811673,0.0,2.43728864957221,0.0,0.0,-2.4372886495721957,0,0,-1.4210854715202004e-14,0.279052734375
D2-N2-M3-Rloose-S1437,N2-M3-Rloose,2,2+,-0.006769044080725484,0.0,1.5568801385668571,0.0,0.0,-1.5568801385668678,0,0,1.0658141036401503e-14,0.279296875
D2-N3-M5-Rloose-S1354,N3-M5-Rloose,3,2+,-0.0067494000733500925,0.0,2.382585250816799,0.5196567807237424,0.0,-2.9022420315405384,0,0,-3.1086244689504383e-15,0.279541015625
D2-N3-M5-Rloose-S1297,N3-M5-Rloose,3,2+,-0.006747462199076015,0.0,2.4290863916673757,0.0,0.0,-2.4290863916673686,0,0,-7.105427357601002e-15,0.27978515625
D2-N2-M3-Rloose-S1404,N2-M3-Rloose,2,2+,-0.006714296226860927,0.0,1.5442881321780035,0.0,0.0,-1.5442881321780106,0,0,7.105427357601002e-15,0.280029296875
D2-N2-M3-Rloose-S1248,N2-M3-Rloose,2,2+,-0.0066921211755061605,0.0,1.539187870366412,0.0,0.0,-1.539187870366419,0,0,7.105427357601002e-15,0.2802734375
D2-N3-M5-Rloose-S1137,N3-M5-Rloose,4,2+,-0.006684517064119211,3.1212537010395636,4.736673927960197,0.7910059161623004,0.0,-2.406426143082925,0,0,-9.325873406851315e-15,0.280517578125
D2-N2-M3-Rloose-S1096,N2-M3-Rloose,2,2+,-0.006657793216328756,0.0,1.5312924397556174,0.0,0.0,-1.5312924397556174,0,0,0.0,0.28076171875
D2-N3-M5-Rtight-S1022,N3-M5-Rtight,2,2+,-0.006657132591245257,0.0,2.396567732848295,0.0,0.0,-2.3965677328482933,0,0,-1.7763568394002505e-15,0.281005859375
D2-N3-M5-Rloose-S1205,N3-M5-Rloose,3,2+,-0.006655835888729589,0.0,2.3961009199426613,0.0,0.0,-2.396100919942654,0,0,-7.105427357601002e-15,0.28125
D2-N3-M5-Rtight-S1333,N3-M5-Rtight,1,1,-0.0066544857266291335,0.0,2.638969391511491,0.2224594709390435,0.0,-2.8614288624505377,0,0,3.1086244689504383e-15,0.281494140625
D2-N3-M5-Rtight-S1182,N3-M5-Rtight,2,2+,-0.0066364865904609514,0.0,3.606428290224832,-0.28818499499435757,0.0,-3.3182432952304755,0,0,8.881784197001252e-16,0.28173828125
D2-N3-M3-Rloose-S1318,N3-M3-Rloose,1,1,-0.0066114018044554634,0.0,1.0578242887128742,0.0,0.0,-1.0578242887128742,0,0,0.0,0.281982421875
D2-N3-M5-Rloose-S1044,N3-M5-Rloose,2,2+,-0.006605961997350501,0.0,1.9157289792316412,0.0,0.0,-1.9157289792316448,0,0,3.552713678800501e-15,0.2822265625
D2-N3-M5-Rloose-S1099,N3-M5-Rloose,2,2+,-0.0065972079711933695,0.0,1.9131903116460727,0.0,0.0,-1.9131903116460762,0,0,3.552713678800501e-15,0.282470703125
D2-N3-M3-Rtight-S1394,N3-M3-Rtight,1,1,-0.006581003425661876,0.0,1.0529605481059,0.0,0.0,-1.0529605481059,0,0,0.0,0.28271484375
D2-N2-M3-Rloose-S1228,N2-M3-Rloose,3,2+,-0.006577729479911865,0.0,0.4074159945461915,1.1054617858335452,0.0,-1.512877780379732,0,-2,-4.6629367034256575e-15,0.282958984375
D2-N3-M5-Rtight-S1142,N3-M5-Rtight,2,2+,-0.0065656208554097095,0.0,1.9040300480688153,0.0,0.0,-1.9040300480688153,0,0,0.0,0.283203125
D2-N3-M3-Rloose-S1198,N3-M3-Rloose,1,1,-0.006554048510450317,0.0,1.0486477616720506,0.0,0.0,-1.0486477616720506,0,0,0.0,0.283447265625
D2-N3-M5-Rloose-S1014,N3-M5-Rloose,3,2+,-0.006530827327957844,0.0,2.764556325153464,-0.4134584870886371,0.0,-2.351097838064831,0,0,4.440892098500626e-15,0.28369140625
D2-N3-M5-Rloose-S1006,N3-M5-Rloose,3,2+,-0.006500850471455655,0.0,2.795365702725931,0.0,0.0,-2.795365702725931,0,0,0.0,0.283935546875
D2-N3-M5-Rloose-S1176,N3-M5-Rloose,2,2+,-0.006462856052245974,0.0,1.8742282551513405,0.0,0.0,-1.874228255151337,0,0,-3.552713678800501e-15,0.2841796875
D2-N3-M5-Rloose-S1254,N3-M5-Rloose,3,2+,-0.006446557773117062,0.0,2.772019842440333,0.0,0.0,-2.7720198424403364,0,0,3.552713678800501e-15,0.284423828125
D2-N2-M3-Rtight-S1034,N2-M3-Rtight,1,1,-0.006422221853558365,0.0,1.027555496569339,0.0,0.0,-1.027555496569339,0,0,0.0,0.28466796875
D2-N2-M5-Rloose-S1404,N2-M5-Rloose,2,2+,-0.006407717274832886,0.0,1.8582380097015339,0.0,0.0,-1.8582380097015374,0,0,3.552713678800501e-15,0.284912109375
D2-N3-M5-Rloose-S1013,N3-M5-Rloose,3,2+,-0.0063962836710726445,0.0,2.750401978561243,0.0,0.0,-2.7504019785612286,0,0,-1.4210854715202004e-14,0.28515625
D2-N3-M5-Rloose-S1000,N3-M5-Rloose,4,2+,-0.006356814984503675,4.450376284548113,7.1838067278846935,0.0,0.0,-2.73343044333658,1,0,0.0,0.285400390625
D2-N3-M5-Rloose-S1445,N3-M5-Rloose,3,2+,-0.006334060907240535,0.0,2.280261926606606,0.0,0.0,-2.280261926606599,0,0,-7.105427357601002e-15,0.28564453125
D2-N2-M3-Rloose-S1100,N2-M3-Rloose,2,2+,-0.006320195627628006,0.0,1.896058688288413,0.0,0.0,-1.8960586882884058,0,0,-7.105427357601002e-15,0.285888671875
D2-N3-M5-Rloose-S1011,N3-M5-Rloose,2,2+,-0.0063149787959634884,0.0,1.831343850829409,0.0,0.0,-1.8313438508294126,0,0,3.552713678800501e-15,0.2861328125
D2-N2-M5-Rloose-S1394,N2-M5-Rloose,3,2+,-0.006303940360582433,0.0,2.7106943550504425,0.0,0.0,-2.7106943550504425,0,0,0.0,0.286376953125
D2-N3-M5-Rtight-S1115,N3-M5-Rtight,1,1,-0.00628720510558254,0.0,2.263393838009712,0.0,0.0,-2.263393838009714,0,0,1.7763568394002505e-15,0.28662109375
D2-N3-M5-Rloose-S1188,N3-M5-Rloose,2,2+,-0.006279882225474431,0.0,1.8211658453875827,0.0,0.0,-1.8211658453875827,0,0,0.0,0.286865234375
D2-N2-M5-Rloose-S1287,N2-M5-Rloose,2,2+,-0.006276606681937552,0.0,1.8202159377618834,0.0,0.0,-1.820215937761887,0,0,3.552713678800501e-15,0.287109375
D2-N2-M5-Rtight-S1294,N2-M5-Rtight,1,1,-0.006273485371831776,0.0,2.2584547338594394,0.0,0.0,-2.2584547338594394,0,0,0.0,0.287353515625
D2-N3-M5-Rloose-S1367,N3-M5-Rloose,2,2+,-0.006262665541228091,0.0,1.816173006956145,0.0,0.0,-1.8161730069561486,0,0,3.552713678800501e-15,0.28759765625
D2-N3-M5-Rtight-S1272,N3-M5-Rtight,1,1,-0.00625712744224137,0.0,2.2525658792068963,0.0,0.0,-2.2525658792068946,0,0,-1.7763568394002505e-15,0.287841796875
D2-N2-M3-Rtight-S1442,N2-M3-Rtight,1,1,-0.0062564163418960365,0.0,1.001026614703366,0.0,0.0,-1.001026614703366,0,0,0.0,0.2880859375
D2-N2-M5-Rloose-S1076,N2-M5-Rloose,2,2+,-0.006239895638836784,0.0,1.8095697352626665,0.0,0.0,-1.80956973526267,0,0,3.552713678800501e-15,0.288330078125
D2-N3-M5-Rtight-S1018,N3-M5-Rtight,2,2+,-0.006238778136740036,0.0,2.593672741176256,-0.3477126119498233,0.0,-2.245960129226418,0,1,-1.4654943925052066e-14,0.28857421875
D2-N3-M5-Rloose-S1401,N3-M5-Rloose,3,2+,-0.0062180682245091545,0.0,2.6737693365389177,0.0,0.0,-2.673769336538925,0,0,7.105427357601002e-15,0.288818359375
D2-N2-M3-Rtight-S1334,N2-M3-Rtight,1,1,-0.006206460503998161,0.0,0.9930336806397058,0.0,0.0,-0.993033680639706,0,0,2.220446049250313e-16,0.2890625
D2-N3-M3-Rloose-S1430,N3-M3-Rloose,1,1,-0.006199900913466033,0.0,0.9919841461545662,0.0,0.0,-0.9919841461545644,0,0,-1.7763568394002505e-15,0.289306640625
D2-N3-M5-Rloose-S1307,N3-M5-Rloose,2,2+,-0.00619666554712775,0.0,1.7970330086670359,0.0,0.0,-1.797033008667043,0,0,7.105427357601002e-15,0.28955078125
D2-N3-M5-Rloose-S1212,N3-M5-Rloose,2,2+,-0.006183960170571184,0.0,1.7933484494656504,0.0,0.0,-1.7933484494656469,0,0,-3.552713678800501e-15,0.289794921875
D2-N3-M3-Rloose-S1226,N3-M3-Rloose,1,1,-0.00618352351630113,0.0,0.9893637626081797,0.0,0.0,-0.9893637626081802,0,0,4.440892098500626e-16,0.2900390625
D2-N3-M5-Rtight-S1006,N3-M5-Rtight,2,2+,-0.006182417155939285,0.0,3.59128013340802,-0.9328407563541254,0.0,-2.658439377053895,0,0,8.881784197001252e-16,0.290283203125
D2-N2-M3-Rloose-S1389,N2-M3-Rloose,2,2+,-0.0061797229739832815,0.0,1.5594510339821959,-0.1381147499660289,0.0,-1.4213362840161636,0,0,-3.3306690738754696e-15,0.29052734375
D2-N3-M5-Rloose-S1042,N3-M5-Rloose,3,2+,-0.006178546816343861,0.0,2.656775131027853,0.0,0.0,-2.6567751310278567,0,0,3.552713678800501e-15,0.290771484375
D2-N3-M5-Rtight-S1261,N3-M5-Rtight,1,1,-0.0061727534282408625,0.0,2.3492156119135323,0.30506836223003453,0.0,-2.654283974143567,0,1,0.0,0.291015625
D2-N2-M5-Rtight-S1075,N2-M5-Rtight,1,1,-0.006168215361979666,0.0,2.624991009580768,0.02734159607049147,0.0,-2.6523326056512584,0,0,-8.881784197001252e-16,0.291259765625
D2-N2-M5-Rloose-S1339,N2-M5-Rloose,3,2+,-0.006166646271893728,0.0,2.219992657881747,0.0,0.0,-2.219992657881747,0,0,0.0,0.29150390625
D2-N3-M5-Rloose-S1058,N3-M5-Rloose,3,2+,-0.006166626838044226,0.0,2.65164954035901,0.0,0.0,-2.65164954035901,0,0,0.0,0.291748046875
D2-N2-M5-Rloose-S1074,N2-M5-Rloose,3,2+,-0.006157856400090034,0.0,2.6478782520387085,0.0,0.0,-2.6478782520387085,0,0,0.0,0.2919921875
D2-N3-M3-Rtight-S1130,N3-M3-Rtight,1,1,-0.006156703805942368,0.0,0.9850726089507784,0.0,0.0,-0.9850726089507784,0,0,0.0,0.292236328125
D2-N2-M3-Rloose-S1106,N2-M3-Rloose,1,1,-0.006151672686927193,0.0,0.9842676299083508,0.0,0.0,-0.9842676299083508,0,0,0.0,0.29248046875
D2-N3-M3-Rloose-S1038,N3-M3-Rloose,1,1,-0.006150203782875129,0.0,0.9840326052600208,0.0,0.0,-0.9840326052600208,0,0,0.0,0.292724609375
D2-N2-M3-Rloose-S1212,N2-M3-Rloose,2,2+,-0.006145646785698677,0.0,1.8436940357095928,0.0,0.0,-1.8436940357096034,0,0,1.0658141036401503e-14,0.29296875
D2-N3-M5-Rloose-S1259,N3-M5-Rloose,2,2+,-0.006144530690981503,0.0,1.7819139003846338,0.0,0.0,-1.7819139003846374,0,0,3.552713678800501e-15,0.293212890625
D2-N3-M5-Rloose-S1380,N3-M5-Rloose,2,2+,-0.006143849396853668,0.0,1.7817163250875652,0.0,0.0,-1.7817163250875652,0,0,0.0,0.29345703125
D2-N3-M3-Rloose-S1222,N3-M3-Rloose,1,1,-0.00614347995395698,0.0,0.9829567926331169,0.0,0.0,-0.9829567926331171,0,0,2.220446049250313e-16,0.293701171875
D2-N3-M3-Rtight-S1204,N3-M3-Rtight,1,1,-0.006142621179225927,0.0,0.9828193886761465,0.0,0.0,-0.9828193886761483,0,0,1.7763568394002505e-15,0.2939453125
D2-N3-M3-Rtight-S1193,N3-M3-Rtight,1,1,-0.006142337065623116,0.0,0.9827739304997074,0.0,0.0,-0.9827739304997039,0,0,-3.552713678800501e-15,0.294189453125
D2-N2-M3-Rloose-S1330,N2-M3-Rloose,1,1,-0.006139045712302792,0.0,0.9822473139684473,0.0,0.0,-0.9822473139684469,0,0,-4.440892098500626e-16,0.29443359375
D2-N2-M3-Rloose-S1302,N2-M3-Rloose,1,1,-0.0061356980566816335,0.0,0.9817116890690609,0.0,0.0,-0.9817116890690611,0,0,2.220446049250313e-16,0.294677734375
D2-N2-M5-Rloose-S1163,N2-M5-Rloose,2,2+,-0.006134035116078046,0.0,1.7788701836626224,0.0,0.0,-1.778870183662633,0,0,1.0658141036401503e-14,0.294921875
D2-N3-M3-Rloose-S1174,N3-M3-Rloose,1,1,-0.0061315625814763654,0.0,0.9810500130362183,0.0,0.0,-0.9810500130362185,0,0,2.220446049250313e-16,0.295166015625
D2-N2-M3-Rloose-S1374,N2-M3-Rloose,1,1,-0.006125663837486105,0.0,0.9801062139977765,0.0,0.0,-0.9801062139977765,0,0,0.0,0.29541015625
D2-N3-M3-Rloose-S1476,N3-M3-Rloose,2,2+,-0.006119225565014402,0.0,1.835767669504314,0.0,0.0,-1.835767669504321,0,0,7.105427357601002e-15,0.295654296875
D2-N2-M5-Rtight-S1097,N2-M5-Rtight,1,1,-0.006113790945981145,0.0,2.5637819832601814,0.06514812351171018,0.0,-2.628930106771893,0,0,1.7763568394002505e-15,0.2958984375
D2-N3-M3-Rloose-S1382,N3-M3-Rloose,1,1,-0.006112388382950746,0.0,0.977982141272119,0.0,0.0,-0.9779821412721192,0,0,2.220446049250313e-16,0.296142578125
D2-N3-M3-Rloose-S1128,N3-M3-Rloose,2,2+,-0.00610875088669674,0.0,1.832625266009014,0.0,0.0,-1.8326252660090177,0,0,3.552713678800501e-15,0.29638671875
D2-N3-M3-Rtight-S1470,N3-M3-Rtight,1,1,-0.0061084658187764325,0.0,0.9773545310042295,0.0,0.0,-0.9773545310042291,0,0,-4.440892098500626e-16,0.296630859375
D2-N3-M3-Rloose-S1314,N3-M3-Rloose,1,1,-0.00610801205774094,0.0,0.9772819292385508,0.0,0.0,-0.9772819292385506,0,0,-2.220446049250313e-16,0.296875
D2-N2-M5-Rtight-S1093,N2-M5-Rtight,1,1,-0.006107542586446635,0.0,2.469751380160144,0.15649193201191025,0.0,-2.626243312172054,0,0,0.0,0.297119140625
D2-N2-M3-Rtight-S1073,N2-M3-Rtight,1,1,-0.006104564844648053,0.0,0.976730375143692,0.0,0.0,-0.9767303751436884,0,0,-3.552713678800501e-15,0.29736328125
D2-N3-M3-Rloose-S1096,N3-M3-Rloose,2,2+,-0.006088922574593203,0.0,1.826676772377965,0.0,0.0,-1.826676772377958,0,0,-7.105427357601002e-15,0.297607421875
D2-N3-M5-Rloose-S1047,N3-M5-Rloose,2,2+,-0.006087349513606843,0.0,1.7653313589459856,0.0,0.0,-1.7653313589459856,0,0,0.0,0.2978515625
D2-N3-M5-Rloose-S1152,N3-M5-Rloose,2,2+,-0.0060865210242943,0.0,1.7650910970453495,0.0,0.0,-1.7650910970453495,0,0,0.0,0.298095703125
D2-N3-M5-Rloose-S1104,N3-M5-Rloose,2,2+,-0.006083978601443635,0.0,1.7643537944186498,0.0,0.0,-1.7643537944186534,0,0,3.552713678800501e-15,0.29833984375
D2-N3-M3-Rloose-S1170,N3-M3-Rloose,1,1,-0.00607850079876722,0.0,0.9725601278027547,0.0,0.0,-0.9725601278027547,0,0,0.0,0.298583984375
D2-N3-M3-Rtight-S1226,N3-M3-Rtight,1,1,-0.006077872222574901,0.0,0.9724595556119837,0.0,0.0,-0.9724595556119837,0,0,0.0,0.298828125
D2-N2-M3-Rloose-S1498,N2-M3-Rloose,1,1,-0.006076655892611608,0.0,0.9722649428178571,0.0,0.0,-0.9722649428178571,0,0,0.0,0.299072265625
D2-N3-M3-Rloose-S1300,N3-M3-Rloose,2,2+,-0.00607617434503363,0.0,1.8228523035100856,0.0,0.0,-1.8228523035100892,0,0,3.552713678800501e-15,0.29931640625
D2-N3-M3-Rloose-S1241,N3-M3-Rloose,2,2+,-0.0060719535325722,0.0,1.8215860597716613,0.0,0.0,-1.8215860597716613,0,0,0.0,0.299560546875
D2-N3-M5-Rloose-S1092,N3-M5-Rloose,2,2+,-0.006067070469288838,0.0,1.7594504360937613,0.0,0.0,-1.7594504360937648,0,0,3.552713678800501e-15,0.2998046875
D2-N2-M3-Rtight-S1274,N2-M3-Rtight,1,1,-0.006066473684784385,0.0,0.9706357895655024,0.0,0.0,-0.9706357895655024,0,0,0.0,0.300048828125
D2-N3-M3-Rloose-S1098,N3-M3-Rloose,1,1,-0.006060625999419183,0.0,0.9697001599070696,0.0,0.0,-0.9697001599070694,0,0,-2.220446049250313e-16,0.30029296875
D2-N2-M3-Rloose-S1062,N2-M3-Rloose,1,1,-0.006059906626040125,0.0,0.9695850601664193,0.0,0.0,-0.9695850601664198,0,0,4.440892098500626e-16,0.300537109375
D2-N3-M5-Rloose-S1204,N3-M5-Rloose,2,2+,-0.006050945709824451,0.0,1.7547742558490853,0.0,0.0,-1.7547742558490853,0,0,0.0,0.30078125
D2-N3-M3-Rloose-S1126,N3-M3-Rloose,1,1,-0.006049582071091894,0.0,0.9679331313747028,0.0,0.0,-0.967933131374703,0,0,2.220446049250313e-16,0.301025390625
D2-N2-M5-Rloose-S1199,N2-M5-Rloose,2,2+,-0.006044501098737748,0.0,1.7529053186339425,0.0,0.0,-1.7529053186339496,0,0,7.105427357601002e-15,0.30126953125
D2-N3-M3-Rloose-S1330,N3-M3-Rloose,1,1,-0.006041253678392304,0.0,0.9666005885427686,0.0,0.0,-0.9666005885427684,0,0,-2.220446049250313e-16,0.301513671875
D2-N2-M3-Rtight-S1170,N2-M3-Rtight,1,1,-0.006038859041291202,0.0,0.9662174466065925,0.0,0.0,-0.9662174466065925,0,0,0.0,0.3017578125
D2-N3-M5-Rloose-S1002,N3-M5-Rloose,3,2+,-0.0060370731106494935,0.0,2.5959414375792846,0.0,0.0,-2.5959414375792846,0,0,0.0,0.302001953125
D2-N2-M3-Rloose-S1486,N2-M3-Rloose,1,1,-0.006034366562764303,0.0,0.9654986500422886,0.0,0.0,-0.9654986500422886,0,0,0.0,0.30224609375
D2-N2-M3-Rloose-S1314,N2-M3-Rloose,1,1,-0.006031895488788389,0.0,0.9651032782061422,0.0,0.0,-0.9651032782061422,0,0,0.0,0.302490234375
D2-N2-M3-Rloose-S1288,N2-M3-Rloose,2,2+,-0.00603013133132263,0.0,1.809039399396795,0.0,0.0,-1.809039399396795,0,0,0.0,0.302734375
D2-N2-M5-Rloose-S1052,N2-M5-Rloose,2,2+,-0.006028631017512942,0.0,1.7483029950787632,0.0,0.0,-1.7483029950787596,0,0,-3.552713678800501e-15,0.302978515625
D2-N3-M3-Rloose-S1024,N3-M3-Rloose,2,2+,-0.0060232659047398385,0.0,1.8069797714219575,0.0,0.0,-1.8069797714219504,0,0,-7.105427357601002e-15,0.30322265625
D2-N3-M5-Rloose-S1429,N3-M5-Rloose,3,2+,-0.006021675390064651,0.0,2.589320417727798,0.0,0.0,-2.589320417727805,0,0,7.105427357601002e-15,0.303466796875
D2-N2-M3-Rloose-S1142,N2-M3-Rloose,1,1,-0.006018873810187035,0.0,0.9630198096299256,0.0,0.0,-0.9630198096299254,0,0,-2.220446049250313e-16,0.3037109375
D2-N3-M3-Rtight-S1382,N3-M3-Rtight,1,1,-0.006018476855413197,0.0,0.9629562968661114,0.0,0.0,-0.9629562968661114,0,0,0.0,0.303955078125
D2-N2-M3-Rtight-S1422,N2-M3-Rtight,1,1,-0.006017687345450259,0.0,0.9628299752720415,0.0,0.0,-0.9628299752720415,0,0,0.0,0.30419921875
D2-N3-M5-Rloose-S1312,N3-M5-Rloose,2,2+,-0.006016597441515503,0.0,1.7448132580394855,0.0,0.0,-1.7448132580394997,0,0,1.4210854715202004e-14,0.304443359375
D2-N3-M3-Rloose-S1042,N3-M3-Rloose,1,1,-0.006016441341373715,0.0,0.9626306146197945,0.0,0.0,-0.962630614619794,0,0,-4.440892098500626e-16,0.3046875
D2-N3-M3-Rloose-S1414,N3-M3-Rloose,1,1,-0.006016181614957143,0.0,0.9625890583931427,0.0,0.0,-0.9625890583931431,0,0,4.440892098500626e-16,0.304931640625
D2-N3-M5-Rloose-S1180,N3-M5-Rloose,2,2+,-0.006014143534971372,0.0,1.7441016251416883,0.0,0.0,-1.7441016251416954,0,0,7.105427357601002e-15,0.30517578125
D2-N3-M3-Rloose-S1424,N3-M3-Rloose,2,2+,-0.006010587024551317,0.0,1.803176107365406,0.0,0.0,-1.8031761073654025,0,0,-3.552713678800501e-15,0.305419921875
D2-N2-M3-Rtight-S1482,N2-M3-Rtight,1,1,-0.006006672939937872,0.0,0.9610676703900596,0.0,0.0,-0.9610676703900594,0,0,-2.220446049250313e-16,0.3056640625
D2-N3-M3-Rtight-S1454,N3-M3-Rtight,1,1,-0.006000179521187133,0.0,0.9600287233899412,0.0,0.0,-0.9600287233899412,0,0,0.0,0.305908203125
D2-N3-M3-Rtight-S1501,N3-M3-Rtight,1,1,-0.005999883205054346,0.0,0.9599813128086883,0.0,0.0,-0.9599813128086936,0,0,5.329070518200751e-15,0.30615234375
D2-N2-M5-Rloose-S1495,N2-M5-Rloose,2,2+,-0.0059973983185244994,0.0,1.7392455123721042,0.0,0.0,-1.7392455123721078,0,0,3.552713678800501e-15,0.306396484375
D2-N3-M3-Rtight-S1198,N3-M3-Rtight,1,1,-0.005995905802560365,0.0,0.9593449284096582,0.0,0.0,-0.9593449284096582,0,0,0.0,0.306640625
D2-N2-M3-Rtight-S1238,N2-M3-Rtight,1,1,-0.005995664665400913,0.0,0.9593063464641478,0.0,0.0,-0.959306346464146,0,0,-1.7763568394002505e-15,0.306884765625
D2-N2-M3-Rloose-S1216,N2-M3-Rloose,2,2+,-0.005992456461828249,0.0,1.797736938548482,0.0,0.0,-1.797736938548482,0,0,0.0,0.30712890625
D2-N3-M3-Rloose-S1018,N3-M3-Rloose,1,1,-0.005984229760737897,0.0,0.9574767617180626,0.0,0.0,-0.9574767617180626,0,0,0.0,0.307373046875
D2-N3-M5-Rloose-S1389,N3-M5-Rloose,3,2+,-0.005978432552253388,0.0,2.570725997468969,0.0,0.0,-2.570725997468969,0,0,0.0,0.3076171875
D2-N3-M3-Rloose-S1508,N3-M3-Rloose,2,2+,-0.005978258439169021,0.0,1.7934775317507103,0.0,0.0,-1.7934775317507103,0,0,0.0,0.307861328125
D2-N3-M3-Rloose-S1072,N3-M3-Rloose,2,2+,-0.0059718864553377216,0.0,1.791565936601316,0.0,0.0,-1.791565936601316,0,0,0.0,0.30810546875
D2-N3-M5-Rloose-S1420,N3-M5-Rloose,2,2+,-0.005970824826781379,0.0,1.7315391997665976,0.0,0.0,-1.7315391997666012,0,0,3.552713678800501e-15,0.308349609375
D2-N2-M5-Rloose-S1355,N2-M5-Rloose,2,2+,-0.005968110809562804,0.0,1.730752134773219,0.0,0.0,-1.730752134773212,0,0,-7.105427357601002e-15,0.30859375
D2-N3-M5-Rloose-S1296,N3-M5-Rloose,2,2+,-0.005964699540969065,0.0,1.7297628668810283,0.0,0.0,-1.7297628668810319,0,0,3.552713678800501e-15,0.308837890625
D2-N2-M5-Rloose-S1424,N2-M5-Rloose,2,2+,-0.005962542371630103,0.0,1.7291372877727191,0.0,0.0,-1.7291372877727227,0,0,3.552713678800501e-15,0.30908203125
D2-N2-M3-Rloose-S1214,N2-M3-Rloose,1,1,-0.005960317301913997,0.0,0.9536507683062398,0.0,0.0,-0.9536507683062396,0,0,-2.220446049250313e-16,0.309326171875
D2-N2-M3-Rloose-S1127,N2-M3-Rloose,1,1,-0.005956761679720979,0.0,0.9530818687553655,0.0,0.0,-0.9530818687553619,0,0,-3.552713678800501e-15,0.3095703125
D2-N3-M5-Rloose-S1201,N3-M5-Rloose,3,2+,-0.005956638394352509,0.0,2.561354509571565,0.0,0.0,-2.561354509571572,0,0,7.105427357601002e-15,0.309814453125
D2-N2-M3-Rloose-S1309,N2-M3-Rloose,2,2+,-0.005954672207064332,0.0,1.7864016621192924,0.0,0.0,-1.786401662119303,0,0,1.0658141036401503e-14,0.31005859375
D2-N3-M3-Rloose-S1375,N3-M3-Rloose,1,1,-0.00595449338191284,0.0,0.9527189411060597,0.0,0.0,-0.9527189411060561,0,0,-3.552713678800501e-15,0.310302734375
D2-N3-M3-Rtight-S1450,N3-M3-Rtight,1,1,-0.005954006031397469,0.0,0.9526409650235947,0.0,0.0,-0.952640965023595,0,0,2.220446049250313e-16,0.310546875
D2-N3-M3-Rloose-S1472,N3-M3-Rloose,2,2+,-0.005953364111397547,0.0,1.7860092334192643,0.0,0.0,-1.7860092334192643,0,0,0.0,0.310791015625
D2-N2-M3-Rloose-S1466,N2-M3-Rloose,1,1,-0.0059502888547995885,0.0,0.9520462167679338,0.0,0.0,-0.952046216767934,0,0,2.220446049250313e-16,0.31103515625
D2-N3-M3-Rloose-S1453,N3-M3-Rloose,2,2+,-0.005949164628351822,0.0,1.784749388505542,0.0,0.0,-1.7847493885055457,0,0,3.552713678800501e-15,0.311279296875
D2-N2-M5-Rloose-S1447,N2-M5-Rloose,2,2+,-0.005948812460154579,0.0,1.72515561344483,0.0,0.0,-1.7251556134448265,0,0,-3.552713678800501e-15,0.3115234375
D2-N3-M3-Rloose-S1142,N3-M3-Rloose,1,1,-0.005948000246975241,0.0,0.9516800395160399,0.0,0.0,-0.9516800395160381,0,0,-1.7763568394002505e-15,0.311767578125
D2-N3-M3-Rloose-S1442,N3-M3-Rloose,1,1,-0.005945447327127321,0.0,0.9512715723403713,0.0,0.0,-0.9512715723403713,0,0,0.0,0.31201171875
D2-N3-M5-Rloose-S1308,N3-M5-Rloose,2,2+,-0.005945303647504979,0.0,1.7241380577764431,0.0,0.0,-1.7241380577764431,0,0,0.0,0.312255859375
D2-N3-M5-Rloose-S1377,N3-M5-Rloose,3,2+,-0.005944690986683154,0.0,2.5562171242737506,0.0,0.0,-2.5562171242737577,0,0,7.105427357601002e-15,0.3125
D2-N3-M3-Rtight-S1086,N3-M3-Rtight,1,1,-0.0059374265675295485,0.0,0.9499882508047279,0.0,0.0,-0.9499882508047279,0,0,0.0,0.312744140625
D2-N3-M3-Rtight-S1230,N3-M3-Rtight,1,1,-0.005935851729862994,0.0,0.9497362767780793,0.0,0.0,-0.9497362767780793,0,0,0.0,0.31298828125
D2-N3-M3-Rtight-S1462,N3-M3-Rtight,1,1,-0.0059357591294225825,0.0,0.9497214607076128,0.0,0.0,-0.9497214607076128,0,0,0.0,0.313232421875
D2-N3-M5-Rloose-S1089,N3-M5-Rloose,3,2+,-0.005932814569641565,0.0,2.5511102649458763,0.0,0.0,-2.551110264945862,0,0,-1.4210854715202004e-14,0.3134765625
D2-N3-M3-Rloose-S1426,N3-M3-Rloose,1,1,-0.005929541097374083,0.0,0.9487265755798535,0.0,0.0,-0.9487265755798533,0,0,-2.220446049250313e-16,0.313720703125
D2-N2-M3-Rloose-S1033,N2-M3-Rloose,2,2+,-0.00592889243522407,0.0,1.363645260101535,0.0,0.0,-1.363645260101535,0,0,0.0,0.31396484375
D2-N2-M3-Rloose-S1186,N2-M3-Rloose,1,1,-0.00592563763435984,0.0,0.9481020214975746,0.0,0.0,-0.9481020214975744,0,0,-2.220446049250313e-16,0.314208984375
D2-N3-M5-Rloose-S1217,N3-M5-Rloose,3,2+,-0.005922126879722767,0.0,2.5465145582807907,0.0,0.0,-2.5465145582807907,0,0,0.0,0.314453125
D2-N3-M5-Rloose-S1399,N3-M5-Rloose,2,2+,-0.0059194211990303836,0.0,1.7166321477188156,0.0,0.0,-1.716632147718812,0,0,-3.552713678800501e-15,0.314697265625
D2-N2-M5-Rloose-S1220,N2-M5-Rloose,2,2+,-0.005919029790652314,0.0,1.7165186392891663,0.0,0.0,-1.716518639289177,0,0,1.0658141036401503e-14,0.31494140625
D2-N3-M3-Rloose-S1378,N3-M3-Rloose,1,1,-0.005918741853675205,0.0,0.9469986965880324,0.0,0.0,-0.9469986965880324,0,0,0.0,0.315185546875
D2-N3-M3-Rloose-S1250,N3-M3-Rloose,1,1,-0.0059169044452791735,0.0,0.9467047112446678,0.0,0.0,-0.9467047112446676,0,0,-2.220446049250313e-16,0.3154296875
D2-N3-M5-Rloose-S1339,N3-M5-Rloose,2,2+,-0.005914691626154656,0.0,1.7152605715848566,0.0,0.0,-1.7152605715848495,0,0,-7.105427357601002e-15,0.315673828125
D2-N2-M3-Rtight-S1017,N2-M3-Rtight,1,1,-0.0059080501076216735,0.0,0.9452880172194691,0.0,0.0,-0.9452880172194682,0,0,-8.881784197001252e-16,0.31591796875
D2-N3-M5-Rtight-S1020,N3-M5-Rtight,1,1,-0.005907576197656528,0.0,2.535975986349815,0.004281778642491796,0.0,-2.5402577649923046,0,0,-1.7763568394002505e-15,0.316162109375
D2-N2-M3-Rloose-S1290,N2-M3-Rloose,1,1,-0.005905422659447809,0.0,0.9448676255116497,0.0,0.0,-0.9448676255116495,0,0,-2.220446049250313e-16,0.31640625
D2-N2-M5-Rloose-S1399,N2-M5-Rloose,2,2+,-0.005902459027517265,0.0,1.711713117980004,0.0,0.0,-1.711713117980004,0,0,0.0,0.316650390625
D2-N2-M3-Rtight-S1102,N2-M3-Rtight,1,1,-0.005901537926355487,0.0,0.9442460682168781,0.0,0.0,-0.9442460682168781,0,0,0.0,0.31689453125
D2-N2-M3-Rloose-S1133,N2-M3-Rloose,2,2+,-0.005900792038845942,0.0,1.357182168934564,0.0,0.0,-1.357182168934564,0,0,0.0,0.317138671875
D2-N3-M3-Rloose-S1006,N3-M3-Rloose,1,1,-0.005896210557311439,0.0,1.3561284281816306,0.0,0.0,-1.3561284281816306,0,0,0.0,0.3173828125
D2-N3-M3-Rtight-S1314,N3-M3-Rtight,1,1,-0.0058907850067457315,0.0,0.942525601079317,0.0,0.0,-0.9425256010793173,0,0,2.220446049250313e-16,0.317626953125
D2-N3-M3-Rtight-S1354,N3-M3-Rtight,1,1,-0.005890460145284396,0.0,0.9424736232455047,0.0,0.0,-0.9424736232455047,0,0,0.0,0.31787109375
D2-N3-M5-Rloose-S1275,N3-M5-Rloose,2,2+,-0.005885576283537836,0.0,1.7068171222259636,0.0,0.0,-1.7068171222259707,0,0,7.105427357601002e-15,0.318115234375
D2-N2-M3-Rloose-S1108,N2-M3-Rloose,2,2+,-0.0058833165731590475,0.0,1.7649949719477185,0.0,0.0,-1.764994971947715,0,0,-3.552713678800501e-15,0.318359375
D2-N3-M5-Rloose-S1260,N3-M5-Rloose,2,2+,-0.0058829407087799546,0.0,1.7060528055461823,0.0,0.0,-1.7060528055461859,0,0,3.552713678800501e-15,0.318603515625
D2-N3-M5-Rloose-S1262,N3-M5-Rloose,3,2+,-0.005882834729070613,0.0,2.5696306225461356,-0.040011689045765575,0.0,-2.529618933500366,0,0,-3.9968028886505635e-15,0.31884765625
D2-N2-M3-Rloose-S1482,N2-M3-Rloose,1,1,-0.005882122052381054,0.0,0.9411395283809685,0.0,0.0,-0.9411395283809685,0,0,0.0,0.319091796875
D2-N2-M3-Rloose-S1274,N2-M3-Rloose,1,1,-0.005877745473048996,0.0,0.9404392756878395,0.0,0.0,-0.9404392756878392,0,0,-2.220446049250313e-16,0.3193359375
D2-N3-M5-Rloose-S1143,N3-M5-Rloose,2,2+,-0.0058773104383234576,0.0,1.7044200271138017,0.0,0.0,-1.7044200271138052,0,0,3.552713678800501e-15,0.319580078125
D2-N2-M3-Rloose-S1458,N2-M3-Rloose,1,1,-0.0058711845483112104,0.0,0.9393895277297941,0.0,0.0,-0.9393895277297939,0,0,-2.220446049250313e-16,0.31982421875
D2-N2-M3-Rloose-S1316,N2-M3-Rloose,2,2+,-0.005870173293150066,0.0,1.7610519879450237,0.0,0.0,-1.7610519879450237,0,0,0.0,0.320068359375
D2-N3-M3-Rloose-S1369,N3-M3-Rloose,2,2+,-0.005865418972491626,0.0,1.7596256917474946,0.0,0.0,-1.7596256917474946,0,0,0.0,0.3203125
D2-N3-M3-Rloose-S1354,N3-M3-Rloose,1,1,-0.005864136340921727,0.0,0.9382618145474764,0.0,0.0,-0.9382618145474764,0,0,0.0,0.320556640625
D2-N2-M5-Rloose-S1319,N2-M5-Rloose,2,2+,-0.005862171625772489,0.0,1.700029771474025,0.0,0.0,-1.7000297714740213,0,0,-3.552713678800501e-15,0.32080078125
D2-N2-M3-Rtight-S1282,N2-M3-Rtight,1,1,-0.005860990568545103,0.0,0.9377584909672165,0.0,0.0,-0.9377584909672168,0,0,2.220446049250313e-16,0.321044921875
D2-N3-M5-Rloose-S1379,N3-M5-Rloose,2,2+,-0.0058599404923023735,0.0,1.6993827427676749,0.0,0.0,-1.699382742767682,0,0,7.105427357601002e-15,0.3212890625
D2-N3-M3-Rloose-S1182,N3-M3-Rloose,1,1,-0.005858842259819152,0.0,0.9374147615710642,0.0,0.0,-0.9374147615710644,0,0,2.220446049250313e-16,0.321533203125
D2-N3-M3-Rloose-S1296,N3-M3-Rloose,2,2+,-0.0058583601108253,0.0,1.7575080332475999,0.0,0.0,-1.7575080332475892,0,0,-1.0658141036401503e-14,0.32177734375
D2-N2-M3-Rtight-S1378,N2-M3-Rtight,1,1,-0.005857361032381913,0.0,0.9371777651811062,0.0,0.0,-0.9371777651811062,0,0,0.0,0.322021484375
D2-N2-M3-Rloose-S1119,N2-M3-Rloose,1,1,-0.005855300333239444,0.0,0.9368480533183146,0.0,0.0,-0.9368480533183146,0,0,0.0,0.322265625
D2-N2-M3-Rtight-S1314,N2-M3-Rtight,1,1,-0.0058545112261647846,0.0,0.9367217961863656,0.0,0.0,-0.9367217961863656,0,0,0.0,0.322509765625
D2-N2-M3-Rtight-S1058,N2-M3-Rtight,1,1,-0.005853170886397117,0.0,0.9365073418235381,0.0,0.0,-0.9365073418235381,0,0,0.0,0.32275390625
D2-N2-M3-Rloose-S1306,N2-M3-Rloose,1,1,-0.005851775862875318,0.0,0.9362841380600506,0.0,0.0,-0.9362841380600506,0,0,0.0,0.322998046875
D2-N2-M3-Rtight-S1164,N2-M3-Rtight,1,1,-0.005850892423614855,0.0,0.9361427877783761,0.0,0.0,-0.9361427877783761,0,0,0.0,0.3232421875
D2-N3-M5-Rloose-S1003,N3-M5-Rloose,2,2+,-0.005842449419753315,0.0,1.6943103317284525,0.0,0.0,-1.6943103317284596,0,0,7.105427357601002e-15,0.323486328125
D2-N3-M3-Rtight-S1505,N3-M3-Rtight,1,1,-0.005836591290645288,0.0,1.2861892644225268,-0.3523346579192935,0.0,-0.933854606503246,0,0,1.27675647831893e-14,0.32373046875
D2-N2-M5-Rloose-S1080,N2-M5-Rloose,2,2+,-0.005834688185733405,0.0,1.6920595738626893,0.0,0.0,-1.692059573862693,0,0,3.552713678800501e-15,0.323974609375
D2-N2-M5-Rloose-S1400,N2-M5-Rloose,2,2+,-0.005834473743775187,0.0,1.691997385694819,0.0,0.0,-1.6919973856948047,0,0,-1.4210854715202004e-14,0.32421875
D2-N3-M5-Rloose-S1439,N3-M5-Rloose,2,2+,-0.005827414039705631,0.0,1.6899500715146267,0.0,0.0,-1.6899500715146303,0,0,3.552713678800501e-15,0.324462890625
D2-N3-M5-Rloose-S1095,N3-M5-Rloose,2,2+,-0.0058229570874608755,0.0,1.6886575553636511,0.0,0.0,-1.6886575553636511,0,0,0.0,0.32470703125
D2-N2-M3-Rtight-S1498,N2-M3-Rtight,1,1,-0.005819218095934574,0.0,0.9310748953495314,0.0,0.0,-0.9310748953495316,0,0,2.220446049250313e-16,0.324951171875
D2-N2-M3-Rloose-S1253,N2-M3-Rloose,2,2+,-0.005819106766985188,0.0,1.7457320300955566,0.0,0.0,-1.745732030095553,0,0,-3.552713678800501e-15,0.3251953125
D2-N3-M3-Rtight-S1058,N3-M3-Rtight,1,1,-0.005817614138968769,0.0,0.9308182622350036,0.0,0.0,-0.9308182622350034,0,0,-2.220446049250313e-16,0.325439453125
D2-N3-M5-Rloose-S1139,N3-M5-Rloose,2,2+,-0.00581316107194621,0.0,1.6858167108644118,0.0,0.0,-1.6858167108644082,0,0,-3.552713678800501e-15,0.32568359375
D2-N2-M3-Rloose-S1182,N2-M3-Rloose,1,1,-0.005805943915761638,0.0,0.9289510265218621,0.0,0.0,-0.9289510265218621,0,0,0.0,0.325927734375
D2-N2-M5-Rloose-S1279,N2-M5-Rloose,2,2+,-0.005805169702855717,0.0,1.683499213828167,0.0,0.0,-1.6834992138281564,0,0,-1.0658141036401503e-14,0.326171875
D2-N3-M3-Rtight-S1274,N3-M3-Rtight,1,1,-0.0058049466853395335,0.0,0.9287914696543254,0.0,0.0,-0.9287914696543256,0,0,2.220446049250313e-16,0.326416015625
D2-N3-M3-Rloose-S1007,N3-M3-Rloose,1,1,-0.005803135499224177,0.0,0.9285016798758612,0.0,0.0,-0.9285016798758647,0,0,3.552713678800501e-15,0.32666015625
D2-N3-M3-Rloose-S1410,N3-M3-Rloose,1,1,-0.005802874140920962,0.0,0.9284598625473541,0.0,0.0,-0.9284598625473537,0,0,-4.440892098500626e-16,0.326904296875
D2-N3-M3-Rtight-S1026,N3-M3-Rtight,1,1,-0.005800133469685309,0.0,0.9280213551496497,0.0,0.0,-0.9280213551496495,0,0,-2.220446049250313e-16,0.3271484375
D2-N3-M3-Rtight-S1310,N3-M3-Rtight,1,1,-0.005799607739579535,0.0,0.9279372383327253,0.0,0.0,-0.9279372383327256,0,0,2.220446049250313e-16,0.327392578125
D2-N3-M3-Rloose-S1252,N3-M3-Rloose,2,2+,-0.005798673394885462,0.0,1.7396020184656464,0.0,0.0,-1.7396020184656464,0,0,0.0,0.32763671875
D2-N2-M3-Rloose-S1386,N2-M3-Rloose,1,1,-0.00579628164164573,0.0,0.9274050626633166,0.0,0.0,-0.9274050626633166,0,0,0.0,0.327880859375
D2-N2-M5-Rloose-S1239,N2-M5-Rloose,2,2+,-0.005791675891848619,0.0,1.6795860086360932,0.0,0.0,-1.6795860086360932,0,0,0.0,0.328125
D2-N2-M5-Rloose-S1268,N2-M5-Rloose,2,2+,-0.005791413638106202,0.0,1.6795099550508041,0.0,0.0,-1.6795099550508041,0,0,0.0,0.328369140625
D2-N2-M5-Rloose-S1139,N2-M5-Rloose,2,2+,-0.005790823789605881,0.0,1.679338898985705,0.0,0.0,-1.679338898985705,0,0,0.0,0.32861328125
D2-N3-M3-Rtight-S1486,N3-M3-Rtight,1,1,-0.005789531814096919,0.0,0.9263250902555076,0.0,0.0,-0.9263250902555074,0,0,-2.220446049250313e-16,0.328857421875
D2-N2-M5-Rloose-S1507,N2-M5-Rloose,2,2+,-0.005780785190833471,0.0,1.6764277053417125,0.0,0.0,-1.676427705341709,0,0,-3.552713678800501e-15,0.3291015625
D2-N3-M3-Rloose-S1509,N3-M3-Rloose,2,2+,-0.0057767633438783605,0.0,1.7330290031635123,0.0,0.0,-1.7330290031635087,0,0,-3.552713678800501e-15,0.329345703125
D2-N2-M5-Rloose-S1379,N2-M5-Rloose,2,2+,-0.005772445222425537,0.0,1.6740091145034057,0.0,0.0,-1.6740091145034057,0,0,0.0,0.32958984375
D2-N3-M3-Rtight-S1290,N3-M3-Rtight,1,1,-0.005770306799415682,0.0,0.9232490879065094,0.0,0.0,-0.923249087906509,0,0,-4.440892098500626e-16,0.329833984375
D2-N3-M3-Rloose-S1000,N3-M3-Rloose,2,2+,-0.0057702223597106694,0.0,1.7310667079131967,0.0,0.0,-1.7310667079132003,0,0,3.552713678800501e-15,0.330078125
D2-N2-M5-Rloose-S1140,N2-M5-Rloose,2,2+,-0.005768379054724826,0.0,2.0766164597009364,0.0,0.0,-2.0766164597009364,0,0,0.0,0.330322265625
D2-N3-M5-Rloose-S1169,N3-M5-Rloose,3,2+,-0.005766963444271467,0.0,2.47979428103676,0.0,0.0,-2.479794281036746,0,0,-1.4210854715202004e-14,0.33056640625
D2-N3-M3-Rloose-S1376,N3-M3-Rloose,2,2+,-0.005765725219722406,0.0,1.7297175659167365,0.0,0.0,-1.7297175659167223,0,0,-1.4210854715202004e-14,0.330810546875
D2-N2-M3-Rloose-S1164,N2-M3-Rloose,2,2+,-0.005762633332360323,0.0,1.7287899997080913,0.0,0.0,-1.7287899997080913,0,0,0.0,0.3310546875
D2-N3-M3-Rtight-S1090,N3-M3-Rtight,1,1,-0.005761169787399005,0.0,0.9217871659838406,0.0,0.0,-0.9217871659838406,0,0,0.0,0.331298828125
D2-N2-M3-Rloose-S1438,N2-M3-Rloose,1,1,-0.005759241357489826,0.0,0.9214786171983715,0.0,0.0,-0.921478617198372,0,0,4.440892098500626e-16,0.33154296875
D2-N2-M3-Rloose-S1390,N2-M3-Rloose,1,1,-0.005755429891100646,0.0,0.9208687825761035,0.0,0.0,-0.9208687825761035,0,0,0.0,0.331787109375
D2-N2-M3-Rtight-S1362,N2-M3-Rtight,1,1,-0.00575241097115009,0.0,0.9203857553840142,0.0,0.0,-0.9203857553840145,0,0,2.220446049250313e-16,0.33203125
D2-N3-M3-Rloose-S1458,N3-M3-Rloose,1,1,-0.00574826405415697,0.0,0.9197222486651149,0.0,0.0,-0.9197222486651149,0,0,0.0,0.332275390625
D2-N3-M3-Rloose-S1357,N3-M3-Rloose,2,2+,-0.005748052438357715,0.0,1.7244157315073174,0.0,0.0,-1.7244157315073139,0,0,-3.552713678800501e-15,0.33251953125
D2-N2-M3-Rtight-S1086,N2-M3-Rtight,1,1,-0.0057459756039562725,0.0,0.9193560966330034,0.0,0.0,-0.9193560966330034,0,0,0.0,0.332763671875
D2-N2-M3-Rtight-S1122,N2-M3-Rtight,1,1,-0.0057459290906214135,0.0,0.9193486544994265,0.0,0.0,-0.9193486544994265,0,0,0.0,0.3330078125
D2-N2-M3-Rtight-S1390,N2-M3-Rtight,1,1,-0.0057401742309239456,0.0,0.9184278769478313,0.0,0.0,-0.9184278769478311,0,0,-2.220446049250313e-16,0.333251953125
D2-N3-M3-Rtight-S1378,N3-M3-Rtight,1,1,-0.005731702963742574,0.0,0.9170724741988119,0.0,0.0,-0.9170724741988119,0,0,0.0,0.33349609375
D2-N3-M3-Rloose-S1448,N3-M3-Rloose,2,2+,-0.005731149392826096,0.0,1.7193448178478263,0.0,0.0,-1.7193448178478334,0,0,7.105427357601002e-15,0.333740234375
D2-N2-M3-Rtight-S1342,N2-M3-Rtight,1,1,-0.005729470576445683,0.0,0.9167152922313111,0.0,0.0,-0.9167152922313111,0,0,0.0,0.333984375
D2-N3-M5-Rtight-S1188,N3-M5-Rtight,1,1,-0.005728260187044476,0.0,2.4516289456873146,0.011522934741806878,0.0,-2.4631518804291233,-1,-1,1.7763568394002505e-15,0.334228515625
D2-N2-M3-Rloose-S1362,N2-M3-Rloose,1,1,-0.005723626782537721,0.0,0.9157802852060357,0.0,0.0,-0.9157802852060355,0,0,-2.220446049250313e-16,0.33447265625
D2-N2-M3-Rloose-S1496,N2-M3-Rloose,2,2+,-0.00571900552744059,0.0,1.7157016582321845,0.0,0.0,-1.7157016582321774,0,0,-7.105427357601002e-15,0.334716796875
D2-N3-M3-Rtight-S1469,N3-M3-Rtight,1,1,-0.005714664526073776,0.0,0.9143463241718024,0.0,0.0,-0.9143463241718024,0,0,0.0,0.3349609375
D2-N3-M3-Rloose-S1260,N3-M3-Rloose,2,2+,-0.005712668548791794,0.0,1.7138005646375412,0.0,0.0,-1.7138005646375376,0,0,-3.552713678800501e-15,0.335205078125
D2-N2-M5-Rloose-S1436,N2-M5-Rloose,2,2+,-0.0057110560134147614,0.0,1.6562062438902778,0.0,0.0,-1.6562062438902814,0,0,3.552713678800501e-15,0.33544921875
D2-N3-M3-Rtight-S1466,N3-M3-Rtight,1,1,-0.005708917337076945,0.0,0.9134267739323112,0.0,0.0,-0.9134267739323114,0,0,2.220446049250313e-16,0.335693359375
D2-N3-M3-Rtight-S1254,N3-M3-Rtight,1,1,-0.0057087353143693426,0.0,0.9133976502990953,0.0,0.0,-0.9133976502990953,0,0,0.0,0.3359375
D2-N2-M3-Rtight-S1268,N2-M3-Rtight,1,1,-0.005699988686536095,0.0,0.9119981898457787,0.0,0.0,-0.9119981898457752,0,0,-3.552713678800501e-15,0.336181640625
D2-N2-M3-Rloose-S1190,N2-M3-Rloose,1,1,-0.005699390142646907,0.0,0.9119024228235051,0.0,0.0,-0.9119024228235051,0,0,0.0,0.33642578125
D2-N3-M3-Rtight-S1350,N3-M3-Rtight,1,1,-0.005689377980259792,0.0,0.910300476841567,0.0,0.0,-0.910300476841567,0,0,0.0,0.336669921875
D2-N3-M3-Rloose-S1186,N3-M3-Rloose,1,1,-0.005689006551409526,0.0,0.9102410482255237,0.0,0.0,-0.9102410482255241,0,0,4.440892098500626e-16,0.3369140625
D2-N2-M3-Rtight-S1298,N2-M3-Rtight,1,1,-0.005688420560815307,0.0,0.9101472897304492,0.0,0.0,-0.9101472897304492,0,0,0.0,0.337158203125
D2-N2-M5-Rloose-S1084,N2-M5-Rloose,2,2+,-0.00568466832883871,0.0,1.648553815363229,0.0,0.0,-1.648553815363222,0,0,-7.105427357601002e-15,0.33740234375
D2-N3-M3-Rloose-S1221,N3-M3-Rloose,2,2+,-0.005683194390776775,0.0,1.7049583172330323,0.0,0.0,-1.7049583172330358,0,0,3.552713678800501e-15,0.337646484375
D2-N2-M5-Rloose-S1291,N2-M5-Rloose,2,2+,-0.005680694832869593,0.0,1.6474015015321903,0.0,0.0,-1.6474015015321868,0,0,-3.552713678800501e-15,0.337890625
D2-N3-M3-Rloose-S1245,N3-M3-Rloose,2,2+,-0.005679623695335617,0.0,1.7038871086006893,0.0,0.0,-1.7038871086006893,0,0,0.0,0.338134765625
D2-N3-M5-Rloose-S1015,N3-M5-Rloose,2,2+,-0.005678811053375782,0.0,1.6468552054789676,0.0,0.0,-1.6468552054789711,0,0,3.552713678800501e-15,0.33837890625
D2-N2-M3-Rloose-S1434,N2-M3-Rloose,1,1,-0.005672653129561863,0.0,0.9076245007298984,0.0,0.0,-0.9076245007298982,0,0,-2.220446049250313e-16,0.338623046875
D2-N2-M3-Rloose-S1480,N2-M3-Rloose,2,2+,-0.0056726020028294855,0.0,1.7017806008488492,0.0,0.0,-1.7017806008488492,0,0,0.0,0.3388671875
D2-N3-M3-Rtight-S1292,N3-M3-Rtight,1,1,-0.005672524018757119,0.0,0.9076038430011373,0.0,0.0,-0.9076038430011408,0,0,3.552713678800501e-15,0.339111328125
D2-N3-M3-Rtight-S1092,N3-M3-Rtight,1,1,-0.0056721309429012545,0.0,0.9075409508642007,0.0,0.0,-0.9075409508642007,0,0,0.0,0.33935546875
D2-N2-M3-Rtight-S1110,N2-M3-Rtight,1,1,-0.005671503212504968,0.0,0.9074405140007946,0.0,0.0,-0.9074405140007946,0,0,0.0,0.339599609375
D2-N3-M3-Rloose-S1306,N3-M3-Rloose,1,1,-0.005669009296714916,0.0,0.9070414874743866,0.0,0.0,-0.9070414874743866,0,0,0.0,0.33984375
D2-N3-M3-Rtight-S1474,N3-M3-Rtight,1,1,-0.005666610911588786,0.0,0.9066577458542051,0.0,0.0,-0.906657745854206,0,0,8.881784197001252e-16,0.340087890625
D2-N3-M3-Rloose-S1114,N3-M3-Rloose,1,1,-0.005663460026057533,0.0,0.9061536041692055,0.0,0.0,-0.9061536041692055,0,0,0.0,0.34033203125
D2-N3-M3-Rtight-S1041,N3-M3-Rtight,1,1,-0.0056634025111265696,0.0,0.9061444017802556,0.0,0.0,-0.9061444017802529,0,0,-2.6645352591003757e-15,0.340576171875
D2-N3-M3-Rtight-S1122,N3-M3-Rtight,1,1,-0.005660635272375147,0.0,0.9057016435800218,0.0,0.0,-0.9057016435800218,0,0,0.0,0.3408203125
D2-N3-M3-Rloose-S1276,N3-M3-Rloose,2,2+,-0.005653864458526753,0.0,1.6961593375580222,0.0,0.0,-1.6961593375580293,0,0,7.105427357601002e-15,0.341064453125
D2-N2-M3-Rloose-S1256,N2-M3-Rloose,2,2+,-0.005651383673457716,0.0,1.6954151020373125,0.0,0.0,-1.695415102037316,0,0,3.552713678800501e-15,0.34130859375
D2-N3-M5-Rtight-S1322,N3-M5-Rtight,2,2+,-0.005645125912657034,0.0,2.0322453285565345,0.0,0.0,-2.0322453285565416,0,0,7.105427357601002e-15,0.341552734375
D2-N3-M3-Rloose-S1082,N3-M3-Rloose,1,1,-0.005635297328479144,0.0,0.9016475725566635,0.0,0.0,-0.9016475725566631,0,0,-4.440892098500626e-16,0.341796875
D2-N2-M3-Rtight-S1062,N2-M3-Rtight,1,1,-0.005634498639032008,0.0,0.9015197822451213,0.0,0.0,-0.9015197822451215,0,0,2.220446049250313e-16,0.342041015625
D2-N3-M5-Rloose-S1410,N3-M5-Rloose,3,2+,-0.0056336367125977005,0.9523679412566963,2.9804771577918707,0.0,0.0,-2.028109216535171,0,0,-3.552713678800501e-15,0.34228515625
D2-N2-M3-Rloose-S1350,N2-M3-Rloose,1,1,-0.005631047248983516,0.0,0.900967559837363,0.0,0.0,-0.9009675598373628,0,0,-2.220446049250313e-16,0.342529296875
D2-N2-M3-Rtight-S1382,N2-M3-Rtight,1,1,-0.005626340786584961,0.0,0.9002145258535936,0.0,0.0,-0.9002145258535936,0,0,0.0,0.3427734375
D2-N2-M5-Rloose-S1068,N2-M5-Rloose,2,2+,-0.005619281160307146,0.0,1.6723499537345958,0.3505912639759754,0.0,-2.022941217710571,0,0,-4.440892098500626e-16,0.343017578125
D2-N3-M5-Rloose-S1005,N3-M5-Rloose,3,2+,-0.005618367492995324,0.0,2.4158980219879993,0.0,0.0,-2.4158980219879993,0,0,0.0,0.34326171875
D2-N2-M3-Rtight-S1230,N2-M3-Rtight,1,1,-0.005617183770002698,0.0,0.898749403200432,0.0,0.0,-0.8987494032004317,0,0,-2.220446049250313e-16,0.343505859375
D2-N2-M5-Rloose-S1234,N2-M5-Rloose,3,2+,-0.005611638728469981,0.0,2.8058193642350027,0.0,0.0,-2.805819364234992,0,0,-1.0658141036401503e-14,0.34375
D2-N3-M5-Rtight-S1234,N3-M5-Rtight,2,2+,-0.0056066043309217425,0.0,2.410839862296349,0.0,0.0,-2.410839862296349,0,0,0.0,0.343994140625
D2-N3-M5-Rloose-S1012,N3-M5-Rloose,2,2+,-0.005606453806570877,0.0,2.0183233703655254,0.0,0.0,-2.018323370365522,0,0,-3.552713678800501e-15,0.34423828125
D2-N2-M3-Rloose-S1360,N2-M3-Rloose,2,2+,-0.005601894256385576,0.9009009569144268,2.189336635883098,0.0,0.0,-1.288435678968682,0,0,1.0658141036401503e-14,0.344482421875
D2-N3-M3-Rtight-S1246,N3-M3-Rtight,1,1,-0.005600517144381312,0.0,0.8960827431010094,0.0,0.0,-0.8960827431010099,0,0,4.440892098500626e-16,0.3447265625
D2-N3-M3-Rtight-S1418,N3-M3-Rtight,1,1,-0.005600431842154183,0.0,0.8960690947446694,0.0,0.0,-0.8960690947446692,0,0,-2.220446049250313e-16,0.344970703125
D2-N3-M5-Rtight-S1326,N3-M5-Rtight,2,2+,-0.005591323152421106,0.0,2.4042689555410774,0.0,0.0,-2.4042689555410774,0,0,0.0,0.34521484375
D2-N3-M3-Rloose-S1034,N3-M3-Rloose,1,1,-0.00558801952141926,0.0,0.8940831234270814,0.0,0.0,-0.8940831234270816,0,0,2.220446049250313e-16,0.345458984375
D2-N3-M3-Rloose-S1113,N3-M3-Rloose,2,2+,-0.005587950460211738,0.0,1.676385138063523,0.0,0.0,-1.676385138063523,0,0,0.0,0.345703125
D2-N2-M5-Rloose-S1011,N2-M5-Rloose,2,2+,-0.00558690411092691,0.0,1.6202021921688043,0.0,0.0,-1.6202021921688043,0,0,0.0,0.345947265625
D2-N2-M5-Rtight-S1450,N2-M5-Rtight,2,2+,-0.005586730847596477,1.5714439756212073,3.5826670807559235,0.0,0.0,-2.011223105134725,0,0,8.881784197001252e-15,0.34619140625
D2-N3-M5-Rtight-S1038,N3-M5-Rtight,2,2+,-0.005582988401842799,0.0,2.0098758246634087,0.0,0.0,-2.009875824663407,0,0,-1.7763568394002505e-15,0.346435546875
D2-N3-M3-Rtight-S1134,N3-M3-Rtight,1,1,-0.0055810940174808275,0.0,0.8929750427969323,0.0,0.0,-0.8929750427969325,0,0,2.220446049250313e-16,0.3466796875
D2-N2-M3-Rtight-S1054,N2-M3-Rtight,1,1,-0.0055783612631650804,0.0,0.8925378021064132,0.0,0.0,-0.8925378021064132,0,0,0.0,0.346923828125
D2-N3-M5-Rloose-S1009,N3-M5-Rloose,3,2+,-0.005572903529781625,0.0,2.396348517806125,0.0,0.0,-2.3963485178061035,0,0,-2.1316282072803006e-14,0.34716796875
D2-N2-M3-Rloose-S1370,N2-M3-Rloose,1,1,-0.0055724003281273134,0.0,0.8915840525003702,0.0,0.0,-0.8915840525003702,0,0,0.0,0.347412109375
D2-N2-M3-Rloose-S1478,N2-M3-Rloose,1,1,-0.005569093960842469,0.0,0.8910550337347947,0.0,0.0,-0.8910550337347947,0,0,0.0,0.34765625
D2-N2-M5-Rloose-S1215,N2-M5-Rloose,2,2+,-0.005568405691955908,0.0,1.6148376506672157,0.0,0.0,-1.6148376506672122,0,0,-3.552713678800501e-15,0.347900390625
D2-N2-M5-Rloose-S1272,N2-M5-Rloose,2,2+,-0.0055665342407022755,0.0,1.6142949298036662,0.0,0.0,-1.6142949298036626,0,0,-3.552713678800501e-15,0.34814453125
D2-N2-M3-Rtight-S1394,N2-M3-Rtight,1,1,-0.005564485690055106,0.0,0.8903177104088162,0.0,0.0,-0.8903177104088167,0,0,4.440892098500626e-16,0.348388671875
D2-N3-M5-Rloose-S1504,N3-M5-Rloose,2,2+,-0.005563261128135238,0.0,1.6133457271592064,0.0,0.0,-1.6133457271592135,0,0,7.105427357601002e-15,0.3486328125
D2-N2-M5-Rloose-S1348,N2-M5-Rloose,2,2+,-0.005560612554653815,0.0,1.6125776408496009,0.0,0.0,-1.612577640849608,0,0,7.105427357601002e-15,0.348876953125
D2-N2-M3-Rloose-S1042,N2-M3-Rloose,1,1,-0.005553868461508663,0.0,0.888618953841386,0.0,0.0,-0.888618953841386,0,0,0.0,0.34912109375
D2-N2-M3-Rtight-S1134,N2-M3-Rtight,1,1,-0.005543184406109406,0.0,0.8869095049775049,0.0,0.0,-0.8869095049775049,0,0,0.0,0.349365234375
D2-N3-M5-Rloose-S1344,N3-M5-Rloose,2,2+,-0.005541600015269155,0.0,1.607064004428075,0.0,0.0,-1.607064004428068,0,0,-7.105427357601002e-15,0.349609375
D2-N3-M5-Rloose-S1493,N3-M5-Rloose,3,2+,-0.005539047167401168,0.0,2.381790281982518,0.0,0.0,-2.381790281982518,0,0,0.0,0.349853515625
D2-N3-M3-Rtight-S1494,N3-M3-Rtight,1,1,-0.005536505833836844,0.0,0.8858409334138948,0.0,0.0,-0.885840933413895,0,0,2.220446049250313e-16,0.35009765625
D2-N3-M3-Rtight-S1434,N3-M3-Rtight,1,1,-0.005524589292691482,0.0,0.8839342868306375,0.0,0.0,-0.8839342868306375,0,0,0.0,0.350341796875
D2-N3-M3-Rtight-S1098,N3-M3-Rtight,1,1,-0.005519005583271282,0.0,0.8830408933234049,0.0,0.0,-0.8830408933234049,0,0,0.0,0.3505859375
D2-N2-M3-Rloose-S1464,N2-M3-Rloose,2,2+,-0.00551588728614541,0.0,1.6547661858436378,0.0,0.0,-1.6547661858436271,0,0,-1.0658141036401503e-14,0.350830078125
D2-N3-M3-Rloose-S1443,N3-M3-Rloose,1,1,-0.005514835200799317,0.0,0.8823736321278943,0.0,0.0,-0.8823736321278943,0,0,0.0,0.35107421875
D2-N2-M5-Rloose-S1171,N2-M5-Rloose,2,2+,-0.005512516891247932,0.0,1.5986298984618976,0.0,0.0,-1.5986298984619012,0,0,3.552713678800501e-15,0.351318359375
D2-N2-M5-Rloose-S1327,N2-M5-Rloose,2,2+,-0.005509025084538516,0.0,1.5976172745161747,0.0,0.0,-1.5976172745161747,0,0,0.0,0.3515625
D2-N2-M3-Rloose-S1145,N2-M3-Rloose,2,2+,-0.005505769388360976,0.0,1.6517308165082945,0.0,0.0,-1.651730816508291,0,0,-3.552713678800501e-15,0.351806640625
D2-N2-M5-Rloose-S1195,N2-M5-Rloose,2,2+,-0.005490476575003095,0.0,1.5922382067508956,0.0,0.0,-1.592238206750899,0,0,3.552713678800501e-15,0.35205078125
D2-N2-M3-Rloose-S1511,N2-M3-Rloose,1,1,-0.005488063714034319,0.0,0.8780901942454804,0.0,0.0,-0.8780901942454875,0,0,7.105427357601002e-15,0.352294921875
D2-N3-M3-Rloose-S1502,N3-M3-Rloose,1,1,-0.005484219812712562,0.0,0.8774751700340104,0.0,0.0,-0.8774751700340104,0,0,0.0,0.3525390625
D2-N2-M3-Rtight-S1404,N2-M3-Rtight,1,1,-0.005480628243350216,0.0,1.2605444959705494,0.0,0.0,-1.2605444959705494,0,0,0.0,0.352783203125
D2-N3-M5-Rtight-S1298,N3-M5-Rtight,2,2+,-0.005480452568166011,0.0,2.356594604311372,0.0,0.0,-2.3565946043113826,0,0,1.0658141036401503e-14,0.35302734375
D2-N2-M3-Rtight-S1462,N2-M3-Rtight,1,1,-0.005478709697121734,0.0,1.2601032303379984,0.0,0.0,-1.2601032303379984,0,0,0.0,0.353271484375
D2-N2-M3-Rtight-S1354,N2-M3-Rtight,1,1,-0.005477953069404956,0.0,0.8764724911047928,0.0,0.0,-0.876472491104793,0,0,2.220446049250313e-16,0.353515625
D2-N3-M5-Rloose-S1110,N3-M5-Rloose,4,2+,-0.005476912611807105,8.31567902112053,9.787367561371099,0.0,0.5,-1.9716885402505682,1,0,0.0,0.353759765625
D2-N2-M5-Rtight-S1374,N2-M5-Rtight,2,2+,-0.005474506871932627,1.537200029659516,3.5080225035552637,0.0,0.0,-1.9708224738957512,0,0,3.552713678800501e-15,0.35400390625
D2-N2-M3-Rtight-S1286,N2-M3-Rtight,1,1,-0.005472354826380822,0.0,0.8755767722209309,0.0,0.0,-0.8755767722209313,0,0,4.440892098500626e-16,0.354248046875
D2-N3-M3-Rtight-S1126,N3-M3-Rtight,1,1,-0.005472222730200052,0.0,0.8755556368320083,0.0,0.0,-0.8755556368320083,0,0,0.0,0.3544921875
D2-N2-M3-Rtight-S1218,N2-M3-Rtight,1,1,-0.005469551016171102,0.0,0.8751281625873761,0.0,0.0,-0.8751281625873761,0,0,0.0,0.354736328125
D2-N3-M5-Rloose-S1054,N3-M5-Rloose,4,2+,-0.005467353482837278,6.890912246505451,8.741874244125473,0.0,0.5,-2.3509619976200327,1,0,1.0658141036401503e-14,0.35498046875
D2-N2-M5-Rloose-S1288,N2-M5-Rloose,2,2+,-0.005466206818377534,0.0,1.5851999773294843,0.0,0.0,-1.5851999773294878,0,0,3.552713678800501e-15,0.355224609375
D2-N2-M3-Rloose-S1210,N2-M3-Rloose,1,1,-0.005456475916073254,0.0,0.8730361465717207,0.0,0.0,-0.8730361465717205,0,0,-2.220446049250313e-16,0.35546875
D2-N2-M3-Rtight-S1162,N2-M3-Rtight,1,1,-0.00545410747072669,0.0,0.8726571953162701,0.0,0.0,-0.8726571953162701,0,0,0.0,0.355712890625
D2-N2-M5-Rtight-S1118,N2-M5-Rtight,2,2+,-0.005451408824826753,1.5224560456714755,3.484963222609105,0.0,0.0,-1.9625071769376348,0,0,5.329070518200751e-15,0.35595703125
D2-N3-M5-Rloose-S1031,N3-M5-Rloose,2,2+,-0.0054475765247450625,0.0,1.579797192176077,0.0,0.0,-1.5797971921760734,0,0,-3.552713678800501e-15,0.356201171875
D2-N3-M3-Rloose-S1355,N3-M3-Rloose,1,1,-0.005445398013224079,0.0,0.8712636821158455,0.0,0.0,-0.8712636821158526,0,0,7.105427357601002e-15,0.3564453125
D2-N3-M3-Rloose-S1085,N3-M3-Rloose,2,2+,-0.005445008060518064,0.0,1.633502418155416,0.0,0.0,-1.633502418155416,0,0,0.0,0.356689453125
D2-N3-M3-Rloose-S1207,N3-M3-Rloose,1,1,-0.005442639889579215,0.0,0.8708223823326833,0.0,0.0,-0.8708223823326762,0,0,-7.105427357601002e-15,0.35693359375
D2-N3-M3-Rloose-S1219,N3-M3-Rloose,1,1,-0.005436942365113717,0.0,0.8699107784181983,0.0,0.0,-0.8699107784182019,0,0,3.552713678800501e-15,0.357177734375
D2-N3-M3-Rtight-S1390,N3-M3-Rtight,1,1,-0.005433331633111584,0.0,0.8693330612978536,0.0,0.0,-0.8693330612978536,0,0,0.0,0.357421875
D2-N3-M3-Rloose-S1031,N3-M3-Rloose,1,1,-0.00543270707943766,0.0,0.8692331327100291,0.0,0.0,-0.869233132710022,0,0,-7.105427357601002e-15,0.357666015625
D2-N2-M3-Rloose-S1454,N2-M3-Rloose,1,1,-0.005431278214954368,0.0,0.8690045143926985,0.0,0.0,-0.8690045143926985,0,0,0.0,0.35791015625
D2-N2-M3-Rtight-S1022,N2-M3-Rtight,1,1,-0.00542654672894516,0.0,0.8682474766312258,0.0,0.0,-0.8682474766312258,0,0,0.0,0.358154296875
D2-N3-M3-Rloose-S1020,N3-M3-Rloose,2,2+,-0.005425400266770269,0.0,1.627620080031079,0.0,0.0,-1.627620080031079,0,0,0.0,0.3583984375
D2-N2-M5-Rloose-S1155,N2-M5-Rloose,2,2+,-0.005424827987188269,0.0,1.573200116284582,0.0,0.0,-1.573200116284596,0,0,1.4210854715202004e-14,0.358642578125
D2-N3-M3-Rloose-S1195,N3-M3-Rloose,1,1,-0.005420440999637233,0.0,0.8672705599419608,0.0,0.0,-0.8672705599419572,0,0,-3.552713678800501e-15,0.35888671875
D2-N3-M3-Rloose-S1437,N3-M3-Rloose,2,2+,-0.005420048012398246,0.0,1.6260144037194735,0.0,0.0,-1.6260144037194735,0,0,0.0,0.359130859375
D2-N2-M3-Rloose-S1199,N2-M3-Rloose,1,1,-0.005415374995784761,0.0,0.8664599993255528,0.0,0.0,-0.8664599993255564,0,0,3.552713678800501e-15,0.359375
D2-N3-M3-Rloose-S1491,N3-M3-Rloose,1,1,-0.005410325328856436,0.0,0.8656520526170404,0.0,0.0,-0.8656520526170368,0,0,-3.552713678800501e-15,0.359619140625
D2-N3-M3-Rloose-S1224,N3-M3-Rloose,2,2+,-0.0054078726257456855,0.0,1.6223617877237082,0.0,0.0,-1.6223617877237118,0,0,3.552713678800501e-15,0.35986328125
D2-N2-M3-Rloose-S1195,N2-M3-Rloose,1,1,-0.005407185085764266,0.0,0.8651496137222736,0.0,0.0,-0.8651496137222807,0,0,7.105427357601002e-15,0.360107421875
D2-N3-M3-Rtight-S1424,N3-M3-Rtight,1,1,-0.005397432040490202,0.0,1.241409369312752,0.0,0.0,-1.2414093693127484,0,0,-3.552713678800501e-15,0.3603515625
D2-N2-M3-Rloose-S1092,N2-M3-Rloose,2,2+,-0.005396904858863016,0.0,1.619071457658901,0.0,0.0,-1.6190714576589045,0,0,3.552713678800501e-15,0.360595703125
D2-N3-M5-Rloose-S1415,N3-M5-Rloose,2,2+,-0.005392097040509497,0.0,1.5637081417477567,0.0,0.0,-1.5637081417477603,0,0,3.552713678800501e-15,0.36083984375
D2-N3-M5-Rloose-S1113,N3-M5-Rloose,3,2+,-0.00539172720262493,0.0,2.3184426971287095,0.0,0.0,-2.3184426971287166,0,0,7.105427357601002e-15,0.361083984375
D2-N2-M5-Rtight-S1086,N2-M5-Rtight,1,1,-0.005380249635953294,0.0,0.4549327606791227,0.7287221592305926,0.0,-1.1836549199097277,0,0,1.2434497875801753e-14,0.361328125
D2-N3-M3-Rloose-S1459,N3-M3-Rloose,1,1,-0.005378353318861828,0.0,0.8605365310178854,0.0,0.0,-0.8605365310178854,0,0,0.0,0.361572265625
D2-N2-M3-Rloose-S1275,N2-M3-Rloose,1,1,-0.005377679144483338,0.0,0.8604286631173323,0.0,0.0,-0.8604286631173323,0,0,0.0,0.36181640625
D2-N2-M3-Rtight-S1429,N2-M3-Rtight,1,1,-0.00537643654387765,0.0,0.8602298470204239,0.0,0.0,-0.8602298470204239,0,0,0.0,0.362060546875
D2-N2-M3-Rloose-S1334,N2-M3-Rloose,1,1,-0.005376111744759084,0.0,0.8601778791614536,0.0,0.0,-0.8601778791614536,0,0,0.0,0.3623046875
D2-N2-M5-Rtight-S1307,N2-M5-Rtight,1,1,-0.005370614993316106,0.0,1.1815352985295409,0.0,0.0,-1.1815352985295426,0,0,1.7763568394002505e-15,0.362548828125
D2-N3-M3-Rtight-S1465,N3-M3-Rtight,1,1,-0.005357918352415503,0.0,1.232321221055571,0.0,0.0,-1.232321221055571,0,0,0.0,0.36279296875
D2-N2-M3-Rloose-S1459,N2-M3-Rloose,1,1,-0.005352955009428895,0.0,0.8564728015086125,0.0,0.0,-0.856472801508616,0,0,3.552713678800501e-15,0.363037109375
D2-N3-M5-Rloose-S1010,N3-M5-Rloose,3,2+,-0.005346840398809172,1.057140253978261,2.9820027975495726,0.0,0.0,-1.924862543571308,0,0,-3.552713678800501e-15,0.36328125
D2-N2-M5-Rloose-S1382,N2-M5-Rloose,4,2+,-0.005344762911360615,0.0,2.4455200206374954,-0.14727196875243553,0.0,-2.2982480518850608,-2,0,8.881784197001252e-16,0.363525390625
D2-N3-M3-Rloose-S1003,N3-M3-Rloose,1,1,-0.00534008784268758,0.0,0.8544140548300234,0.0,0.0,-0.8544140548300163,0,0,-7.105427357601002e-15,0.36376953125
D2-N3-M3-Rtight-S1025,N3-M3-Rtight,1,1,-0.005337458261603256,0.0,1.2276154001687463,0.0,0.0,-1.2276154001687587,0,0,1.2434497875801753e-14,0.364013671875
D2-N2-M3-Rloose-S1344,N2-M3-Rloose,2,2+,-0.0053355247871214595,0.0,1.6006574361364478,0.0,0.0,-1.6006574361364443,0,0,-3.552713678800501e-15,0.3642578125
D2-N2-M5-Rloose-S1340,N2-M5-Rloose,2,2+,-0.005331115034269973,0.0,1.9192014123371806,0.0,0.0,-1.9192014123371877,0,0,7.105427357601002e-15,0.364501953125
D2-N3-M5-Rloose-S1398,N3-M5-Rloose,4,2+,-0.005330130314338433,7.481800049873357,7.704541088697603,1.196105874337587,0.5,-1.9188469131618433,1,0,1.021405182655144e-14,0.36474609375
D2-N2-M3-Rloose-S1295,N2-M3-Rloose,1,1,-0.005325336583557938,0.0,0.8520538533692736,0.0,0.0,-0.8520538533692701,0,0,-3.552713678800501e-15,0.364990234375
D2-N3-M3-Rtight-S1242,N3-M3-Rtight,1,1,-0.005319010281158918,0.0,0.8510416449854266,0.0,0.0,-0.8510416449854268,0,0,2.220446049250313e-16,0.365234375
D2-N2-M3-Rtight-S1200,N2-M3-Rtight,1,1,-0.00531473641486413,0.0,0.850357826378259,0.0,0.0,-0.8503578263782572,0,0,-1.7763568394002505e-15,0.365478515625
D2-N2-M5-Rloose-S1056,N2-M5-Rloose,2,2+,-0.005313808387666041,0.0,1.9129710195597873,0.0,0.0,-1.9129710195597767,0,0,-1.0658141036401503e-14,0.36572265625
D2-N2-M3-Rloose-S1131,N2-M3-Rloose,1,1,-0.005310871441599585,0.0,0.849739430655923,0.0,0.0,-0.84973943065593,0,0,7.105427357601002e-15,0.365966796875
D2-N2-M3-Rloose-S1421,N2-M3-Rloose,2,2+,-0.0053083855644935896,0.0,1.5925156693480815,0.0,0.0,-1.5925156693480744,0,0,-7.105427357601002e-15,0.3662109375
D2-N3-M3-Rloose-S1323,N3-M3-Rloose,1,1,-0.005304718992968749,0.0,0.8487550388750016,0.0,0.0,-0.848755038874998,0,0,-3.552713678800501e-15,0.366455078125
D2-N3-M3-Rtight-S1458,N3-M3-Rtight,1,1,-0.005296812186403151,0.0,0.8474899498245041,0.0,0.0,-0.8474899498245039,0,0,-2.220446049250313e-16,0.36669921875
D2-N2-M3-Rtight-S1082,N2-M3-Rtight,1,1,-0.005285940914459407,0.0,0.8457505463135049,0.0,0.0,-0.8457505463135049,0,0,0.0,0.366943359375
D2-N2-M3-Rloose-S1022,N2-M3-Rloose,1,1,-0.005282826293674638,0.0,0.8452522069879422,0.0,0.0,-0.8452522069879422,0,0,0.0,0.3671875
D2-N2-M3-Rloose-S1075,N2-M3-Rloose,1,1,-0.00528066566466201,0.0,0.8449065063459216,0.0,0.0,-0.8449065063459216,0,0,0.0,0.367431640625
D2-N2-M5-Rloose-S1475,N2-M5-Rloose,2,2+,-0.0052787619709697975,0.0,1.5308409715812417,0.0,0.0,-1.5308409715812417,0,0,0.0,0.36767578125
D2-N2-M3-Rloose-S1410,N2-M3-Rloose,1,1,-0.005272062214522651,0.0,0.8435299543236237,0.0,0.0,-0.8435299543236239,0,0,2.220446049250313e-16,0.367919921875
D2-N2-M3-Rloose-S1507,N2-M3-Rloose,1,1,-0.00526593718325169,0.0,0.8425499493202686,0.0,0.0,-0.8425499493202722,0,0,3.552713678800501e-15,0.3681640625
D2-N2-M3-Rloose-S1479,N2-M3-Rloose,1,1,-0.00526387494321251,0.0,0.8422199909140033,0.0,0.0,-0.8422199909140033,0,0,0.0,0.368408203125
D2-N2-M3-Rtight-S1202,N2-M3-Rtight,1,1,-0.005263754735125876,0.0,0.8422007576201398,0.0,0.0,-0.84220075762014,0,0,2.220446049250313e-16,0.36865234375
D2-N2-M3-Rloose-S1124,N2-M3-Rloose,2,2+,-0.005254969431563505,0.0,1.576490829469062,0.0,0.0,-1.5764908294690514,0,0,-1.0658141036401503e-14,0.368896484375
D2-N2-M3-Rtight-S1480,N2-M3-Rtight,1,1,-0.005252056874507249,0.0,1.2079730811366787,0.0,0.0,-1.2079730811366716,0,0,-7.105427357601002e-15,0.369140625
D2-N2-M5-Rloose-S1328,N2-M5-Rloose,2,2+,-0.005251970191710226,0.0,1.5230713555959596,0.0,0.0,-1.5230713555959667,0,0,7.105427357601002e-15,0.369384765625
D2-N3-M3-Rloose-S1103,N3-M3-Rloose,1,1,-0.005247527768666271,0.0,0.8396044429865981,0.0,0.0,-0.8396044429865981,0,0,0.0,0.36962890625
D2-N2-M3-Rtight-S1322,N2-M3-Rtight,1,1,-0.005246868190528928,0.0,0.8394989104846289,0.0,0.0,-0.8394989104846289,0,0,0.0,0.369873046875
D2-N3-M3-Rtight-S1426,N3-M3-Rtight,1,1,-0.005237649960550136,0.0,0.8380239936880223,0.0,0.0,-0.8380239936880223,0,0,0.0,0.3701171875
D2-N3-M3-Rloose-S1051,N3-M3-Rloose,1,1,-0.005230674161344484,0.0,0.8369078658151103,0.0,0.0,-0.836907865815121,0,0,1.0658141036401503e-14,0.370361328125
D2-N2-M3-Rloose-S1203,N2-M3-Rloose,1,1,-0.005229730760387685,0.0,0.8367569216620332,0.0,0.0,-0.8367569216620296,0,0,-3.552713678800501e-15,0.37060546875
D2-N2-M3-Rloose-S1379,N2-M3-Rloose,1,1,-0.005228353537313768,0.0,0.8365365659702135,0.0,0.0,-0.8365365659702064,0,0,-7.105427357601002e-15,0.370849609375
D2-N3-M3-Rloose-S1138,N3-M3-Rloose,1,1,-0.005228254427502674,0.0,0.8365207084004274,0.0,0.0,-0.8365207084004274,0,0,0.0,0.37109375
D2-N2-M3-Rloose-S1323,N2-M3-Rloose,1,1,-0.005224096087724117,0.0,0.8358553740358623,0.0,0.0,-0.8358553740358587,0,0,-3.552713678800501e-15,0.371337890625
D2-N3-M3-Rloose-S1076,N3-M3-Rloose,2,2+,-0.005220798553452033,0.0,1.5662395660356125,0.0,0.0,-1.5662395660356125,0,0,0.0,0.37158203125
D2-N3-M5-Rloose-S1024,N3-M5-Rloose,2,2+,-0.0052203275609439825,0.0,1.8793179219398226,0.0,0.0,-1.8793179219398297,0,0,7.105427357601002e-15,0.371826171875
D2-N2-M3-Rloose-S1475,N2-M3-Rloose,1,1,-0.0052196054170517425,0.0,0.8351368667282699,0.0,0.0,-0.835136866728277,0,0,7.105427357601002e-15,0.3720703125
D2-N3-M3-Rloose-S1211,N3-M3-Rloose,1,1,-0.005209299068939299,0.0,0.8334878510302879,0.0,0.0,-0.8334878510302843,0,0,-3.552713678800501e-15,0.372314453125
D2-N3-M3-Rtight-S1248,N3-M3-Rtight,1,1,-0.005204847887404662,0.0,1.1971150141030762,0.0,0.0,-1.1971150141030762,0,0,0.0,0.37255859375
D2-N3-M3-Rtight-S1509,N3-M3-Rtight,1,1,-0.005204686717173779,0.0,1.1970779449499638,0.0,0.0,-1.1970779449499673,0,0,3.552713678800501e-15,0.372802734375
D2-N2-M3-Rloose-S1271,N2-M3-Rloose,1,1,-0.005204283078769134,0.0,0.8326852926030774,0.0,0.0,-0.8326852926030597,0,0,-1.7763568394002505e-14,0.373046875
D2-N3-M5-Rloose-S1508,N3-M5-Rloose,2,2+,-0.005191953851543085,0.0,1.5056666169475044,0.0,0.0,-1.505666616947508,0,0,3.552713678800501e-15,0.373291015625
D2-N3-M3-Rloose-S1507,N3-M3-Rloose,1,1,-0.0051865906498197445,0.0,0.8298545039711556,0.0,0.0,-0.8298545039711627,0,0,7.105427357601002e-15,0.37353515625
D2-N2-M3-Rloose-S1102,N2-M3-Rloose,1,1,-0.005185835398089797,0.0,0.8297336636943675,0.0,0.0,-0.8297336636943675,0,0,0.0,0.373779296875
D2-N3-M3-Rloose-S1475,N3-M3-Rloose,1,1,-0.0051856012450376965,0.0,0.8296961992060226,0.0,0.0,-0.8296961992060261,0,0,3.552713678800501e-15,0.3740234375
D2-N2-M3-Rtight-S1020,N2-M3-Rtight,1,1,-0.005185179368577597,0.0,1.1925912547728483,0.0,0.0,-1.1925912547728483,0,0,0.0,0.374267578125
D2-N3-M3-Rloose-S1471,N3-M3-Rloose,1,1,-0.005184400854820637,0.0,0.8295041367713054,0.0,0.0,-0.8295041367713054,0,0,0.0,0.37451171875
D2-N2-M3-Rtight-S1301,N2-M3-Rtight,1,1,-0.00518295147568365,0.0,0.8079183899828131,0.3841604494244242,0.0,-1.1920788394072375,-1,-1,2.220446049250313e-16,0.374755859375
D2-N2-M3-Rloose-S1426,N2-M3-Rloose,1,1,-0.00517570721363677,0.0,0.8281131541818831,0.0,0.0,-0.8281131541818834,0,0,2.220446049250313e-16,0.375
D2-N3-M3-Rtight-S1362,N3-M3-Rtight,1,1,-0.005174771946329711,0.0,0.8279635114127537,0.0,0.0,-0.8279635114127539,0,0,2.220446049250313e-16,0.375244140625
D2-N3-M5-Rloose-S1224,N3-M5-Rloose,2,2+,-0.005172608138036494,0.0,1.8621389296931312,0.0,0.0,-1.8621389296931312,0,0,0.0,0.37548828125
D2-N3-M3-Rloose-S1303,N3-M3-Rloose,1,1,-0.005172062065689653,0.0,0.8275299305103516,0.0,0.0,-0.8275299305103516,0,0,0.0,0.375732421875
D2-N2-M3-Rtight-S1262,N2-M3-Rtight,1,1,-0.0051700157603242584,0.0,0.8272025216518815,0.0,0.0,-0.8272025216518815,0,0,0.0,0.3759765625
D2-N3-M3-Rloose-S1287,N3-M3-Rloose,1,1,-0.005168531778784846,0.0,0.8269650846055789,0.0,0.0,-0.8269650846055754,0,0,-3.552713678800501e-15,0.376220703125
D2-N2-M3-Rtight-S1222,N2-M3-Rtight,1,1,-0.005166985182497856,0.0,0.8267176291996576,0.0,0.0,-0.8267176291996572,0,0,-4.440892098500626e-16,0.37646484375
D2-N3-M5-Rloose-S1096,N3-M5-Rloose,2,2+,-0.005165045210870606,0.0,1.8594162759134143,0.0,0.0,-1.8594162759134178,0,0,3.552713678800501e-15,0.376708984375
D2-N3-M3-Rloose-S1123,N3-M3-Rloose,1,1,-0.005164817536926769,0.0,0.8263708059082795,0.0,0.0,-0.826370805908283,0,0,3.552713678800501e-15,0.376953125
D2-N2-M5-Rloose-S1337,N2-M5-Rloose,2,2+,-0.0051603499107041595,0.0,2.218950461602784,0.0,0.0,-2.2189504616027875,0,0,3.552713678800501e-15,0.377197265625
D2-N2-M3-Rloose-S1031,N2-M3-Rloose,1,1,-0.005158738400097562,0.0,0.8253981440156153,0.0,0.0,-0.8253981440156082,0,0,-7.105427357601002e-15,0.37744140625
D2-N3-M3-Rloose-S1163,N3-M3-Rloose,1,1,-0.005155622505922941,0.0,0.824899600947667,0.0,0.0,-0.8248996009476741,0,0,7.105427357601002e-15,0.377685546875
D2-N3-M3-Rloose-S1435,N3-M3-Rloose,1,1,-0.005151954905680323,0.0,0.8243127849088516,0.0,0.0,-0.8243127849088552,0,0,3.552713678800501e-15,0.3779296875
D2-N3-M3-Rloose-S1291,N3-M3-Rloose,1,1,-0.005151281296480514,0.0,0.8242050074368912,0.0,0.0,-0.8242050074368876,0,0,-3.552713678800501e-15,0.378173828125
D2-N2-M3-Rloose-S1223,N2-M3-Rloose,1,1,-0.00514843106183871,0.0,0.8237489698942007,0.0,0.0,-0.8237489698941971,0,0,-3.552713678800501e-15,0.37841796875
D2-N3-M3-Rtight-S1277,N3-M3-Rtight,1,1,-0.005144428027725606,0.0,1.1832184463768876,0.0,0.0,-1.1832184463768876,0,0,0.0,0.378662109375
D2-N2-M5-Rloose-S1100,N2-M5-Rloose,2,2+,-0.00514205999355527,0.0,1.851141597679888,0.0,0.0,-1.8511415976798915,0,0,3.552713678800501e-15,0.37890625
D2-N3-M3-Rtight-S1233,N3-M3-Rtight,1,1,-0.005137452373951967,0.0,1.6588539975918728,-0.4772399515829051,0.0,-1.18161404600896,0,1,-7.771561172376096e-15,0.379150390625
D2-N3-M5-Rloose-S1200,N3-M5-Rloose,2,2+,-0.005118380055821631,0.0,1.8426168200957846,0.0,0.0,-1.8426168200957846,0,0,0.0,0.37939453125
D2-N2-M3-Rtight-S1444,N2-M3-Rtight,1,1,-0.0051155279085263045,0.0,1.176571418961048,0.0,0.0,-1.176571418961048,0,0,0.0,0.379638671875
D2-N3-M3-Rloose-S1415,N3-M3-Rloose,1,1,-0.005103628496514245,0.0,0.8165805594422864,0.0,0.0,-0.8165805594422864,0,0,0.0,0.3798828125
D2-N2-M3-Rtight-S1068,N2-M3-Rtight,1,1,-0.005101518308514415,0.0,1.173349210958314,0.0,0.0,-1.173349210958314,0,0,0.0,0.380126953125
D2-N3-M5-Rloose-S1340,N3-M5-Rloose,2,2+,-0.005096976411633508,0.0,1.834911508188057,0.0,0.0,-1.834911508188057,0,0,0.0,0.38037109375
D2-N3-M5-Rloose-S1232,N3-M5-Rloose,2,2+,-0.005094987494865089,0.0,1.834195498151427,0.0,0.0,-1.8341954981514306,0,0,3.552713678800501e-15,0.380615234375
D2-N2-M3-Rtight-S1153,N2-M3-Rtight,1,1,-0.0050909524197669115,0.0,1.1709190565463903,0.0,0.0,-1.1709190565463903,0,0,0.0,0.380859375
D2-N2-M3-Rloose-S1059,N2-M3-Rloose,1,1,-0.0050894722003517745,0.0,0.8143155520562857,0.0,0.0,-0.8143155520562857,0,0,0.0,0.381103515625
D2-N3-M3-Rtight-S1404,N3-M3-Rtight,1,1,-0.0050873591957570075,0.0,1.170092615024103,0.0,0.0,-1.170092615024103,0,0,0.0,0.38134765625
D2-N2-M3-Rloose-S1383,N2-M3-Rloose,1,1,-0.005087034963659698,0.0,0.813925594185541,0.0,0.0,-0.8139255941855481,0,0,7.105427357601002e-15,0.381591796875
D2-N2-M3-Rloose-S1219,N2-M3-Rloose,1,1,-0.005086337056229573,0.0,0.8138139289967476,0.0,0.0,-0.813813928996737,0,0,-1.0658141036401503e-14,0.3818359375
D2-N2-M3-Rloose-S1431,N2-M3-Rloose,1,1,-0.005083935463966682,0.0,0.8134296742346692,0.0,0.0,-0.8134296742346692,0,0,0.0,0.382080078125
D2-N3-M5-Rloose-S1408,N3-M5-Rloose,2,2+,-0.005081533118446502,0.0,1.8293519226407362,0.0,0.0,-1.8293519226407398,0,0,3.552713678800501e-15,0.38232421875
D2-N2-M3-Rloose-S1027,N2-M3-Rloose,1,1,-0.005078518905436535,0.0,0.8125630248698386,0.0,0.0,-0.8125630248698457,0,0,7.105427357601002e-15,0.382568359375
D2-N2-M3-Rloose-S1283,N2-M3-Rloose,1,1,-0.00507806373057873,0.0,0.8124901968925897,0.0,0.0,-0.8124901968925968,0,0,7.105427357601002e-15,0.3828125
D2-N2-M3-Rtight-S1496,N2-M3-Rtight,1,1,-0.005077679011208196,0.0,1.1678661725778845,0.0,0.0,-1.1678661725778845,0,0,0.0,0.383056640625
D2-N2-M5-Rloose-S1184,N2-M5-Rloose,2,2+,-0.005075658058782212,0.0,1.8272369011616085,0.0,0.0,-1.8272369011615979,0,0,-1.0658141036401503e-14,0.38330078125
D2-N2-M5-Rloose-S1164,N2-M5-Rloose,2,2+,-0.005074541077083411,0.0,1.826834787750034,0.0,0.0,-1.8268347877500304,0,0,-3.552713678800501e-15,0.383544921875
D2-N3-M3-Rloose-S1383,N3-M3-Rloose,1,1,-0.005065314277894362,0.0,0.8104502844630979,0.0,0.0,-0.8104502844631014,0,0,3.552713678800501e-15,0.3837890625
D2-N3-M5-Rloose-S1384,N3-M5-Rloose,2,2+,-0.005049780742862164,0.0,1.8179210674303796,0.0,0.0,-1.817921067430376,0,0,-3.552713678800501e-15,0.384033203125
D2-N3-M5-Rloose-S1004,N3-M5-Rloose,2,2+,-0.005047587825423361,0.0,1.8171316171524197,0.0,0.0,-1.8171316171524126,0,0,-7.105427357601002e-15,0.38427734375
D2-N2-M3-Rtight-S1001,N2-M3-Rtight,1,1,-0.005047545532870887,0.0,1.160935472560304,0.0,0.0,-1.160935472560304,0,0,0.0,0.384521484375
D2-N3-M3-Rloose-S1087,N3-M3-Rloose,1,1,-0.005047518937697559,0.0,0.8076030300316077,0.0,0.0,-0.8076030300316148,0,0,7.105427357601002e-15,0.384765625
D2-N2-M3-Rtight-S1361,N2-M3-Rtight,1,1,-0.00504044101345117,0.0,1.1593014330937699,0.0,0.0,-1.1593014330937699,0,0,0.0,0.385009765625
D2-N2-M5-Rloose-S1072,N2-M5-Rloose,2,2+,-0.0050391462720847935,0.0,1.8140926579505283,0.0,0.0,-1.8140926579505248,0,0,-3.552713678800501e-15,0.38525390625
D2-N2-M3-Rloose-S1439,N2-M3-Rloose,1,1,-0.0050361142648337465,0.0,0.8057782823733959,0.0,0.0,-0.8057782823733959,0,0,0.0,0.385498046875
D2-N2-M3-Rtight-S1380,N2-M3-Rtight,1,1,-0.005035474044135298,0.0,0.868768272434405,0.2893907577167125,0.0,-1.1581590301511184,-1,-1,8.881784197001252e-16,0.3857421875
D2-N2-M3-Rtight-S1278,N2-M3-Rtight,1,1,-0.005022632535042058,0.0,1.1552054830596745,0.0,0.0,-1.1552054830596745,0,0,0.0,0.385986328125
D2-N2-M3-Rloose-S1415,N2-M3-Rloose,1,1,-0.005022079409862434,0.0,0.803532705577986,0.0,0.0,-0.8035327055779931,0,0,7.105427357601002e-15,0.38623046875
D2-N3-M5-Rloose-S1407,N3-M5-Rloose,2,2+,-0.005018647271638227,0.0,1.8067130177897646,0.0,0.0,-1.806713017789761,0,0,-3.552713678800501e-15,0.386474609375
D2-N3-M3-Rtight-S1414,N3-M3-Rtight,1,1,-0.005016459037708219,0.0,1.15378557867289,0.0,0.0,-1.15378557867289,0,0,0.0,0.38671875
D2-N2-M3-Rtight-S1248,N2-M3-Rtight,1,1,-0.005014367348612353,0.0,1.153304490180842,0.0,0.0,-1.153304490180842,0,0,0.0,0.386962890625
D2-N2-M3-Rtight-S1260,N2-M3-Rtight,1,1,-0.005012146730092704,0.0,1.1527937479213275,0.0,0.0,-1.1527937479213222,0,0,-5.329070518200751e-15,0.38720703125
D2-N3-M3-Rtight-S1257,N3-M3-Rtight,1,1,-0.00501120763846763,0.0,1.1525777568475704,0.0,0.0,-1.1525777568475633,0,0,-7.105427357601002e-15,0.387451171875
D2-N3-M5-Rloose-S1286,N3-M5-Rloose,4,2+,-0.005006659632726181,2.8772966983255657,4.679694166106991,0.0,0.0,-1.8023974677814252,0,0,0.0,0.3876953125
D2-N2-M3-Rloose-S1263,N2-M3-Rloose,1,1,-0.005002361089019636,0.0,0.8003777742431595,0.0,0.0,-0.8003777742431453,0,0,-1.4210854715202004e-14,0.387939453125
D2-N2-M5-Rloose-S1178,N2-M5-Rloose,5,2+,-0.005000934181220884,7.194518937004148,7.834432203658558,1.1604230385851235,0.0,-1.8003363052395258,0,0,-8.215650382226158e-15,0.38818359375
D2-N3-M5-Rloose-S1395,N3-M5-Rloose,2,2+,-0.004999006890675534,0.0,1.7996424806432003,0.0,0.0,-1.7996424806432003,0,0,0.0,0.388427734375
D2-N2-M3-Rtight-S1358,N2-M3-Rtight,1,1,-0.004998820407085457,0.0,1.1497286936296547,0.0,0.0,-1.1497286936296547,0,0,0.0,0.388671875
D2-N2-M3-Rloose-S1051,N2-M3-Rloose,1,1,-0.004997548758885806,0.0,0.7996078014217289,0.0,0.0,-0.7996078014217289,0,0,0.0,0.388916015625
D2-N2-M3-Rtight-S1510,N2-M3-Rtight,1,1,-0.004995017216493515,0.0,1.1488539597935086,0.0,0.0,-1.1488539597935077,0,0,-8.881784197001252e-16,0.38916015625
D2-N2-M3-Rtight-S1509,N2-M3-Rtight,1,1,-0.004988663102876788,0.0,1.1473925136616625,0.0,0.0,-1.1473925136616625,0,0,0.0,0.389404296875
D2-N3-M3-Rtight-S1428,N3-M3-Rtight,1,1,-0.004986708250755659,0.0,1.146942897673803,0.0,0.0,-1.146942897673803,0,0,0.0,0.3896484375
D2-N2-M3-Rloose-S1371,N2-M3-Rloose,1,1,-0.004984606219519294,0.0,0.7975369951230817,0.0,0.0,-0.7975369951230817,0,0,0.0,0.389892578125
D2-N2-M3-Rtight-S1281,N2-M3-Rtight,1,1,-0.004982719088494181,0.0,1.146025390353655,0.0,0.0,-1.1460253903536568,0,0,1.7763568394002505e-15,0.39013671875
D2-N2-M3-Rtight-S1329,N2-M3-Rtight,1,1,-0.004978773408618575,0.0,1.145117883982289,0.0,0.0,-1.1451178839822802,0,0,-8.881784197001252e-15,0.390380859375
D2-N3-M3-Rloose-S1279,N3-M3-Rloose,1,1,-0.004976427874099354,0.0,0.7962284598558895,0.0,0.0,-0.7962284598558966,0,0,7.105427357601002e-15,0.390625
D2-N2-M5-Rloose-S1179,N2-M5-Rloose,2,2+,-0.004975358895132759,0.0,1.7911292022477951,0.0,0.0,-1.791129202247788,0,0,-7.105427357601002e-15,0.390869140625
D2-N3-M5-Rloose-S1135,N3-M5-Rloose,2,2+,-0.0049731068631866104,0.0,1.7903184707471844,0.0,0.0,-1.7903184707471809,0,0,-3.552713678800501e-15,0.39111328125
D2-N3-M5-Rloose-S1207,N3-M5-Rloose,2,2+,-0.004971235214722952,0.0,1.7896446773002594,0.0,0.0,-1.7896446773002594,0,0,0.0,0.391357421875
D2-N3-M3-Rtight-S1253,N3-M3-Rtight,1,1,-0.004970116649154976,0.0,1.1431268293056362,0.0,0.0,-1.1431268293056434,0,0,7.105427357601002e-15,0.3916015625
D2-N3-M5-Rtight-S1374,N3-M5-Rtight,2,2+,-0.004969576439368337,0.0,2.136917868928389,0.0,0.0,-2.1369178689283856,0,0,-3.552713678800501e-15,0.391845703125
D2-N2-M5-Rloose-S1468,N2-M5-Rloose,2,2+,-0.004968239138305325,0.0,1.7885660897899243,0.0,0.0,-1.7885660897899243,0,0,0.0,0.39208984375
D2-N2-M3-Rtight-S1205,N2-M3-Rtight,1,1,-0.004962269661270863,0.0,1.1413220220922984,0.0,0.0,-1.1413220220922984,0,0,0.0,0.392333984375
D2-N3-M3-Rloose-S1315,N3-M3-Rloose,1,1,-0.004958818878794791,0.0,0.793411020607163,0.0,0.0,-0.7934110206071665,0,0,3.552713678800501e-15,0.392578125
D2-N2-M3-Rtight-S1100,N2-M3-Rtight,1,1,-0.004950910440701006,0.0,0.2529889874960727,0.8857204138651762,0.0,-1.1387094013612398,0,-1,-9.103828801926284e-15,0.392822265625
D2-N2-M5-Rloose-S1212,N2-M5-Rloose,2,2+,-0.004949603998621932,0.0,1.781857439503888,0.0,0.0,-1.781857439503895,0,0,7.105427357601002e-15,0.39306640625
D2-N2-M3-Rtight-S1061,N2-M3-Rtight,1,1,-0.004942589752439754,0.0,0.7138069668686011,0.4229886761925403,0.0,-1.1367956430611414,-1,-1,0.0,0.393310546875
D2-N2-M3-Rloose-S1071,N2-M3-Rloose,1,1,-0.004940629407299335,0.0,0.7905007051679007,0.0,0.0,-0.7905007051679007,0,0,0.0,0.3935546875
D2-N2-M5-Rloose-S1187,N2-M5-Rloose,2,2+,-0.0049395341503595536,0.0,1.7782322941294417,0.0,0.0,-1.7782322941294382,0,0,-3.552713678800501e-15,0.393798828125
D2-N3-M3-Rtight-S1312,N3-M3-Rtight,1,1,-0.004938658729328527,0.0,1.135891507745562,0.0,0.0,-1.135891507745555,0,0,-7.105427357601002e-15,0.39404296875
D2-N2-M3-Rtight-S1450,N2-M3-Rtight,1,1,-0.004938309448117753,0.0,1.135811173067082,0.0,0.0,-1.1358111730670828,0,0,8.881784197001252e-16,0.394287109375
D2-N2-M3-Rloose-S1074,N2-M3-Rloose,1,1,-0.004937922140832045,0.0,1.1357220923913705,0.0,0.0,-1.1357220923913705,0,0,0.0,0.39453125
D2-N2-M3-Rloose-S1447,N2-M3-Rloose,1,1,-0.004934287300565554,0.0,0.7894859680904851,0.0,0.0,-0.7894859680904887,0,0,3.552713678800501e-15,0.394775390625
D2-N3-M3-Rtight-S1169,N3-M3-Rtight,1,1,-0.004934206249485956,0.0,0.860284062167425,0.2745833752143436,0.0,-1.1348674373817698,-1,-1,1.1102230246251565e-15,0.39501953125
D2-N2-M3-Rtight-S1256,N2-M3-Rtight,1,1,-0.004932292974275214,0.0,1.134427384083299,0.0,0.0,-1.134427384083299,0,0,0.0,0.395263671875
D2-N3-M5-Rloose-S1227,N3-M5-Rloose,2,2+,-0.0049305494397578475,0.0,1.774997798312814,0.0,0.0,-1.7749977983128247,0,0,1.0658141036401503e-14,0.3955078125
D2-N2-M3-Rtight-S1249,N2-M3-Rtight,1,1,-0.004930060812395498,0.0,1.1339139868509687,0.0,0.0,-1.1339139868509704,0,0,1.7763568394002505e-15,0.395751953125
D2-N2-M3-Rloose-S1095,N2-M3-Rloose,1,1,-0.004926890651978877,0.0,0.7883025043166256,0.0,0.0,-0.7883025043166185,0,0,-7.105427357601002e-15,0.39599609375
D2-N2-M5-Rtight-S1442,N2-M5-Rtight,2,2+,-0.004922890490834407,0.0,1.9869068165815946,-0.2146662398812098,0.0,-1.772240576700387,0,0,2.220446049250313e-15,0.396240234375
D2-N2-M5-Rloose-S1275,N2-M5-Rloose,2,2+,-0.0049169009916618656,0.0,1.7700843569982716,0.0,0.0,-1.7700843569982752,0,0,3.552713678800501e-15,0.396484375
D2-N2-M5-Rloose-S1030,N2-M5-Rloose,4,2+,-0.004913178061487278,3.8905453142085094,5.015115767373594,1.3320185775785205,0.0,-2.456589030743629,0,0,2.398081733190338e-14,0.396728515625
D2-N3-M5-Rloose-S1140,N3-M5-Rloose,2,2+,-0.004911681103456883,0.0,1.7682051972444697,0.0,0.0,-1.7682051972444768,0,0,7.105427357601002e-15,0.39697265625
D2-N2-M5-Rloose-S1396,N2-M5-Rloose,2,2+,-0.004909484361267952,0.0,1.767414370056457,0.0,0.0,-1.767414370056457,0,0,0.0,0.397216796875
D2-N3-M3-Rtight-S1324,N3-M3-Rtight,1,1,-0.004909403566812326,0.0,1.4728210700436968,0.0,0.0,-1.4728210700436932,0,0,-3.552713678800501e-15,0.3974609375
D2-N3-M3-Rloose-S1339,N3-M3-Rloose,1,1,-0.004908106173397764,0.0,0.7852969877436422,0.0,0.0,-0.7852969877436493,0,0,7.105427357601002e-15,0.397705078125
D2-N3-M3-Rloose-S1299,N3-M3-Rloose,1,1,-0.004907931757402617,0.0,0.7852690811844241,0.0,0.0,-0.7852690811844241,0,0,0.0,0.39794921875
D2-N3-M5-Rtight-S1158,N3-M5-Rtight,2,2+,-0.004907096077165413,0.0,2.11005131318114,0.0,0.0,-2.110051313181131,0,0,-8.881784197001252e-15,0.398193359375
D2-N3-M5-Rloose-S1441,N3-M5-Rloose,3,2+,-0.004904844027762756,1.167907745672096,2.93365159566671,0.0,0.0,-1.7657438499946068,0,0,-7.105427357601002e-15,0.3984375
D2-N3-M5-Rloose-S1303,N3-M5-Rloose,2,2+,-0.004892259434243207,0.0,1.7612133963275554,0.0,0.0,-1.7612133963275483,0,0,-7.105427357601002e-15,0.398681640625
D2-N2-M3-Rloose-S1011,N2-M3-Rloose,1,1,-0.004890097017005046,0.0,0.7824155227208109,0.0,0.0,-0.7824155227208109,0,0,0.0,0.39892578125
D2-N2-M5-Rloose-S1019,N2-M5-Rloose,2,2+,-0.004887079200481509,0.0,1.7593485121733536,0.0,0.0,-1.7593485121733465,0,0,-7.105427357601002e-15,0.399169921875
D2-N3-M3-Rloose-S1262,N3-M3-Rloose,1,1,-0.004884564468698081,0.0,1.1234498278005587,0.0,0.0,-1.1234498278005587,0,0,0.0,0.3994140625
D2-N2-M3-Rtight-S1465,N2-M3-Rtight,1,1,-0.004875504740920411,0.0,1.5245187571596883,-0.40315266674799055,0.0,-1.1213660904116978,-1,0,0.0,0.399658203125
D2-N3-M5-Rtight-S1450,N3-M5-Rtight,2,2+,-0.004872649800299091,0.0,2.0952394141286117,0.0,0.0,-2.09523941412861,0,0,-1.7763568394002505e-15,0.39990234375
D2-N3-M5-Rloose-S1187,N3-M5-Rloose,2,2+,-0.004872099893138804,0.0,1.7539559615299751,0.0,0.0,-1.7539559615299751,0,0,0.0,0.400146484375
D2-N3-M5-Rloose-S1240,N3-M5-Rloose,2,2+,-0.004871127755246424,0.0,1.7536059918887013,0.0,0.0,-1.7536059918887048,0,0,3.552713678800501e-15,0.400390625
D2-N3-M5-Rtight-S1004,N3-M5-Rtight,1,1,-0.004865580150211712,0.0,1.0704276330465774,0.0,0.0,-1.0704276330465774,0,0,0.0,0.400634765625
D2-N3-M5-Rloose-S1305,N3-M5-Rloose,3,2+,-0.00486118825077092,0.0,2.430594125385454,0.0,0.0,-2.430594125385454,0,0,0.0,0.40087890625
D2-N2-M5-Rloose-S1116,N2-M5-Rloose,2,2+,-0.004860715314446484,0.0,1.7498575132007446,0.0,0.0,-1.7498575132007375,0,0,-7.105427357601002e-15,0.401123046875
D2-N2-M3-Rloose-S1282,N2-M3-Rloose,1,1,-0.004860206603360243,0.0,0.7776330565376388,0.0,0.0,-0.7776330565376393,0,0,4.440892098500626e-16,0.4013671875
D2-N3-M3-Rloose-S1363,N3-M3-Rloose,1,1,-0.004856586838182464,0.0,0.7770538941092013,0.0,0.0,-0.7770538941091942,0,0,-7.105427357601002e-15,0.401611328125
D2-N3-M5-Rloose-S1049,N3-M5-Rloose,3,2+,-0.004847504046119999,0.0,2.084426739831585,0.0,0.0,-2.084426739831585,0,0,0.0,0.40185546875
D2-N2-M3-Rloose-S1375,N2-M3-Rloose,1,1,-0.0048418833514004556,0.0,0.7747013362240693,0.0,0.0,-0.7747013362240693,0,0,0.0,0.402099609375
D2-N3-M5-Rloose-S1400,N3-M5-Rloose,2,2+,-0.004837430749931926,0.0,1.7414750699755004,0.0,0.0,-1.7414750699754933,0,0,-7.105427357601002e-15,0.40234375
D2-N3-M3-Rloose-S1215,N3-M3-Rloose,1,1,-0.004828551167767259,0.0,0.7725681868427507,0.0,0.0,-0.7725681868427614,0,0,1.0658141036401503e-14,0.402587890625
D2-N3-M5-Rloose-S1368,N3-M5-Rloose,2,2+,-0.0048105338164243505,0.0,1.7317921739127762,0.0,0.0,-1.7317921739127726,0,0,-3.552713678800501e-15,0.40283203125
D2-N2-M3-Rloose-S1427,N2-M3-Rloose,1,1,-0.004805224310102774,0.0,0.7688358896164438,0.0,0.0,-0.7688358896164402,0,0,-3.552713678800501e-15,0.403076171875
D2-N3-M3-Rloose-S1143,N3-M3-Rloose,1,1,-0.004799539232621275,0.0,0.7679262772194093,0.0,0.0,-0.7679262772194022,0,0,-7.105427357601002e-15,0.4033203125
D2-N2-M5-Rloose-S1175,N2-M5-Rloose,2,2+,-0.004798668433440428,0.0,1.7275206360385695,0.0,0.0,-1.7275206360385624,0,0,-7.105427357601002e-15,0.403564453125
D2-N3-M3-Rtight-S1356,N3-M3-Rtight,1,1,-0.004793197847220043,0.0,1.1024355048606065,0.0,0.0,-1.1024355048606083,0,0,1.7763568394002505e-15,0.40380859375
D2-N2-M3-Rloose-S1255,N2-M3-Rloose,1,1,-0.0047911266832525445,0.0,0.7665802693204213,0.0,0.0,-0.7665802693204142,0,0,-7.105427357601002e-15,0.404052734375
D2-N3-M5-Rloose-S1320,N3-M5-Rloose,2,2+,-0.004788525438893604,0.0,1.7238691580017047,0.0,0.0,-1.7238691580017047,0,0,0.0,0.404296875
D2-N3-M3-Rloose-S1467,N3-M3-Rloose,1,1,-0.004787590829615773,0.0,0.7660145327385344,0.0,0.0,-0.7660145327385237,0,0,-1.0658141036401503e-14,0.404541015625
D2-N3-M5-Rloose-S1433,N3-M5-Rloose,3,2+,-0.004785864241314497,0.9081018049387524,2.6310129318119664,0.0,0.0,-1.722911126873214,0,0,0.0,0.40478515625
D2-N2-M5-Rloose-S1168,N2-M5-Rloose,2,2+,-0.004784320109971263,0.0,1.7223552395896533,0.0,0.0,-1.7223552395896533,0,0,0.0,0.405029296875
D2-N2-M3-Rloose-S1183,N2-M3-Rloose,1,1,-0.0047838627002037,0.0,0.7654180320326098,0.0,0.0,-0.765418032032585,0,0,-2.4868995751603507e-14,0.4052734375
D2-N2-M5-Rloose-S1459,N2-M5-Rloose,2,2+,-0.004769978245834666,0.0,1.7171921685004925,0.0,0.0,-1.7171921685004818,0,0,-1.0658141036401503e-14,0.405517578125
D2-N2-M3-Rloose-S1351,N2-M3-Rloose,1,1,-0.004766903899133479,0.0,0.7627046238613673,0.0,0.0,-0.7627046238613673,0,0,0.0,0.40576171875
D2-N3-M5-Rloose-S1131,N3-M5-Rloose,2,2+,-0.004761171839846479,0.0,1.7140218623447296,0.0,0.0,-1.7140218623447296,0,0,0.0,0.406005859375
D2-N2-M3-Rtight-S1036,N2-M3-Rtight,1,1,-0.004753520754041438,0.0,0.7469008852113372,0.34640888821819416,0.0,-1.0933097734295316,-1,-1,2.220446049250313e-16,0.40625
D2-N3-M5-Rloose-S1276,N3-M5-Rloose,2,2+,-0.004751552529242059,0.0,1.710558910527137,0.0,0.0,-1.7105589105271406,0,0,3.552713678800501e-15,0.406494140625
D2-N2-M5-Rloose-S1451,N2-M5-Rloose,2,2+,-0.004750726273079708,0.0,1.7102614583087075,0.0,0.0,-1.7102614583087004,0,0,-7.105427357601002e-15,0.40673828125
D2-N2-M5-Rloose-S1203,N2-M5-Rloose,2,2+,-0.004748807791125076,0.0,1.7095708048050362,0.0,0.0,-1.7095708048050327,0,0,-3.552713678800501e-15,0.406982421875
D2-N3-M3-Rtight-S1077,N3-M3-Rtight,1,1,-0.004721722652235916,0.0,1.0859962100142688,0.0,0.0,-1.0859962100142582,0,0,-1.0658141036401503e-14,0.4072265625
D2-N2-M3-Rtight-S1448,N2-M3-Rtight,1,1,-0.004720679222498025,0.0,1.0857562211745453,0.0,0.0,-1.0857562211745453,0,0,0.0,0.407470703125
D2-N3-M5-Rloose-S1458,N3-M5-Rloose,8,2+,-0.00471820905981768,9.75793603367751,11.456491295211869,0.0,0.0,-1.6985552615343664,0,0,7.105427357601002e-15,0.40771484375
D2-N3-M5-Rloose-S1215,N3-M5-Rloose,2,2+,-0.0047167603781897716,0.0,1.6980337361483357,0.0,0.0,-1.698033736148325,0,0,-1.0658141036401503e-14,0.407958984375
D2-N3-M5-Rloose-S1488,N3-M5-Rloose,2,2+,-0.004711972484344434,0.0,1.6963100943639873,0.0,0.0,-1.6963100943639944,0,0,7.105427357601002e-15,0.408203125
D2-N2-M5-Rloose-S1099,N2-M5-Rloose,2,2+,-0.004708315214895953,0.0,1.6949934773625444,0.0,0.0,-1.6949934773625444,0,0,0.0,0.408447265625
D2-N3-M3-Rloose-S1483,N3-M3-Rloose,1,1,-0.004708164154269667,0.0,0.7533062646831539,0.0,0.0,-0.7533062646831468,0,0,-7.105427357601002e-15,0.40869140625
D2-N3-M5-Rtight-S1122,N3-M5-Rtight,2,2+,-0.004701046604008774,0.0,1.084739161967466,0.9367108777563052,0.0,-2.0214500397237742,0,0,3.1086244689504383e-15,0.408935546875
D2-N2-M3-Rloose-S1315,N2-M3-Rloose,1,1,-0.0046940852510029,0.0,0.7510536401604639,0.0,0.0,-0.7510536401604639,0,0,0.0,0.4091796875
D2-N2-M5-Rloose-S1416,N2-M5-Rloose,2,2+,-0.004684551609992094,0.0,1.6864385795971444,0.0,0.0,-1.6864385795971515,0,0,7.105427357601002e-15,0.409423828125
D2-N2-M3-Rtight-S1057,N2-M3-Rtight,1,1,-0.004682874701767044,0.0,1.077061181406421,0.0,0.0,-1.077061181406421,0,0,0.0,0.40966796875
D2-N2-M5-Rloose-S1496,N2-M5-Rloose,2,2+,-0.004670000745201408,0.0,1.6812002682724945,0.0,0.0,-1.6812002682725051,0,0,1.0658141036401503e-14,0.409912109375
D2-N3-M5-Rloose-S1055,N3-M5-Rloose,2,2+,-0.004662538331637156,0.0,1.6785137993893784,0.0,0.0,-1.6785137993893713,0,0,-7.105427357601002e-15,0.41015625
D2-N2-M5-Rloose-S1192,N2-M5-Rloose,2,2+,-0.004652022935394157,0.0,1.6747282567418935,0.0,0.0,-1.6747282567419006,0,0,7.105427357601002e-15,0.410400390625
D2-N3-M5-Rloose-S1315,N3-M5-Rloose,2,2+,-0.004641666665178068,0.0,1.670999999464108,0.0,0.0,-1.670999999464108,0,0,0.0,0.41064453125
D2-N3-M5-Rtight-S1162,N3-M5-Rtight,2,2+,-0.004641553092302901,0.0,1.9958678296902477,0.0,0.0,-1.9958678296902477,0,0,0.0,0.410888671875
D2-N2-M3-Rtight-S1317,N2-M3-Rtight,1,1,-0.004635592699200483,0.0,1.0661863208161133,0.0,0.0,-1.0661863208161133,0,0,0.0,0.4111328125
D2-N2-M3-Rtight-S1093,N2-M3-Rtight,1,1,-0.004608463145772131,0.0,1.0599465235275911,0.0,0.0,-1.0599465235275911,0,0,0.0,0.411376953125
D2-N3-M5-Rloose-S1459,N3-M5-Rloose,2,2+,-0.004606162919786605,0.0,1.6582186511231782,0.0,0.0,-1.6582186511231782,0,0,0.0,0.41162109375
D2-N2-M3-Rtight-S1128,N2-M3-Rtight,1,1,-0.004592660696649965,0.0,1.0563119602294933,0.0,0.0,-1.0563119602294933,0,0,0.0,0.411865234375
D2-N3-M3-Rtight-S1062,N3-M3-Rtight,1,1,-0.004585185550926421,0.0,1.0545926767130798,0.0,0.0,-1.054592676713078,0,0,-1.7763568394002505e-15,0.412109375
D2-N2-M3-Rloose-S1007,N2-M3-Rloose,1,1,-0.004560855766259947,0.0,0.7297369226015906,0.0,0.0,-0.7297369226015924,0,0,1.7763568394002505e-15,0.412353515625
D2-N2-M5-Rloose-S1269,N2-M5-Rloose,3,2+,-0.0045563983682992415,0.0,2.1176476852914234,0.3416036130772704,-0.5,-1.9592512983686845,-1,0,-9.325873406851315e-15,0.41259765625
D2-N2-M5-Rloose-S1060,N2-M5-Rloose,2,2+,-0.004530230329313767,0.0,1.630882918552956,0.0,0.0,-1.630882918552956,0,0,0.0,0.412841796875
D2-N2-M5-Rloose-S1260,N2-M5-Rloose,2,2+,-0.004505224330067253,0.0,1.9372464619289325,0.0,0.0,-1.9372464619289218,0,0,-1.0658141036401503e-14,0.4130859375
D2-N2-M5-Rloose-S1007,N2-M5-Rloose,2,2+,-0.004498486577158595,0.0,1.6194551677770903,0.0,0.0,-1.6194551677770903,0,0,0.0,0.413330078125
D2-N3-M3-Rloose-S1166,N3-M3-Rloose,1,1,-0.004494683017617119,0.0,1.0337770940519375,0.0,0.0,-1.0337770940519375,0,0,0.0,0.41357421875
D2-N3-M5-Rloose-S1455,N3-M5-Rloose,2,2+,-0.004479979586482052,0.0,1.6127926511335495,0.0,0.0,-1.612792651133546,0,0,-3.552713678800501e-15,0.413818359375
D2-N3-M5-Rloose-S1116,N3-M5-Rloose,2,2+,-0.004476037642407671,0.0,1.6113735512667624,0.0,0.0,-1.611373551266766,0,0,3.552713678800501e-15,0.4140625
D2-N2-M5-Rloose-S1147,N2-M5-Rloose,2,2+,-0.004463756237786859,0.0,1.60695224560326,0.0,0.0,-1.6069522456032672,0,0,7.105427357601002e-15,0.414306640625
D2-N3-M5-Rloose-S1019,N3-M5-Rloose,2,2+,-0.004455539610748321,0.0,1.9158820326217914,0.0,0.0,-1.9158820326217878,0,0,-3.552713678800501e-15,0.41455078125
D2-N2-M3-Rtight-S1140,N2-M3-Rtight,1,1,-0.004454647577344185,0.0,1.0245689427891627,0.0,0.0,-1.0245689427891627,0,0,0.0,0.414794921875
D2-N3-M3-Rtight-S1078,N3-M3-Rtight,1,1,-0.004450164540145341,0.0,1.0235378442334286,0.0,0.0,-1.0235378442334282,0,0,-4.440892098500626e-16,0.4150390625
D2-N2-M5-Rloose-S1044,N2-M5-Rloose,2,2+,-0.004437653020177346,0.0,1.5975550872638493,0.0,0.0,-1.5975550872638422,0,0,-7.105427357601002e-15,0.415283203125
D2-N2-M5-Rloose-S1107,N2-M5-Rloose,2,2+,-0.0044210627240427736,0.0,1.591582580655384,0.0,0.0,-1.5915825806553983,0,0,1.4210854715202004e-14,0.41552734375
D2-N3-M5-Rloose-S1272,N3-M5-Rloose,2,2+,-0.004413145792286105,0.0,1.8976526906830387,0.0,0.0,-1.8976526906830316,0,0,-7.105427357601002e-15,0.415771484375
D2-N3-M5-Rloose-S1430,N3-M5-Rloose,4,2+,-0.0044041994467981516,7.2140656894728465,8.607871451596054,0.0,0.5,-1.8938057621232076,1,0,0.0,0.416015625
D2-N2-M3-Rloose-S1088,N2-M3-Rloose,2,2+,-0.004391204301074647,1.1239773121847634,2.133954301431931,0.0,0.0,-1.0099769892471642,0,0,-3.552713678800501e-15,0.416259765625
D2-N2-M5-Rtight-S1484,N2-M5-Rtight,1,1,-0.004380761590526194,0.0,1.2704208612525942,0.0,0.0,-1.2704208612526031,0,0,8.881784197001252e-15,0.41650390625
D2-N3-M5-Rtight-S1500,N3-M5-Rtight,1,1,-0.004360488357763398,0.0,0.9593074387079525,0.0,0.0,-0.959307438707949,0,0,-3.552713678800501e-15,0.416748046875
D2-N3-M5-Rtight-S1287,N3-M5-Rtight,1,1,-0.004360440130526999,0.0,1.159788041192149,-0.2004912124762156,0.0,-0.9592968287159351,0,0,1.6653345369377348e-15,0.4169921875
D2-N3-M5-Rtight-S1146,N3-M5-Rtight,2,2+,-0.004352212843830888,0.0,1.871451522847277,0.0,0.0,-1.8714515228472806,0,0,3.552713678800501e-15,0.417236328125
D2-N3-M5-Rtight-S1054,N3-M5-Rtight,2,2+,-0.004329000759466628,0.0,1.8614703265706538,0.0,0.0,-1.8614703265706538,0,0,0.0,0.41748046875
D2-N3-M3-Rtight-S1050,N3-M3-Rtight,1,1,-0.004328985356780094,0.0,0.9956666320594216,0.0,0.0,-0.9956666320594216,0,0,0.0,0.417724609375
D2-N2-M5-Rtight-S1134,N2-M5-Rtight,1,1,-0.004324967439022442,0.0,0.9514928365849356,0.0,0.0,-0.9514928365849329,0,0,-2.6645352591003757e-15,0.41796875
D2-N3-M3-Rtight-S1488,N3-M3-Rtight,1,1,-0.004324304010397795,0.0,1.0679600179081348,-0.0733700955166422,0.0,-0.9945899223914925,0,0,-1.1102230246251565e-16,0.418212890625
D2-N3-M3-Rtight-S1280,N3-M3-Rtight,1,1,-0.004313659207556275,0.0,0.9921416177379463,0.0,0.0,-0.9921416177379427,0,0,-3.552713678800501e-15,0.41845703125
D2-N2-M5-Rtight-S1230,N2-M5-Rtight,2,2+,-0.0043074203387601095,0.0,1.1200835029631282,0.43058781899051146,0.0,-1.55067132195364,-1,-1,4.440892098500626e-16,0.418701171875
D2-N2-M3-Rloose-S1094,N2-M3-Rloose,1,1,-0.004301104549597369,0.0,0.9892540464073949,0.0,0.0,-0.9892540464073951,0,0,2.220446049250313e-16,0.4189453125
D2-N3-M3-Rloose-S1478,N3-M3-Rloose,1,1,-0.004291578159452946,0.0,0.9870629766741774,0.0,0.0,-0.9870629766741774,0,0,0.0,0.419189453125
D2-N2-M3-Rtight-S1190,N2-M3-Rtight,1,1,-0.004288276745843526,0.0,0.9863036515440113,0.0,0.0,-0.9863036515440111,0,0,-2.220446049250313e-16,0.41943359375
D2-N3-M3-Rloose-S1146,N3-M3-Rloose,1,1,-0.0042878536573214415,0.0,0.9862063411839319,0.0,0.0,-0.9862063411839319,0,0,0.0,0.419677734375
D2-N3-M5-Rloose-S1349,N3-M5-Rloose,4,2+,-0.004286211726327149,3.51280843027817,5.055844651755926,0.0,0.0,-1.543036221477763,0,0,7.105427357601002e-15,0.419921875
D2-N3-M3-Rtight-S1489,N3-M3-Rtight,1,1,-0.004283837687299119,0.0,0.9852826680787965,0.0,0.0,-0.9852826680787956,0,0,-8.881784197001252e-16,0.420166015625
D2-N3-M5-Rloose-S1020,N3-M5-Rloose,2,2+,-0.00428117429026359,0.0,1.8409049448133459,0.0,0.0,-1.8409049448133459,0,0,0.0,0.42041015625
D2-N2-M3-Rtight-S1337,N2-M3-Rtight,1,1,-0.004279991293946295,0.0,0.9843979976076493,0.0,0.0,-0.9843979976076511,0,0,1.7763568394002505e-15,0.420654296875
D2-N3-M3-Rtight-S1325,N3-M3-Rtight,1,1,-0.004260180605785674,0.0,0.9798415393307041,0.0,0.0,-0.979841539330705,0,0,8.881784197001252e-16,0.4208984375
D2-N3-M5-Rloose-S1151,N3-M5-Rloose,2,2+,-0.00425677148311171,0.0,1.5324377339202186,0.0,0.0,-1.5324377339202115,0,0,-7.105427357601002e-15,0.421142578125
D2-N2-M3-Rtight-S1038,N2-M3-Rtight,1,1,-0.004254300540618053,0.0,0.9784891243421519,0.0,0.0,-0.9784891243421519,0,0,0.0,0.42138671875
D2-N3-M3-Rtight-S1345,N3-M3-Rtight,1,1,-0.004250214154449039,0.0,0.9775492555232645,0.0,0.0,-0.9775492555232717,0,0,7.105427357601002e-15,0.421630859375
D2-N3-M5-Rtight-S1316,N3-M5-Rtight,1,1,-0.00424678904342056,0.0,1.23156882259196,0.0,0.0,-1.23156882259196,0,0,0.0,0.421875
D2-N3-M3-Rtight-S1010,N3-M3-Rtight,1,1,-0.004245936978702659,0.0,0.976565505101612,0.0,0.0,-0.976565505101612,0,0,0.0,0.422119140625
D2-N2-M3-Rloose-S1138,N2-M3-Rloose,1,1,-0.004241323134237435,0.0,0.975504320874609,0.0,0.0,-0.9755043208746095,0,0,4.440892098500626e-16,0.42236328125
D2-N2-M3-Rtight-S1318,N2-M3-Rtight,1,1,-0.004238593766883056,0.0,0.9748765663831027,0.0,0.0,-0.9748765663831027,0,0,0.0,0.422607421875
D2-N3-M3-Rtight-S1209,N3-M3-Rtight,1,1,-0.004223023254271319,0.0,1.2002210364510457,-0.22892568796864143,0.0,-0.9712953484824052,0,0,8.881784197001252e-16,0.4228515625
D2-N3-M3-Rtight-S1472,N3-M3-Rtight,1,1,-0.004222066980766159,0.0,0.9710754055762187,0.0,0.0,-0.9710754055762152,0,0,-3.552713678800501e-15,0.423095703125
D2-N3-M3-Rtight-S1094,N3-M3-Rtight,1,1,-0.004219565487684304,0.0,0.9705000621673903,0.0,0.0,-0.9705000621673903,0,0,0.0,0.42333984375
D2-N3-M3-Rtight-S1401,N3-M3-Rtight,1,1,-0.0042174795758397055,0.0,0.9700203024431335,0.0,0.0,-0.9700203024431335,0,0,0.0,0.423583984375
D2-N3-M5-Rtight-S1423,N3-M5-Rtight,1,1,-0.004212886710830949,0.0,0.9268350763828099,0.0,0.0,-0.9268350763828099,0,0,0.0,0.423828125
D2-N2-M5-Rloose-S1428,N2-M5-Rloose,2,2+,-0.0042074782176073355,0.0,1.80921563357116,0.0,0.0,-1.8092156335711564,0,0,-3.552713678800501e-15,0.424072265625
D2-N3-M3-Rtight-S1344,N3-M3-Rtight,1,1,-0.004207321898275482,0.0,0.9676840366033623,0.0,0.0,-0.9676840366033623,0,0,0.0,0.42431640625
D2-N3-M3-Rtight-S1189,N3-M3-Rtight,1,1,-0.004206501349732349,0.0,0.967495310438439,0.0,0.0,-0.967495310438439,0,0,0.0,0.424560546875
D2-N3-M3-Rloose-S1062,N3-M3-Rloose,1,1,-0.0042052750053200635,0.0,0.9672132512236147,0.0,0.0,-0.9672132512236145,0,0,-2.220446049250313e-16,0.4248046875
D2-N2-M3-Rtight-S1088,N2-M3-Rtight,1,1,-0.0042039035014078685,0.0,0.9668978053238177,0.0,0.0,-0.9668978053238177,0,0,0.0,0.425048828125
D2-N3-M3-Rtight-S1352,N3-M3-Rtight,1,1,-0.004200014246128557,0.0,0.9660032766095679,0.0,0.0,-0.9660032766095679,0,0,0.0,0.42529296875
D2-N3-M3-Rloose-S1470,N3-M3-Rloose,1,1,-0.004198723586505025,0.0,0.9657064248961558,0.0,0.0,-0.9657064248961555,0,0,-2.220446049250313e-16,0.425537109375
D2-N3-M3-Rtight-S1206,N3-M3-Rtight,1,1,-0.004198199553769872,0.0,0.9655858973670706,0.0,0.0,-0.9655858973670708,0,0,2.220446049250313e-16,0.42578125
D2-N2-M3-Rloose-S1406,N2-M3-Rloose,1,1,-0.004198173353484358,0.0,0.9655798713014021,0.0,0.0,-0.9655798713014021,0,0,0.0,0.426025390625
D2-N3-M3-Rtight-S1372,N3-M3-Rtight,1,1,-0.004194869286154368,0.0,0.9648199358155107,0.0,0.0,-0.9648199358155125,0,0,1.7763568394002505e-15,0.42626953125
D2-N3-M3-Rtight-S1162,N3-M3-Rtight,1,1,-0.004192704070852784,0.0,0.9643219362961406,0.0,0.0,-0.9643219362961402,0,0,-4.440892098500626e-16,0.426513671875
D2-N3-M3-Rtight-S1110,N3-M3-Rtight,1,1,-0.004190717611510183,0.0,0.9638650506473416,0.0,0.0,-0.9638650506473416,0,0,0.0,0.4267578125
D2-N3-M3-Rtight-S1053,N3-M3-Rtight,1,1,-0.004189736867425575,0.0,0.9636394795078829,0.0,0.0,-0.96363947950789,0,0,7.105427357601002e-15,0.427001953125
D2-N3-M3-Rtight-S1221,N3-M3-Rtight,1,1,-0.0041892440884456,0.0,0.9635261403424877,0.0,0.0,-0.9635261403424877,0,0,0.0,0.42724609375
D2-N2-M5-Rloose-S1008,N2-M5-Rloose,2,2+,-0.004188433345801074,0.0,1.8010263386944523,0.0,0.0,-1.8010263386944558,0,0,3.552713678800501e-15,0.427490234375
D2-N3-M3-Rtight-S1064,N3-M3-Rtight,1,1,-0.004187269283706163,0.0,0.9630719352524171,0.0,0.0,-0.9630719352524171,0,0,0.0,0.427734375
D2-N2-M3-Rtight-S1237,N2-M3-Rtight,1,1,-0.004187242736184815,0.0,0.9630658293225096,0.0,0.0,-0.9630658293225167,0,0,7.105427357601002e-15,0.427978515625
D2-N3-M3-Rtight-S1074,N3-M3-Rtight,1,1,-0.004186619551219219,0.0,0.9629224967804197,0.0,0.0,-0.9629224967804202,0,0,4.440892098500626e-16,0.42822265625
D2-N3-M3-Rloose-S1242,N3-M3-Rloose,1,1,-0.004184406642855231,0.0,0.9624135278567032,0.0,0.0,-0.962413527856703,0,0,-2.220446049250313e-16,0.428466796875
D2-N2-M3-Rtight-S1456,N2-M3-Rtight,1,1,-0.004182536310624124,0.0,1.2547608931872372,0.0,0.0,-1.254760893187239,0,0,1.7763568394002505e-15,0.4287109375
D2-N3-M3-Rtight-S1106,N3-M3-Rtight,1,1,-0.004179484276315357,0.0,0.9612813835525322,0.0,0.0,-0.961281383552532,0,0,-2.220446049250313e-16,0.428955078125
D2-N3-M3-Rtight-S1118,N3-M3-Rtight,1,1,-0.004175837502401011,0.0,0.9604426255522327,0.0,0.0,-0.9604426255522327,0,0,0.0,0.42919921875
D2-N3-M3-Rloose-S1214,N3-M3-Rloose,1,1,-0.004174724190733834,0.0,0.9601865638687819,0.0,0.0,-0.9601865638687817,0,0,-2.220446049250313e-16,0.429443359375
D2-N3-M3-Rtight-S1297,N3-M3-Rtight,1,1,-0.004169209844734879,0.0,0.9589182642890215,0.0,0.0,-0.9589182642890215,0,0,0.0,0.4296875
D2-N3-M5-Rtight-S1095,N3-M5-Rtight,1,1,-0.004168515012625343,0.0,1.5006654045451278,0.0,0.0,-1.5006654045451242,0,0,-3.552713678800501e-15,0.429931640625
D2-N2-M5-Rtight-S1005,N2-M5-Rtight,1,1,-0.004168035204815769,0.0,1.208730209396574,0.0,0.0,-1.208730209396574,0,0,0.0,0.43017578125
D2-N3-M3-Rtight-S1322,N3-M3-Rtight,1,1,-0.004167425810709217,0.0,0.9585079364631195,0.0,0.0,-0.9585079364631195,0,0,0.0,0.430419921875
D2-N2-M5-Rtight-S1308,N2-M5-Rtight,1,1,-0.004166929411736159,0.0,1.2084095294034878,0.0,0.0,-1.2084095294034825,0,0,-5.329070518200751e-15,0.4306640625
D2-N2-M5-Rtight-S1242,N2-M5-Rtight,1,1,-0.004166314076679854,0.0,1.2082310822371571,0.0,0.0,-1.2082310822371571,0,0,0.0,0.430908203125
D2-N3-M5-Rtight-S1099,N3-M5-Rtight,1,1,-0.004164871922219038,0.0,1.3291086706270594,-0.4128368477388604,0.0,-0.9162718228881914,0,0,-7.549516567451064e-15,0.43115234375
D2-N2-M3-Rtight-S1474,N2-M3-Rtight,1,1,-0.004162617203732203,0.0,0.9574019568584069,0.0,0.0,-0.9574019568584067,0,0,-2.220446049250313e-16,0.431396484375
D2-N2-M5-Rtight-S1228,N2-M5-Rtight,1,1,-0.0041621216139569595,0.0,1.2070152680475186,0.0,0.0,-1.2070152680475186,0,0,0.0,0.431640625
D2-N2-M3-Rtight-S1349,N2-M3-Rtight,1,1,-0.004160302244055392,0.0,0.9568695161327359,0.0,0.0,-0.9568695161327412,0,0,5.329070518200751e-15,0.431884765625
D2-N2-M3-Rtight-S1213,N2-M3-Rtight,1,1,-0.004153585361631892,0.0,0.9553246331753353,0.0,0.0,-0.9553246331753353,0,0,0.0,0.43212890625
D2-N3-M3-Rloose-S1374,N3-M3-Rloose,1,1,-0.004148100922522595,0.0,0.9540632121801971,0.0,0.0,-0.9540632121801971,0,0,0.0,0.432373046875
D2-N3-M3-Rtight-S1220,N3-M3-Rtight,1,1,-0.004147246780153872,0.0,0.9538667594353916,0.0,0.0,-0.9538667594353907,0,0,-8.881784197001252e-16,0.4326171875
D2-N3-M3-Rloose-S1298,N3-M3-Rloose,1,1,-0.004146347641173576,0.0,0.9536599574699223,0.0,0.0,-0.9536599574699225,0,0,2.220446049250313e-16,0.432861328125
D2-N3-M3-Rloose-S1002,N3-M3-Rloose,1,1,-0.004140997772695469,0.0,0.952429487719958,0.0,0.0,-0.9524294877199577,0,0,-2.220446049250313e-16,0.43310546875
D2-N3-M3-Rloose-S1322,N3-M3-Rloose,1,1,-0.004140194834655858,0.0,0.9522448119708473,0.0,0.0,-0.9522448119708473,0,0,0.0,0.433349609375
D2-N2-M5-Rtight-S1099,N2-M5-Rtight,1,1,-0.004138470708062995,0.0,1.2001565053382688,0.0,0.0,-1.2001565053382688,0,0,0.0,0.43359375
D2-N3-M3-Rtight-S1210,N3-M3-Rtight,1,1,-0.004135477013412827,0.0,0.9511597130849505,0.0,0.0,-0.9511597130849503,0,0,-2.220446049250313e-16,0.433837890625
D2-N2-M5-Rtight-S1135,N2-M5-Rtight,1,1,-0.004129609709355497,0.0,1.1975868157130982,0.0,0.0,-1.1975868157130947,0,0,-3.552713678800501e-15,0.43408203125
D2-N3-M3-Rtight-S1150,N3-M3-Rtight,1,1,-0.004125798738050704,0.0,0.9489337097516619,0.0,0.0,-0.9489337097516621,0,0,2.220446049250313e-16,0.434326171875
D2-N2-M3-Rtight-S1406,N2-M3-Rtight,1,1,-0.00412554300385312,0.0,0.9488748908862177,0.0,0.0,-0.9488748908862177,0,0,0.0,0.4345703125
D2-N2-M3-Rtight-S1146,N2-M3-Rtight,1,1,-0.004124632563289269,0.0,0.9486654895565314,0.0,0.0,-0.9486654895565314,0,0,0.0,0.434814453125
D2-N3-M3-Rtight-S1301,N3-M3-Rtight,1,1,-0.004122881108982124,0.0,0.9482626550658866,0.0,0.0,-0.9482626550658892,0,0,2.6645352591003757e-15,0.43505859375
D2-N3-M3-Rtight-S1449,N3-M3-Rtight,1,1,-0.0041222538270110215,0.0,1.131047986056192,-0.1829296058436558,0.0,-0.9481183802125361,0,0,0.0,0.435302734375
D2-N2-M3-Rtight-S1470,N2-M3-Rtight,1,1,-0.0041201582344628195,0.0,0.9476363939264485,0.0,0.0,-0.9476363939264485,0,0,0.0,0.435546875
D2-N2-M3-Rtight-S1106,N2-M3-Rtight,1,1,-0.00411977281871675,0.0,0.9475477483048522,0.0,0.0,-0.9475477483048524,0,0,2.220446049250313e-16,0.435791015625
D2-N2-M3-Rloose-S1308,N2-M3-Rloose,2,2+,-0.004119448403960002,1.1543068390251676,2.1017799719359616,0.0,0.0,-0.947473132910801,0,0,7.105427357601002e-15,0.43603515625
D2-N2-M3-Rloose-S1218,N2-M3-Rloose,1,1,-0.004118626095465677,0.0,0.9472840019571058,0.0,0.0,-0.9472840019571058,0,0,0.0,0.436279296875
D2-N3-M3-Rtight-S1385,N3-M3-Rtight,1,1,-0.004118087653564917,0.0,0.9471601603199389,0.0,0.0,-0.9471601603199318,0,0,-7.105427357601002e-15,0.4365234375
D2-N3-M3-Rloose-S1266,N3-M3-Rloose,1,1,-0.0041169560350068045,0.0,0.9468998880515644,0.0,0.0,-0.9468998880515649,0,0,4.440892098500626e-16,0.436767578125
D2-N3-M5-Rtight-S1243,N3-M5-Rtight,1,1,-0.0041142151627860946,0.0,1.1931223972079614,0.0,0.0,-1.1931223972079579,0,0,-3.552713678800501e-15,0.43701171875
D2-N2-M3-Rtight-S1476,N2-M3-Rtight,1,1,-0.004112943240780487,0.0,0.9459769453795053,0.0,0.0,-0.9459769453795133,0,0,7.993605777301127e-15,0.437255859375
D2-N3-M3-Rtight-S1369,N3-M3-Rtight,1,1,-0.0041105005628314095,0.0,1.0969468275534684,-0.15153169810222988,0.0,-0.9454151294512343,0,0,-4.218847493575595e-15,0.4375
D2-N3-M3-Rtight-S1341,N3-M3-Rtight,1,1,-0.004109210259193474,0.0,0.9451183596144919,0.0,0.0,-0.9451183596144972,0,0,5.329070518200751e-15,0.437744140625
D2-N2-M3-Rloose-S1442,N2-M3-Rloose,1,1,-0.004106024660349542,0.0,0.9443856718803953,0.0,0.0,-0.9443856718803953,0,0,0.0,0.43798828125
D2-N2-M3-Rtight-S1078,N2-M3-Rtight,1,1,-0.004105899100240555,0.0,0.9443567930553276,0.0,0.0,-0.9443567930553276,0,0,0.0,0.438232421875
D2-N2-M3-Rtight-S1089,N2-M3-Rtight,1,1,-0.004104344739104038,0.0,0.9439992899939238,0.0,0.0,-0.9439992899939256,0,0,1.7763568394002505e-15,0.4384765625
D2-N2-M5-Rtight-S1487,N2-M5-Rtight,1,1,-0.00410361735704709,0.0,1.1900490335436569,0.0,0.0,-1.1900490335436569,0,0,0.0,0.438720703125
D2-N3-M3-Rloose-S1144,N3-M3-Rloose,2,2+,-0.00410053452703818,1.1019018152155695,2.0450247564343407,0.0,0.0,-0.9431229412187747,0,0,3.552713678800501e-15,0.43896484375
D2-N2-M3-Rtight-S1438,N2-M3-Rtight,1,1,-0.004099338305613589,0.0,0.9428478102911251,0.0,0.0,-0.9428478102911253,0,0,2.220446049250313e-16,0.439208984375
D2-N2-M5-Rloose-S1188,N2-M5-Rloose,2,2+,-0.004095799485743928,0.0,1.7611937788698988,0.0,0.0,-1.7611937788698953,0,0,-3.552713678800501e-15,0.439453125
D2-N3-M5-Rloose-S1032,N3-M5-Rloose,2,2+,-0.004095690152182363,0.0,1.7611467654384256,0.0,0.0,-1.7611467654384256,0,0,0.0,0.439697265625
D2-N2-M3-Rtight-S1150,N2-M3-Rtight,1,1,-0.004095681823346568,0.0,0.9420068193697106,0.0,0.0,-0.9420068193697109,0,0,2.220446049250313e-16,0.43994140625
D2-N2-M5-Rloose-S1490,N2-M5-Rloose,3,2+,-0.0040946127803060395,0.0,1.4052243579127435,0.06883624299742941,0.0,-1.474060600910171,0,0,-1.7763568394002505e-15,0.440185546875
D2-N3-M3-Rtight-S1241,N3-M3-Rtight,1,1,-0.004089108346075454,0.0,0.9404949195973584,0.0,0.0,-0.9404949195973558,0,0,-2.6645352591003757e-15,0.4404296875
D2-N2-M5-Rtight-S1116,N2-M5-Rtight,1,1,-0.0040887997173198465,0.0,1.1857519180227634,0.0,0.0,-1.1857519180227598,0,0,-3.552713678800501e-15,0.440673828125
D2-N3-M3-Rtight-S1346,N3-M3-Rtight,1,1,-0.004088071329704134,0.0,0.9402564058319509,0.0,0.0,-0.9402564058319509,0,0,0.0,0.44091796875
D2-N3-M3-Rtight-S1498,N3-M3-Rtight,1,1,-0.004087442565631257,0.0,0.9401117900951892,0.0,0.0,-0.9401117900951892,0,0,0.0,0.441162109375
D2-N2-M3-Rtight-S1348,N2-M3-Rtight,1,1,-0.004087203156163899,0.0,1.2261609468491717,0.0,0.0,-1.2261609468491628,0,0,-8.881784197001252e-15,0.44140625
D2-N2-M5-Rtight-S1103,N2-M5-Rtight,1,1,-0.004086360728133065,0.0,1.0372398372478209,0.14780477391076352,0.0,-1.1850446111585882,0,-1,3.774758283725532e-15,0.441650390625
D2-N3-M3-Rloose-S1079,N3-M3-Rloose,1,1,-0.004085528457728416,0.0,0.939671545277541,0.0,0.0,-0.9396715452775339,0,0,-7.105427357601002e-15,0.44189453125
D2-N3-M3-Rtight-S1176,N3-M3-Rtight,1,1,-0.004083006336933204,0.0,0.939091457494639,0.0,0.0,-0.9390914574946407,0,0,1.7763568394002505e-15,0.442138671875
D2-N2-M3-Rloose-S1014,N2-M3-Rloose,1,1,-0.004077232574303136,0.0,0.9377634920897215,0.0,0.0,-0.9377634920897213,0,0,-2.220446049250313e-16,0.4423828125
D2-N2-M5-Rtight-S1456,N2-M5-Rtight,1,1,-0.004075906581144928,0.0,0.8966994478518862,0.0,0.0,-0.8966994478518853,0,0,-8.881784197001252e-16,0.442626953125
D2-N2-M3-Rtight-S1234,N2-M3-Rtight,1,1,-0.004075429051487474,0.0,0.9373486818421191,0.0,0.0,-0.9373486818421188,0,0,-2.220446049250313e-16,0.44287109375
D2-N3-M5-Rloose-S1228,N3-M5-Rloose,2,2+,-0.004067426327653667,0.0,1.7489933208910813,0.0,0.0,-1.7489933208910813,0,0,0.0,0.443115234375
D2-N2-M3-Rtight-S1266,N2-M3-Rtight,1,1,-0.004066211425074184,0.0,0.9352286277670625,0.0,0.0,-0.9352286277670623,0,0,-2.220446049250313e-16,0.443359375
D2-N3-M3-Rtight-S1417,N3-M3-Rtight,1,1,-0.004065024029185016,0.0,0.9349555267125655,0.0,0.0,-0.9349555267125567,0,0,-8.881784197001252e-15,0.443603515625
D2-N2-M3-Rloose-S1125,N2-M3-Rloose,1,1,-0.004060645922742093,0.0,0.9339485622306825,0.0,0.0,-0.9339485622306825,0,0,0.0,0.44384765625
D2-N2-M5-Rtight-S1171,N2-M5-Rtight,1,1,-0.004059812118631621,0.0,1.1773455144031715,0.0,0.0,-1.1773455144031715,0,0,0.0,0.444091796875
D2-N2-M3-Rloose-S1414,N2-M3-Rloose,1,1,-0.004055935478492865,0.0,0.9328651600533591,0.0,0.0,-0.9328651600533591,0,0,0.0,0.4443359375
D2-N2-M3-Rtight-S1182,N2-M3-Rtight,1,1,-0.004055759427725817,0.0,0.9328246683769381,0.0,0.0,-0.9328246683769379,0,0,-2.220446049250313e-16,0.444580078125
D2-N2-M3-Rtight-S1302,N2-M3-Rtight,1,1,-0.004055663338578796,0.0,0.9328025678731233,0.0,0.0,-0.9328025678731233,0,0,0.0,0.44482421875
D2-N2-M3-Rtight-S1076,N2-M3-Rtight,1,1,-0.004054154316773251,0.0,0.9324554928578426,0.0,0.0,-0.9324554928578479,0,0,5.329070518200751e-15,0.445068359375
D2-N3-M3-Rloose-S1438,N3-M3-Rloose,1,1,-0.004045781572371657,0.0,0.9305297616454811,0.0,0.0,-0.9305297616454813,0,0,2.220446049250313e-16,0.4453125
D2-N3-M3-Rtight-S1070,N3-M3-Rtight,1,1,-0.0040455471186060556,0.0,0.9304758372793931,0.0,0.0,-0.9304758372793929,0,0,-2.220446049250313e-16,0.445556640625
D2-N3-M3-Rtight-S1432,N3-M3-Rtight,1,1,-0.004043133917671304,0.017140833511632536,0.9482142563723333,-0.001152621796298936,0.0,-0.9299208010644051,0,0,3.3306690738754696e-15,0.44580078125
D2-N2-M5-Rloose-S1376,N2-M5-Rloose,2,2+,-0.004039525542209377,0.0,1.4542291951953672,0.0,0.0,-1.4542291951953672,0,0,0.0,0.446044921875
D2-N2-M3-Rloose-S1430,N2-M3-Rloose,1,1,-0.004038476171630917,0.0,0.928849519475111,0.0,0.0,-0.928849519475111,0,0,0.0,0.4462890625
D2-N3-M3-Rtight-S1016,N3-M3-Rtight,1,1,-0.004036509806155872,0.0,0.9283972554158515,0.0,0.0,-0.9283972554158506,0,0,-8.881784197001252e-16,0.446533203125
D2-N2-M5-Rtight-S1127,N2-M5-Rtight,1,1,-0.004036185151716193,0.0,1.170493693997697,0.0,0.0,-1.1704936939976989,0,0,1.7763568394002505e-15,0.44677734375
D2-N2-M3-Rloose-S1246,N2-M3-Rloose,1,1,-0.00403604108021946,0.0,0.9282894484504753,0.0,0.0,-0.9282894484504762,0,0,8.881784197001252e-16,0.447021484375
D2-N3-M3-Rtight-S1182,N3-M3-Rtight,1,1,-0.0040359276776573,0.0,0.928263365861179,0.0,0.0,-0.928263365861179,0,0,0.0,0.447265625
D2-N3-M3-Rloose-S1086,N3-M3-Rloose,1,1,-0.004035416672646678,0.0,0.9281458347087361,0.0,0.0,-0.9281458347087361,0,0,0.0,0.447509765625
D2-N3-M5-Rtight-S1111,N3-M5-Rtight,1,1,-0.0040325513051927,0.0,1.1694398785058784,0.0,0.0,-1.1694398785058837,0,0,5.329070518200751e-15,0.44775390625
D2-N3-M3-Rloose-S1286,N3-M3-Rloose,1,1,-0.004031187688414286,0.0,0.927173168335286,0.0,0.0,-0.927173168335286,0,0,0.0,0.447998046875
D2-N2-M3-Rtight-S1026,N2-M3-Rtight,1,1,-0.004027416935376544,0.0,0.9263058951366052,0.0,0.0,-0.926305895136605,0,0,-2.220446049250313e-16,0.4482421875
D2-N2-M3-Rloose-S1165,N2-M3-Rloose,3,2+,-0.004026137255003642,2.92476751586878,3.850779084519619,0.0,0.0,-0.9260115686508392,0,0,0.0,0.448486328125
D2-N3-M3-Rtight-S1068,N3-M3-Rtight,1,1,-0.004025530424646928,0.0,0.9258719976687875,0.0,0.0,-0.9258719976687928,0,0,5.329070518200751e-15,0.44873046875
D2-N2-M3-Rtight-S1120,N2-M3-Rtight,1,1,-0.004024811262388073,0.0,0.925706590349261,0.0,0.0,-0.9257065903492503,0,0,-1.0658141036401503e-14,0.448974609375
D2-N2-M3-Rtight-S1046,N2-M3-Rtight,1,1,-0.0040244107332146044,0.0,0.9256144686393595,0.0,0.0,-0.9256144686393593,0,0,-2.220446049250313e-16,0.44921875
D2-N3-M3-Rtight-S1249,N3-M3-Rtight,1,1,-0.004022858237035867,0.0,0.9252573945182494,0.0,0.0,-0.9252573945182494,0,0,0.0,0.449462890625
D2-N3-M3-Rtight-S1017,N3-M3-Rtight,1,1,-0.004020845863403122,0.0,0.9247945485827334,0.0,0.0,-0.9247945485827245,0,0,-8.881784197001252e-15,0.44970703125
D2-N3-M3-Rtight-S1152,N3-M3-Rtight,1,1,-0.004019717163120273,0.0,0.9245349475176425,0.0,0.0,-0.9245349475176567,0,0,1.4210854715202004e-14,0.449951171875
D2-N3-M3-Rtight-S1194,N3-M3-Rtight,1,1,-0.004018123293242009,0.0,0.9241683574456618,0.0,0.0,-0.9241683574456623,0,0,4.440892098500626e-16,0.4501953125
D2-N3-M3-Rtight-S1088,N3-M3-Rtight,1,1,-0.004014453640204814,0.0,0.9233243372471076,0.0,0.0,-0.9233243372471076,0,0,0.0,0.450439453125
D2-N2-M3-Rloose-S1030,N2-M3-Rloose,1,1,-0.00401243500783615,0.0,0.9228600518023145,0.0,0.0,-0.9228600518023145,0,0,0.0,0.45068359375
D2-N2-M3-Rtight-S1324,N2-M3-Rtight,1,1,-0.004012413107431778,0.0,0.9228550147093149,0.0,0.0,-0.9228550147093131,0,0,-1.7763568394002505e-15,0.450927734375
D2-N3-M3-Rtight-S1069,N3-M3-Rtight,1,1,-0.004012051100604708,0.0,0.9227717531390933,0.0,0.0,-0.922771753139088,0,0,-5.329070518200751e-15,0.451171875
D2-N3-M3-Rtight-S1048,N3-M3-Rtight,1,1,-0.004009770373670382,0.0,1.2029311121011155,0.0,0.0,-1.2029311121011155,0,0,0.0,0.451416015625
D2-N3-M3-Rtight-S1185,N3-M3-Rtight,1,1,-0.004009006920167646,0.0,0.9220715916385629,0.0,0.0,-0.9220715916385558,0,0,-7.105427357601002e-15,0.45166015625
D2-N3-M5-Rloose-S1088,N3-M5-Rloose,2,2+,-0.004008315552282787,0.0,1.7235756874815884,0.0,0.0,-1.723575687481599,0,0,1.0658141036401503e-14,0.451904296875
D2-N3-M3-Rtight-S1136,N3-M3-Rtight,1,1,-0.003998528183579091,0.0,0.9196614822231908,0.0,0.0,-0.9196614822231908,0,0,0.0,0.4521484375
D2-N2-M3-Rtight-S1156,N2-M3-Rtight,1,1,-0.003998329394878562,0.0,0.9196157608220679,0.0,0.0,-0.9196157608220688,0,0,8.881784197001252e-16,0.452392578125
D2-N3-M3-Rtight-S1116,N3-M3-Rtight,1,1,-0.003995961202107809,0.0,0.919071076484796,0.0,0.0,-0.919071076484796,0,0,0.0,0.45263671875
D2-N2-M3-Rloose-S1166,N2-M3-Rloose,1,1,-0.003995553070551482,0.0,0.9189772062268409,0.0,0.0,-0.9189772062268409,0,0,0.0,0.452880859375
D2-N3-M3-Rtight-S1093,N3-M3-Rtight,1,1,-0.003992128350842228,0.0,0.9181895206937156,0.0,0.0,-0.9181895206937156,0,0,0.0,0.453125
D2-N3-M3-Rtight-S1032,N3-M3-Rtight,1,1,-0.003988427776305203,0.0,0.9173383885501964,0.0,0.0,-0.917338388550192,0,0,-4.440892098500626e-15,0.453369140625
D2-N3-M3-Rtight-S1365,N3-M3-Rtight,1,1,-0.003980116878899986,0.0,0.9154268821469955,0.0,0.0,-0.9154268821470026,0,0,7.105427357601002e-15,0.45361328125
D2-N3-M3-Rtight-S1410,N3-M3-Rtight,1,1,-0.003974737211501966,0.0,0.9141895586454527,0.0,0.0,-0.9141895586454525,0,0,-2.220446049250313e-16,0.453857421875
D2-N2-M3-Rtight-S1458,N2-M3-Rtight,1,1,-0.003973881299399466,0.0,0.9139926988618774,0.0,0.0,-0.9139926988618772,0,0,-2.220446049250313e-16,0.4541015625
D2-N3-M3-Rloose-S1310,N3-M3-Rloose,1,1,-0.003972526681791875,0.0,0.9136811368121314,0.0,0.0,-0.9136811368121314,0,0,0.0,0.454345703125
D2-N3-M3-Rloose-S1294,N3-M3-Rloose,1,1,-0.0039723492739750475,0.0,0.9136403330142611,0.0,0.0,-0.9136403330142611,0,0,0.0,0.45458984375
D2-N3-M5-Rtight-S1091,N3-M5-Rtight,1,1,-0.003972273674620219,0.0,1.1519593656398683,0.0,0.0,-1.1519593656398683,0,0,0.0,0.454833984375
D2-N3-M3-Rloose-S1350,N3-M3-Rloose,1,1,-0.003972052712277248,0.0,0.9135721238237666,0.0,0.0,-0.9135721238237666,0,0,0.0,0.455078125
D2-N2-M3-Rloose-S1126,N2-M3-Rloose,1,1,-0.003971401347584202,0.0,0.9134223099443664,0.0,0.0,-0.9134223099443664,0,0,0.0,0.455322265625
D2-N3-M3-Rtight-S1021,N3-M3-Rtight,1,1,-0.003964352441878094,0.0,0.9118010616319676,0.0,0.0,-0.9118010616319623,0,0,-5.329070518200751e-15,0.45556640625
D2-N3-M3-Rloose-S1258,N3-M3-Rloose,1,1,-0.00396434585748269,0.0,0.9117995472210181,0.0,0.0,-0.911799547221019,0,0,8.881784197001252e-16,0.455810546875
D2-N3-M3-Rtight-S1020,N3-M3-Rtight,1,1,-0.003962454318025818,0.0,1.1887362954077467,0.0,0.0,-1.1887362954077467,0,0,0.0,0.4560546875
D2-N2-M3-Rtight-S1258,N2-M3-Rtight,1,1,-0.003957364580109663,0.0,0.9101938534252227,0.0,0.0,-0.9101938534252225,0,0,-2.220446049250313e-16,0.456298828125
D2-N3-M3-Rloose-S1063,N3-M3-Rloose,1,1,-0.0039551594176001625,0.0,0.9096866660480316,0.0,0.0,-0.9096866660480316,0,0,0.0,0.45654296875
D2-N3-M3-Rloose-S1191,N3-M3-Rloose,1,1,-0.0039514036964784505,0.0,0.9088228501900346,0.0,0.0,-0.9088228501900346,0,0,0.0,0.456787109375
D2-N3-M5-Rtight-S1467,N3-M5-Rtight,1,1,-0.003950569535327651,0.0,0.6977989865715486,0.4478661786734687,0.0,-1.1456651652450187,-1,-1,1.3322676295501878e-15,0.45703125
D2-N2-M3-Rloose-S1310,N2-M3-Rloose,1,1,-0.003949678661682131,0.0,0.9084260921868905,0.0,0.0,-0.9084260921868905,0,0,0.0,0.457275390625
D2-N2-M3-Rtight-S1002,N2-M3-Rtight,1,1,-0.0039495832002479254,0.0,0.908404136057023,0.0,0.0,-0.908404136057023,0,0,0.0,0.45751953125
D2-N3-M3-Rtight-S1158,N3-M3-Rtight,1,1,-0.003944986162167907,0.0,0.9073468172986183,0.0,0.0,-0.9073468172986185,0,0,2.220446049250313e-16,0.457763671875
D2-N2-M3-Rtight-S1333,N2-M3-Rtight,1,1,-0.0039440149059129515,0.0,0.9071234283599798,0.0,0.0,-0.907123428359979,0,0,-8.881784197001252e-16,0.4580078125
D2-N2-M3-Rtight-S1141,N2-M3-Rtight,1,1,-0.003932875454556908,0.0,0.904561354548088,0.0,0.0,-0.904561354548088,0,0,0.0,0.458251953125
D2-N3-M3-Rloose-S1454,N3-M3-Rloose,1,1,-0.003928358706421898,0.0,0.9035225024770364,0.0,0.0,-0.9035225024770366,0,0,2.220446049250313e-16,0.45849609375
D2-N3-M3-Rloose-S1324,N3-M3-Rloose,2,2+,-0.003916946669850874,1.044931356808604,1.9458290908742981,0.0,0.0,-0.9008977340656941,0,0,0.0,0.458740234375
D2-N2-M3-Rloose-S1378,N2-M3-Rloose,1,1,-0.003914743195229019,0.0,0.9003909349026746,0.0,0.0,-0.9003909349026746,0,0,0.0,0.458984375
D2-N3-M3-Rtight-S1201,N3-M3-Rtight,1,1,-0.003913184835110772,0.0,0.9000325120754704,0.0,0.0,-0.9000325120754695,0,0,-8.881784197001252e-16,0.459228515625
D2-N3-M5-Rloose-S1416,N3-M5-Rloose,2,2+,-0.003911652323825537,0.0,1.6820104992449814,0.0,0.0,-1.6820104992449814,0,0,0.0,0.45947265625
D2-N3-M3-Rloose-S1238,N3-M3-Rloose,1,1,-0.0039116441351719385,0.0,0.8996781510895457,0.0,0.0,-0.899678151089546,0,0,2.220446049250313e-16,0.459716796875
D2-N2-M3-Rtight-S1065,N2-M3-Rtight,1,1,-0.0039058517414377047,0.0,0.8983459005306687,0.0,0.0,-0.8983459005306713,0,0,2.6645352591003757e-15,0.4599609375
D2-N3-M3-Rloose-S1390,N3-M3-Rloose,1,1,-0.0039049704239828807,0.0,0.8981431975160625,0.0,0.0,-0.8981431975160628,0,0,2.220446049250313e-16,0.460205078125
D2-N3-M3-Rtight-S1457,N3-M3-Rtight,1,1,-0.003904175660910794,0.0,0.8979604020094811,0.0,0.0,-0.8979604020094811,0,0,0.0,0.46044921875
D2-N3-M5-Rtight-S1055,N3-M5-Rtight,1,1,-0.0039029508872606977,0.0,1.131855757305587,0.0,0.0,-1.1318557573056012,0,0,1.4210854715202004e-14,0.460693359375
D2-N2-M3-Rtight-S1460,N2-M3-Rtight,1,1,-0.0039002031213817706,0.0,0.8970467179178074,0.0,0.0,-0.8970467179178083,0,0,8.881784197001252e-16,0.4609375
D2-N3-M5-Rtight-S1495,N3-M5-Rtight,1,1,-0.0038973300749258477,0.0,0.8574126164836873,0.0,0.0,-0.8574126164836855,0,0,-1.7763568394002505e-15,0.461181640625
D2-N2-M3-Rtight-S1145,N2-M3-Rtight,1,1,-0.0038915414115539143,0.0,0.8950545246573993,0.0,0.0,-0.8950545246574002,0,0,8.881784197001252e-16,0.46142578125
D2-N3-M3-Rloose-S1290,N3-M3-Rloose,1,1,-0.0038878951241026263,0.0,0.8942158785436045,0.0,0.0,-0.8942158785436041,0,0,-4.440892098500626e-16,0.461669921875
D2-N2-M3-Rloose-S1234,N2-M3-Rloose,1,1,-0.0038875163914201347,0.0,0.8941287700266307,0.0,0.0,-0.8941287700266312,0,0,4.440892098500626e-16,0.4619140625
D2-N3-M3-Rtight-S1236,N3-M3-Rtight,1,1,-0.003886377458102691,0.0,0.8938668153636176,0.0,0.0,-0.8938668153636176,0,0,0.0,0.462158203125
D2-N3-M3-Rtight-S1461,N3-M3-Rtight,1,1,-0.003880641097564086,0.0,0.892547452439743,0.0,0.0,-0.892547452439743,0,0,0.0,0.46240234375
D2-N2-M3-Rloose-S1382,N2-M3-Rloose,1,1,-0.003877775121527198,0.0,0.8918882779512558,0.0,0.0,-0.8918882779512556,0,0,-2.220446049250313e-16,0.462646484375
D2-N3-M5-Rloose-S1507,N3-M5-Rloose,2,2+,-0.0038764695734360977,0.0,1.6668819165775162,0.0,0.0,-1.6668819165775233,0,0,7.105427357601002e-15,0.462890625
D2-N3-M3-Rtight-S1224,N3-M3-Rtight,1,1,-0.003875641006910527,0.0,0.8913974315894198,0.0,0.0,-0.8913974315894198,0,0,0.0,0.463134765625
D2-N3-M3-Rtight-S1349,N3-M3-Rtight,1,1,-0.0038752288972970783,0.0,0.8913026463783247,0.0,0.0,-0.8913026463783282,0,0,3.552713678800501e-15,0.46337890625
D2-N3-M3-Rtight-S1446,N3-M3-Rtight,1,1,-0.003872977500903334,0.0,0.8907848252077666,0.0,0.0,-0.8907848252077666,0,0,0.0,0.463623046875
D2-N3-M3-Rtight-S1337,N3-M3-Rtight,1,1,-0.0038725639555473867,0.0,0.8906897097758986,0.0,0.0,-0.8906897097758986,0,0,0.0,0.4638671875
D2-N3-M3-Rloose-S1206,N3-M3-Rloose,1,1,-0.003870515993373739,0.0,0.8902186784759603,0.0,0.0,-0.8902186784759598,0,0,-4.440892098500626e-16,0.464111328125
D2-N2-M3-Rloose-S1462,N2-M3-Rloose,1,1,-0.003865045155142091,0.0,0.8889603856826807,0.0,0.0,-0.8889603856826809,0,0,2.220446049250313e-16,0.46435546875
D2-N3-M3-Rtight-S1468,N3-M3-Rtight,1,1,-0.0038646377229318296,0.0,0.8888666762743274,0.0,0.0,-0.8888666762743185,0,0,-8.881784197001252e-15,0.464599609375
D2-N2-M3-Rtight-S1505,N2-M3-Rtight,1,1,-0.003864409081442359,0.0,0.8888140887317411,0.0,0.0,-0.888814088731742,0,0,8.881784197001252e-16,0.46484375
D2-N3-M3-Rtight-S1309,N3-M3-Rtight,1,1,-0.003862124621484747,0.0,0.8882886629414912,0.0,0.0,-0.8882886629414912,0,0,0.0,0.465087890625
D2-N3-M3-Rtight-S1482,N3-M3-Rtight,1,1,-0.003862044619351912,0.0,0.8882702624509393,0.0,0.0,-0.8882702624509395,0,0,2.220446049250313e-16,0.46533203125
D2-N2-M3-Rtight-S1186,N2-M3-Rtight,1,1,-0.0038620134232409103,0.0,0.8882630873454094,0.0,0.0,-0.8882630873454094,0,0,0.0,0.465576171875
D2-N2-M3-Rtight-S1136,N2-M3-Rtight,1,1,-0.0038611669682031974,0.0,0.8880684026867351,0.0,0.0,-0.888068402686736,0,0,8.881784197001252e-16,0.4658203125
D2-N2-M3-Rtight-S1152,N2-M3-Rtight,1,1,-0.003859370938369855,0.0,1.1578112815109645,0.0,0.0,-1.1578112815109591,0,0,-5.329070518200751e-15,0.466064453125
D2-N3-M3-Rtight-S1252,N3-M3-Rtight,1,1,-0.0038538301614801512,0.0,0.8863809371404336,0.0,0.0,-0.8863809371404336,0,0,0.0,0.46630859375
D2-N2-M3-Rloose-S1158,N2-M3-Rloose,1,1,-0.0038531245835171663,0.0,0.8862186542089483,0.0,0.0,-0.8862186542089483,0,0,0.0,0.466552734375
D2-N2-M3-Rtight-S1181,N2-M3-Rtight,1,1,-0.003853014020071162,0.0,0.8861932246163677,0.0,0.0,-0.8861932246163668,0,0,-8.881784197001252e-16,0.466796875
D2-N2-M3-Rtight-S1389,N2-M3-Rtight,1,1,-0.003846729689773676,0.0,0.8847478286479458,0.0,0.0,-0.8847478286479458,0,0,0.0,0.467041015625
D2-N2-M3-Rtight-S1454,N2-M3-Rtight,1,1,-0.0038458959105122075,0.0,0.8845560594178077,0.0,0.0,-0.8845560594178079,0,0,2.220446049250313e-16,0.46728515625
D2-N3-M3-Rloose-S1371,N3-M3-Rloose,1,1,-0.0038452107748400133,0.0,0.8843984782132104,0.0,0.0,-0.8843984782131997,0,0,-1.0658141036401503e-14,0.467529296875
D2-N2-M3-Rloose-S1474,N2-M3-Rloose,1,1,-0.003844955019589563,0.0,0.8843396545055995,0.0,0.0,-0.8843396545055997,0,0,2.220446049250313e-16,0.4677734375
D2-N2-M3-Rtight-S1114,N2-M3-Rtight,1,1,-0.0038443434706201558,0.0,0.8841989982426355,0.0,0.0,-0.8841989982426357,0,0,2.220446049250313e-16,0.468017578125
D2-N3-M3-Rtight-S1085,N3-M3-Rtight,1,1,-0.0038429818104332436,0.0,0.8838858163996388,0.0,0.0,-0.8838858163996406,0,0,1.7763568394002505e-15,0.46826171875
D2-N3-M3-Rtight-S1343,N3-M3-Rtight,1,1,-0.0038423953368602604,0.0,0.8837509274778661,0.0,0.0,-0.8837509274778625,0,0,-3.552713678800501e-15,0.468505859375
D2-N2-M3-Rtight-S1420,N2-M3-Rtight,1,1,-0.0038392978898104113,0.0,0.8830385146563957,0.0,0.0,-0.8830385146563913,0,0,-4.440892098500626e-15,0.46875
D2-N2-M3-Rtight-S1252,N2-M3-Rtight,1,1,-0.0038358488604413876,0.0,0.8822452379015182,0.0,0.0,-0.8822452379015182,0,0,0.0,0.468994140625
D2-N3-M3-Rtight-S1306,N3-M3-Rtight,1,1,-0.0038318744085812807,0.0,0.8813311139736941,0.0,0.0,-0.8813311139736943,0,0,2.220446049250313e-16,0.46923828125
D2-N2-M3-Rloose-S1394,N2-M3-Rloose,1,1,-0.003828626811292384,0.0,0.880584166597248,0.0,0.0,-0.8805841665972483,0,0,2.220446049250313e-16,0.469482421875
D2-N2-M3-Rtight-S1090,N2-M3-Rtight,1,1,-0.00382779347965871,0.0,0.8803925003215036,0.0,0.0,-0.8803925003215034,0,0,-2.220446049250313e-16,0.4697265625
D2-N2-M5-Rloose-S1393,N2-M5-Rloose,2,2+,-0.0038269862026237833,0.0,1.3777150329445647,0.0,0.0,-1.3777150329445647,0,0,0.0,0.469970703125
D2-N2-M3-Rtight-S1250,N2-M3-Rtight,1,1,-0.003826510187063835,0.0,0.8800973430246817,0.0,0.0,-0.8800973430246817,0,0,0.0,0.47021484375
D2-N3-M3-Rtight-S1170,N3-M3-Rtight,1,1,-0.0038257789674718233,0.0,0.8799291625185193,0.0,0.0,-0.8799291625185193,0,0,0.0,0.470458984375
D2-N2-M3-Rtight-S1229,N2-M3-Rtight,1,1,-0.003824691124430235,0.0,0.8796789586189426,0.0,0.0,-0.8796789586189533,0,0,1.0658141036401503e-14,0.470703125
D2-N2-M3-Rtight-S1157,N2-M3-Rtight,1,1,-0.0038212919878660156,0.0,0.878897157209173,0.0,0.0,-0.878897157209181,0,0,7.993605777301127e-15,0.470947265625
D2-N3-M3-Rloose-S1147,N3-M3-Rloose,1,1,-0.003820555262195602,0.0,0.878727710304986,0.0,0.0,-0.878727710304986,0,0,0.0,0.47119140625
D2-N2-M3-Rtight-S1236,N2-M3-Rtight,1,1,-0.003819861831412086,0.0,0.878568221224791,0.0,0.0,-0.8785682212247821,0,0,-8.881784197001252e-15,0.471435546875
D2-N3-M3-Rtight-S1485,N3-M3-Rtight,1,1,-0.003816887116893812,0.0,0.8778840368855771,0.0,0.0,-0.8778840368855771,0,0,0.0,0.4716796875
D2-N2-M3-Rtight-S1493,N2-M3-Rtight,1,1,-0.003809315355465248,0.0,0.8761425317570115,0.0,0.0,-0.8761425317570115,0,0,0.0,0.471923828125
D2-N3-M3-Rtight-S1013,N3-M3-Rtight,1,1,-0.0038083068158436748,0.0,0.8759105676440466,0.0,0.0,-0.8759105676440466,0,0,0.0,0.47216796875
D2-N2-M3-Rtight-S1124,N2-M3-Rtight,1,1,-0.0038078509507363384,0.0,0.8758057186693584,0.0,0.0,-0.8758057186693584,0,0,0.0,0.472412109375
D2-N3-M5-Rloose-S1035,N3-M5-Rloose,2,2+,-0.0037990450517007,0.9036364596176014,2.0053595246108102,0.0,0.0,-1.1017230649932088,0,0,0.0,0.47265625
D2-N2-M3-Rtight-S1189,N2-M3-Rtight,1,1,-0.003796486307498667,0.0,0.8731918507246919,0.0,0.0,-0.8731918507246927,0,0,8.881784197001252e-16,0.472900390625
D2-N3-M3-Rloose-S1115,N3-M3-Rloose,1,1,-0.0037958253444296264,0.0,0.8730398292188148,0.0,0.0,-0.8730398292188113,0,0,-3.552713678800501e-15,0.47314453125
D2-N3-M3-Rtight-S1361,N3-M3-Rtight,1,1,-0.0037945797199398917,0.0,0.8727533355861734,0.0,0.0,-0.8727533355861734,0,0,0.0,0.473388671875
D2-N2-M3-Rtight-S1009,N2-M3-Rtight,1,1,-0.0037942992015688737,0.0,0.8726888163608315,0.0,0.0,-0.8726888163608351,0,0,3.552713678800501e-15,0.4736328125
D2-N3-M3-Rtight-S1200,N3-M3-Rtight,1,1,-0.0037941985089276486,0.0,0.8726656570533553,0.0,0.0,-0.8726656570533606,0,0,5.329070518200751e-15,0.473876953125
D2-N3-M3-Rloose-S1251,N3-M3-Rloose,1,1,-0.0037932914705230414,0.0,0.872457038220297,0.0,0.0,-0.8724570382203041,0,0,7.105427357601002e-15,0.47412109375
D2-N2-M3-Rloose-S1139,N2-M3-Rloose,1,1,-0.0037932565943499252,0.0,0.8724490167004895,0.0,0.0,-0.8724490167004859,0,0,-3.552713678800501e-15,0.474365234375
D2-N3-M3-Rtight-S1285,N3-M3-Rtight,1,1,-0.0037887614664914027,0.0,0.8714151372930221,0.0,0.0,-0.8714151372930221,0,0,0.0,0.474609375
D2-N3-M3-Rtight-S1174,N3-M3-Rtight,1,1,-0.00378637414959725,0.0,0.8708660544073674,0.0,0.0,-0.8708660544073679,0,0,4.440892098500626e-16,0.474853515625
D2-N3-M3-Rtight-S1408,N3-M3-Rtight,1,1,-0.003786225384538988,0.0,0.8708318384439853,0.0,0.0,-0.8708318384439764,0,0,-8.881784197001252e-15,0.47509765625
D2-N2-M3-Rtight-S1270,N2-M3-Rtight,1,1,-0.0037826508046109562,0.0,0.8700096850605197,0.0,0.0,-0.8700096850605199,0,0,2.220446049250313e-16,0.475341796875
D2-N3-M3-Rloose-S1439,N3-M3-Rloose,1,1,-0.003779326030507957,0.0,0.8692449870168169,0.0,0.0,-0.8692449870168275,0,0,1.0658141036401503e-14,0.4755859375
D2-N2-M3-Rtight-S1116,N2-M3-Rtight,1,1,-0.003776809897385547,0.0,0.8686662763986712,0.0,0.0,-0.8686662763986703,0,0,-8.881784197001252e-16,0.475830078125
D2-N2-M3-Rtight-S1449,N2-M3-Rtight,1,1,-0.0037735473746282056,0.0,0.8679158961644973,0.0,0.0,-0.8679158961644902,0,0,-7.105427357601002e-15,0.47607421875
D2-N3-M3-Rtight-S1165,N3-M3-Rtight,1,1,-0.003772088405044366,0.0,0.8675803331602072,0.0,0.0,-0.8675803331602054,0,0,-1.7763568394002505e-15,0.476318359375
D2-N3-M3-Rtight-S1272,N3-M3-Rtight,1,1,-0.0037716893584530953,0.0,1.131506807535926,0.0,0.0,-1.1315068075359278,0,0,1.7763568394002505e-15,0.4765625
D2-N2-M3-Rloose-S1130,N2-M3-Rloose,1,1,-0.0037698897488255556,0.0,0.8670746422298778,0.0,0.0,-0.8670746422298778,0,0,0.0,0.476806640625
D2-N3-M3-Rloose-S1127,N3-M3-Rloose,1,1,-0.0037690331728484905,0.0,0.8668776297551588,0.0,0.0,-0.8668776297551517,0,0,-7.105427357601002e-15,0.47705078125
D2-N2-M3-Rloose-S1443,N2-M3-Rloose,1,1,-0.0037672993972623914,0.0,0.8664788613703465,0.0,0.0,-0.8664788613703394,0,0,-7.105427357601002e-15,0.477294921875
D2-N2-M3-Rtight-S1424,N2-M3-Rtight,1,1,-0.003761414104445547,0.0,0.8651252440224759,0.0,0.0,-0.8651252440224759,0,0,0.0,0.4775390625
D2-N3-M3-Rloose-S1235,N3-M3-Rloose,1,1,-0.00376137409126176,0.0,0.8651160409902019,0.0,0.0,-0.8651160409902019,0,0,0.0,0.477783203125
D2-N3-M3-Rtight-S1493,N3-M3-Rtight,1,1,-0.003761334242783576,0.0,0.8651068758402278,0.0,0.0,-0.865106875840226,0,0,-1.7763568394002505e-15,0.47802734375
D2-N2-M3-Rtight-S1290,N2-M3-Rtight,1,1,-0.00375471716015913,0.0,0.8635849468365999,0.0,0.0,-0.8635849468366001,0,0,2.220446049250313e-16,0.478271484375
D2-N3-M3-Rloose-S1406,N3-M3-Rloose,1,1,-0.0037516706521631624,0.0,0.8628842499975271,0.0,0.0,-0.8628842499975273,0,0,2.220446049250313e-16,0.478515625
D2-N2-M3-Rtight-S1166,N2-M3-Rtight,1,1,-0.003751647569908201,0.0,1.1254942709724594,0.0,0.0,-1.1254942709724602,0,0,8.881784197001252e-16,0.478759765625
D2-N2-M3-Rloose-S1398,N2-M3-Rloose,1,1,-0.0037497210298944247,0.0,0.8624358368757172,0.0,0.0,-0.8624358368757177,0,0,4.440892098500626e-16,0.47900390625
D2-N2-M3-Rloose-S1259,N2-M3-Rloose,1,1,-0.003748844195274381,0.0,0.862234164913108,0.0,0.0,-0.8622341649131045,0,0,-3.552713678800501e-15,0.479248046875
D2-N2-M5-Rloose-S1374,N2-M5-Rloose,3,2+,-0.0037467645815222744,0.0,2.266836753901405,-0.3934544631402772,0.0,-1.8733822907611284,0,0,6.661338147750939e-16,0.4794921875
D2-N3-M3-Rtight-S1113,N3-M3-Rtight,1,1,-0.003743404334755951,0.0,0.8609829969938696,0.0,0.0,-0.8609829969938687,0,0,-8.881784197001252e-16,0.479736328125
D2-N2-M3-Rloose-S1039,N2-M3-Rloose,1,1,-0.003741638735920483,0.0,0.8605769092617059,0.0,0.0,-0.8605769092617095,0,0,3.552713678800501e-15,0.47998046875
D2-N2-M3-Rtight-S1353,N2-M3-Rtight,1,1,-0.003740435045556878,0.0,0.8603000604780888,0.0,0.0,-0.8603000604780817,0,0,-7.105427357601002e-15,0.480224609375
D2-N2-M3-Rtight-S1437,N2-M3-Rtight,1,1,-0.0037368419983000445,0.0,0.8594736596090096,0.0,0.0,-0.8594736596090087,0,0,-8.881784197001252e-16,0.48046875
D2-N2-M3-Rtight-S1408,N2-M3-Rtight,1,1,-0.0037351069417751667,0.0,0.8590745966082896,0.0,0.0,-0.8590745966082896,0,0,0.0,0.480712890625
D2-N2-M3-Rtight-S1472,N2-M3-Rtight,1,1,-0.003733492465921584,0.0,0.8587032671619559,0.0,0.0,-0.8587032671619568,0,0,8.881784197001252e-16,0.48095703125
D2-N3-M3-Rtight-S1014,N3-M3-Rtight,1,1,-0.003724919918290562,0.0,0.8567315812068295,0.0,0.0,-0.8567315812068292,0,0,-2.220446049250313e-16,0.481201171875
D2-N3-M3-Rloose-S1027,N3-M3-Rloose,1,1,-0.0037239155733788665,0.0,0.8565005818771461,0.0,0.0,-0.8565005818771425,0,0,-3.552713678800501e-15,0.4814453125
D2-N2-M3-Rloose-S1304,N2-M3-Rloose,3,2+,-0.00371956635819759,0.0,1.1158699074592775,0.0,0.0,-1.1158699074592775,-2,-2,0.0,0.481689453125
D2-N2-M3-Rtight-S1304,N2-M3-Rtight,1,1,-0.003713292136430478,0.0,0.8540571913790087,0.0,0.0,-0.8540571913790096,0,0,8.881784197001252e-16,0.48193359375
D2-N3-M3-Rloose-S1379,N3-M3-Rloose,1,1,-0.003710835840734339,0.0,0.8534922433689047,0.0,0.0,-0.8534922433688905,0,0,-1.4210854715202004e-14,0.482177734375
D2-N2-M3-Rtight-S1064,N2-M3-Rtight,1,1,-0.0037083417888355355,0.0,1.112502536650661,0.0,0.0,-1.112502536650661,0,0,0.0,0.482421875
D2-N3-M3-Rloose-S1431,N3-M3-Rloose,1,1,-0.003707722149588921,0.0,0.8527760944054528,0.0,0.0,-0.8527760944054563,0,0,3.552713678800501e-15,0.482666015625
D2-N2-M3-Rloose-S1078,N2-M3-Rloose,1,1,-0.0037076750620984086,0.0,0.852765264282634,0.0,0.0,-0.8527652642826342,0,0,2.220446049250313e-16,0.48291015625
D2-N3-M3-Rloose-S1199,N3-M3-Rloose,1,1,-0.00370340094931243,0.0,0.851782218341878,0.0,0.0,-0.8517822183418673,0,0,-1.0658141036401503e-14,0.483154296875
D2-N3-M3-Rloose-S1203,N3-M3-Rloose,1,1,-0.0037031541102226506,0.0,0.851725445351196,0.0,0.0,-0.8517254453512066,0,0,1.0658141036401503e-14,0.4833984375
D2-N3-M3-Rloose-S1271,N3-M3-Rloose,1,1,-0.0037010501995292655,0.0,0.8512415458917317,0.0,0.0,-0.8512415458917317,0,0,0.0,0.483642578125
D2-N2-M3-Rtight-S1000,N2-M3-Rtight,1,1,-0.003700411441291851,0.0,1.1101234323875477,0.0,0.0,-1.110123432387553,0,0,5.329070518200751e-15,0.48388671875
D2-N2-M5-Rtight-S1495,N2-M5-Rtight,1,1,-0.0036957275809597553,0.0,1.0717609984783287,0.0,0.0,-1.0717609984783287,0,0,0.0,0.484130859375
D2-N2-M3-Rtight-S1080,N2-M3-Rtight,1,1,-0.003691522073419218,0.0,0.8490500768864271,0.0,0.0,-0.849050076886428,0,0,8.881784197001252e-16,0.484375
D2-N3-M3-Rloose-S1503,N3-M3-Rloose,1,1,-0.0036894641037770737,0.0,0.8485767438687368,0.0,0.0,-0.8485767438687333,0,0,-3.552713678800501e-15,0.484619140625
D2-N2-M3-Rtight-S1369,N2-M3-Rtight,1,1,-0.0036872085856433645,0.0,0.8480579746979648,0.0,0.0,-0.8480579746979657,0,0,8.881784197001252e-16,0.48486328125
D2-N3-M5-Rtight-S1499,N3-M5-Rtight,1,1,-0.003683139379024848,0.0,1.0681104199172076,0.0,0.0,-1.0681104199172076,0,0,0.0,0.485107421875
D2-N2-M3-Rtight-S1492,N2-M3-Rtight,1,1,-0.0036813828825568787,0.0,1.030279916927558,0.07413494783950703,0.0,-1.1044148647670635,0,0,-1.5543122344752192e-15,0.4853515625
D2-N3-M3-Rtight-S1389,N3-M3-Rtight,1,1,-0.0036807592145540746,0.0,0.8465746193474333,0.0,0.0,-0.8465746193474359,0,0,2.6645352591003757e-15,0.485595703125
D2-N3-M3-Rloose-S1295,N3-M3-Rloose,1,1,-0.003678781478865134,0.0,0.8461197401389775,0.0,0.0,-0.8461197401389882,0,0,1.0658141036401503e-14,0.48583984375
D2-N3-M3-Rloose-S1394,N3-M3-Rloose,1,1,-0.003672427053067563,0.0,0.8446582222055401,0.0,0.0,-0.8446582222055401,0,0,0.0,0.486083984375
D2-N3-M3-Rloose-S1151,N3-M3-Rloose,1,1,-0.003671939663559276,0.0,0.8445461226186453,0.0,0.0,-0.8445461226186382,0,0,-7.105427357601002e-15,0.486328125
D2-N2-M3-Rloose-S1163,N2-M3-Rloose,1,1,-0.0036698764025678288,0.0,0.8440715725906038,0.0,0.0,-0.8440715725906074,0,0,3.552713678800501e-15,0.486572265625
D2-N2-M3-Rtight-S1321,N2-M3-Rtight,1,1,-0.003667291479220236,0.0,0.8434770402206491,0.0,0.0,-0.8434770402206624,0,0,1.3322676295501878e-14,0.48681640625
D2-N2-M3-Rloose-S1419,N2-M3-Rloose,1,1,-0.003664669390206099,0.0,0.8428739597474042,0.0,0.0,-0.8428739597474078,0,0,3.552713678800501e-15,0.487060546875
D2-N2-M5-Rtight-S1092,N2-M5-Rtight,1,1,-0.0036625212181223,0.0,1.0621311532554678,0.0,0.0,-1.0621311532554678,0,0,0.0,0.4873046875
D2-N2-M3-Rloose-S1327,N2-M3-Rloose,1,1,-0.003646931458869185,0.0,0.8387942355399147,0.0,0.0,-0.8387942355399076,0,0,-7.105427357601002e-15,0.487548828125
D2-N2-M3-Rloose-S1503,N2-M3-Rloose,1,1,-0.0036353009488419574,0.0,0.8361192182336481,0.0,0.0,-0.8361192182336481,0,0,0.0,0.48779296875
D2-N2-M3-Rloose-S1463,N2-M3-Rloose,1,1,-0.0036334958502198256,0.0,0.8357040455505462,0.0,0.0,-0.8357040455505569,0,0,1.0658141036401503e-14,0.488037109375
D2-N3-M3-Rloose-S1283,N3-M3-Rloose,1,1,-0.0036317332500157007,0.0,0.8352986475036133,0.0,0.0,-0.8352986475036062,0,0,-7.105427357601002e-15,0.48828125
D2-N2-M3-Rloose-S1083,N2-M3-Rloose,1,1,-0.003631298332225974,0.0,0.8351986164119687,0.0,0.0,-0.8351986164119722,0,0,3.552713678800501e-15,0.488525390625
D2-N3-M3-Rloose-S1067,N3-M3-Rloose,1,1,-0.003630124576420146,0.0,0.8349286525766395,0.0,0.0,-0.834928652576636,0,0,-3.552713678800501e-15,0.48876953125
D2-N3-M3-Rloose-S1346,N3-M3-Rloose,1,1,-0.0036297815209558517,0.0,0.8348497498198457,0.0,0.0,-0.8348497498198459,0,0,2.220446049250313e-16,0.489013671875
D2-N3-M3-Rloose-S1367,N3-M3-Rloose,1,1,-0.003628097015954679,0.0,0.8344623136695724,0.0,0.0,-0.8344623136695759,0,0,3.552713678800501e-15,0.4892578125
D2-N2-M3-Rtight-S1056,N2-M3-Rtight,1,1,-0.0036266809080099383,0.0,0.8341366088422753,0.0,0.0,-0.8341366088422859,0,0,1.0658141036401503e-14,0.489501953125
D2-N2-M3-Rloose-S1110,N2-M3-Rloose,1,1,-0.0036203604026782774,0.0,0.8326828926160039,0.0,0.0,-0.8326828926160039,0,0,0.0,0.48974609375
D2-N2-M3-Rtight-S1501,N2-M3-Rtight,1,1,-0.0036203422055109957,0.0,0.8326787072675357,0.0,0.0,-0.832678707267533,0,0,-2.6645352591003757e-15,0.489990234375
D2-N3-M5-Rloose-S1413,N3-M5-Rloose,4,2+,-0.00361728567507702,4.332598438295804,5.634821281323497,0.0,0.0,-1.3022228430276925,0,0,0.0,0.490234375
D2-N2-M3-Rtight-S1044,N2-M3-Rtight,1,1,-0.0036165223111316314,0.0,0.8318001315602652,0.0,0.0,-0.8318001315602714,0,0,6.217248937900877e-15,0.490478515625
D2-N3-M3-Rloose-S1387,N3-M3-Rloose,1,1,-0.0036153205326688864,0.0,0.8315237225138326,0.0,0.0,-0.8315237225138361,0,0,3.552713678800501e-15,0.49072265625
D2-N2-M3-Rloose-S1331,N2-M3-Rloose,1,1,-0.003605642762426642,0.0,0.8292978353581439,0.0,0.0,-0.8292978353581333,0,0,-1.0658141036401503e-14,0.490966796875
D2-N2-M5-Rloose-S1131,N2-M5-Rloose,3,2+,-0.003604406040260022,3.910152850640884,4.978334517869655,0.22940450726482653,0.0,-1.2975861744936026,0,0,5.10702591327572e-15,0.4912109375
D2-N2-M3-Rtight-S1042,N2-M3-Rtight,1,1,-0.003604135795132888,0.0,0.8289512328805642,0.0,0.0,-0.8289512328805642,0,0,0.0,0.491455078125
D2-N3-M3-Rloose-S1455,N3-M3-Rloose,1,1,-0.003602317163655333,0.0,0.8285329476407242,0.0,0.0,-0.8285329476407242,0,0,0.0,0.49169921875
D2-N2-M3-Rtight-S1388,N2-M3-Rtight,1,1,-0.0035917510273492936,0.0,0.8261027362903377,0.0,0.0,-0.8261027362903377,0,0,0.0,0.491943359375
D2-N2-M3-Rloose-S1043,N2-M3-Rloose,1,1,-0.003591517610748718,0.0,0.8260490504722107,0.0,0.0,-0.8260490504722071,0,0,-3.552713678800501e-15,0.4921875
D2-N3-M3-Rloose-S1035,N3-M3-Rloose,1,1,-0.0035884301800276908,0.0,0.8253389414063541,0.0,0.0,-0.8253389414063577,0,0,3.552713678800501e-15,0.492431640625
D2-N2-M5-Rtight-S1328,N2-M5-Rtight,1,1,-0.0035866779500144594,0.0,1.040136605504193,0.0,0.0,-1.040136605504193,0,0,0.0,0.49267578125
D2-N3-M3-Rloose-S1022,N3-M3-Rloose,1,1,-0.003583946876805511,0.0,0.8243077816652677,0.0,0.0,-0.8243077816652677,0,0,0.0,0.492919921875
D2-N2-M3-Rloose-S1111,N2-M3-Rloose,1,1,-0.003583753877926088,0.0,0.8242633919229831,0.0,0.0,-0.8242633919229903,0,0,7.105427357601002e-15,0.4931640625
D2-N2-M3-Rtight-S1070,N2-M3-Rtight,1,1,-0.0035832252693386076,0.0,0.8241418119478796,0.0,0.0,-0.8241418119478796,0,0,0.0,0.493408203125
D2-N2-M3-Rtight-S1376,N2-M3-Rtight,1,1,-0.003581655196564358,0.0,0.8237806952098019,0.0,0.0,-0.8237806952098019,0,0,0.0,0.49365234375
D2-N3-M3-Rloose-S1335,N3-M3-Rloose,1,1,-0.0035805993872015662,0.0,0.8235378590563478,0.0,0.0,-0.8235378590563585,0,0,1.0658141036401503e-14,0.493896484375
D2-N2-M3-Rloose-S1335,N2-M3-Rloose,1,1,-0.0035703584321742365,0.0,0.8211824394000722,0.0,0.0,-0.8211824394000757,0,0,3.552713678800501e-15,0.494140625
D2-N2-M3-Rtight-S1137,N2-M3-Rtight,1,1,-0.0035688154275739722,0.0,0.8208275483420131,0.0,0.0,-0.8208275483420131,0,0,0.0,0.494384765625
D2-N2-M3-Rloose-S1322,N2-M3-Rloose,1,1,-0.0035659408818728266,0.0,0.8201664028307503,0.0,0.0,-0.82016640283075,0,0,-2.220446049250313e-16,0.49462890625
D2-N2-M3-Rloose-S1019,N2-M3-Rloose,1,1,-0.0035658044854597337,0.0,0.8201350316557416,0.0,0.0,-0.8201350316557381,0,0,-3.552713678800501e-15,0.494873046875
D2-N3-M3-Rloose-S1307,N3-M3-Rloose,1,1,-0.00355478043360552,0.0,0.8175994997292726,0.0,0.0,-0.817599499729269,0,0,-3.552713678800501e-15,0.4951171875
D2-N3-M3-Rloose-S1039,N3-M3-Rloose,1,1,-0.0035508417328078967,0.0,0.8166935985458359,0.0,0.0,-0.8166935985458252,0,0,-1.0658141036401503e-14,0.495361328125
D2-N3-M3-Rtight-S1009,N3-M3-Rtight,1,1,-0.003545868477230041,0.0,0.33266500858163717,0.482884741181262,0.0,-0.8155497497629085,0,-1,9.325873406851315e-15,0.49560546875
D2-N3-M5-Rtight-S1307,N3-M5-Rtight,1,1,-0.003535545521605288,0.0,1.272796387777909,0.0,0.0,-1.2727963877779018,0,0,-7.105427357601002e-15,0.495849609375
D2-N3-M5-Rloose-S1425,N3-M5-Rloose,4,2+,-0.003526781624090397,0.0,2.2633908120451807,0.0,-0.5,-1.7633908120451878,-1,0,7.105427357601002e-15,0.49609375
D2-N3-M3-Rloose-S1359,N3-M3-Rloose,1,1,-0.0035215285011699904,0.0,0.8099515552690946,0.0,0.0,-0.8099515552690946,0,0,0.0,0.496337890625
D2-N2-M3-Rloose-S1207,N2-M3-Rloose,1,1,-0.0035209542035241626,0.0,0.8098194668105521,0.0,0.0,-0.8098194668105521,0,0,0.0,0.49658203125
D2-N2-M3-Rloose-S1172,N2-M3-Rloose,3,2+,-0.003507409682274948,2.889642089116826,3.6963463160400636,0.0,0.0,-0.8067042269232374,0,0,0.0,0.496826171875
D2-N3-M3-Rloose-S1019,N3-M3-Rloose,1,1,-0.0035037204573036274,0.0,0.8058557051798481,0.0,0.0,-0.8058557051798374,0,0,-1.0658141036401503e-14,0.4970703125
D2-N3-M5-Rtight-S1475,N3-M5-Rtight,1,1,-0.003501297929965813,0.0,1.015376399690096,0.0,0.0,-1.0153763996900906,0,0,-5.329070518200751e-15,0.497314453125
D2-N2-M3-Rloose-S1491,N2-M3-Rloose,1,1,-0.0034993605586268184,0.0,0.8048529284841628,0.0,0.0,-0.8048529284841663,0,0,3.552713678800501e-15,0.49755859375
D2-N2-M5-Rtight-S1448,N2-M5-Rtight,1,1,-0.0034898975528912524,0.0,1.2563631190408504,0.0,0.0,-1.2563631190408504,0,0,0.0,0.497802734375
D2-N2-M3-Rloose-S1015,N2-M3-Rloose,1,1,-0.0034893635620654173,0.0,0.8025536192750486,0.0,0.0,-0.8025536192750522,0,0,3.552713678800501e-15,0.498046875
D2-N3-M3-Rloose-S1095,N3-M3-Rloose,1,1,-0.003469769170071746,0.0,0.7980469091164935,0.0,0.0,-0.7980469091164935,0,0,0.0,0.498291015625
D2-N2-M3-Rloose-S1267,N2-M3-Rloose,1,1,-0.0034579697138752974,0.0,0.7953330341913301,0.0,0.0,-0.7953330341913301,0,0,0.0,0.49853515625
D2-N3-M5-Rtight-S1090,N3-M5-Rtight,1,1,-0.0034498615611424643,0.0,1.2419501620112818,0.0,0.0,-1.2419501620112783,0,0,-3.552713678800501e-15,0.498779296875
D2-N2-M3-Rtight-S1313,N2-M3-Rtight,1,1,-0.003449846175193963,0.0,0.7934646202946105,0.0,0.0,-0.7934646202946105,0,0,0.0,0.4990234375
D2-N2-M3-Rtight-S1105,N2-M3-Rtight,1,1,-0.003445022545205602,0.0,0.7923551853972883,0.0,0.0,-0.7923551853972892,0,0,8.881784197001252e-16,0.499267578125
D2-N2-M3-Rtight-S1481,N2-M3-Rtight,1,1,-0.003436680406446853,0.0,0.7904364934827761,0.0,0.0,-0.7904364934827761,0,0,0.0,0.49951171875
D2-N2-M5-Rtight-S1299,N2-M5-Rtight,1,1,-0.0034364484299364284,0.0,1.237121434777114,0.0,0.0,-1.237121434777114,0,0,0.0,0.499755859375
D2-N3-M3-Rtight-S1208,N3-M3-Rtight,1,1,-0.0034360780850756292,0.0,1.030823425522689,0.0,0.0,-1.030823425522689,0,0,0.0,0.5
D2-N2-M3-Rloose-S1403,N2-M3-Rloose,1,1,-0.003435624234165491,0.0,0.7901935738580548,0.0,0.0,-0.7901935738580619,0,0,7.105427357601002e-15,0.500244140625
D2-N2-M3-Rloose-S1103,N2-M3-Rloose,1,1,-0.003433842027441847,0.0,0.7897836663116173,0.0,0.0,-0.789783666311628,0,0,1.0658141036401503e-14,0.50048828125
D2-N2-M3-Rloose-S1247,N2-M3-Rloose,1,1,-0.0034338033369752385,0.0,0.7897747675042979,0.0,0.0,-0.789774767504305,0,0,7.105427357601002e-15,0.500732421875
D2-N2-M3-Rloose-S1063,N2-M3-Rloose,1,1,-0.003433167170082463,0.0,0.7896284491189647,0.0,0.0,-0.7896284491189647,0,0,0.0,0.5009765625
D2-N3-M5-Rtight-S1405,N3-M5-Rtight,1,1,-0.0034276200164137793,0.0,1.233943205908961,0.0,0.0,-1.2339432059089575,0,0,-3.552713678800501e-15,0.501220703125
D2-N2-M5-Rtight-S1012,N2-M5-Rtight,1,1,-0.0034273221905899154,0.0,1.2338359886123715,0.0,0.0,-1.2338359886123698,0,0,-1.7763568394002505e-15,0.50146484375
D2-N3-M3-Rloose-S1223,N3-M3-Rloose,1,1,-0.0034244024601128853,0.0,0.7876125658259774,0.0,0.0,-0.7876125658259667,0,0,-1.0658141036401503e-14,0.501708984375
D2-N3-M3-Rloose-S1231,N3-M3-Rloose,1,1,-0.0034182055478137463,0.0,0.7861872759971682,0.0,0.0,-0.7861872759971646,0,0,-3.552713678800501e-15,0.501953125
D2-N2-M3-Rloose-S1107,N2-M3-Rloose,1,1,-0.003408160770132118,0.0,0.7838769771303902,0.0,0.0,-0.783876977130376,0,0,-1.4210854715202004e-14,0.502197265625
D2-N3-M3-Rtight-S1276,N3-M3-Rtight,1,1,-0.0034036479216834337,0.0,1.0210943765050349,0.0,0.0,-1.021094376505033,0,0,-1.7763568394002505e-15,0.50244140625
D2-N3-M5-Rtight-S1013,N3-M5-Rtight,1,1,-0.0033964090548934678,0.0,1.2227072597616484,0.0,0.0,-1.2227072597616484,0,0,0.0,0.502685546875
D2-N3-M5-Rloose-S1397,N3-M5-Rloose,2,2+,-0.003395305753189193,0.0,1.4599814738713661,0.0,0.0,-1.459981473871352,0,0,-1.4210854715202004e-14,0.5029296875
D2-N3-M5-Rtight-S1503,N3-M5-Rtight,1,1,-0.003387251374706246,0.0,0.9823028986648126,0.0,0.0,-0.9823028986648126,0,0,0.0,0.503173828125
D2-N3-M5-Rtight-S1108,N3-M5-Rtight,1,1,-0.003384432242849806,0.0,0.9814853504264427,0.0,0.0,-0.9814853504264427,0,0,0.0,0.50341796875
D2-N3-M3-Rloose-S1107,N3-M3-Rloose,1,1,-0.0033818807102874993,0.0,0.7778325633661254,0.0,0.0,-0.7778325633661254,0,0,0.0,0.503662109375
D2-N2-M5-Rtight-S1051,N2-M5-Rtight,1,1,-0.003380562679212551,0.0,0.9803631769716361,0.0,0.0,-0.9803631769716361,0,0,0.0,0.50390625
D2-N2-M3-Rloose-S1098,N2-M3-Rloose,1,1,-0.0033763608331684423,0.0,0.7765629916287415,0.0,0.0,-0.7765629916287411,0,0,-4.440892098500626e-16,0.504150390625
D2-N2-M5-Rtight-S1250,N2-M5-Rtight,1,1,-0.003370318906375208,0.0,0.2499740766016103,0.9633407296934627,0.0,-1.2133148062950738,-1,-1,8.881784197001252e-16,0.50439453125
D2-N3-M3-Rloose-S1187,N3-M3-Rloose,1,1,-0.003364104497643239,0.0,0.7737440344579518,0.0,0.0,-0.7737440344579483,0,0,-3.552713678800501e-15,0.504638671875
D2-N2-M5-Rtight-S1504,N2-M5-Rtight,1,1,-0.00336391028892373,0.0,0.9755339837878818,0.0,0.0,-0.9755339837878818,0,0,0.0,0.5048828125
D2-N2-M5-Rtight-S1410,N2-M5-Rtight,1,1,-0.0033573922680606924,0.0,1.2086612165018487,0.0,0.0,-1.2086612165018487,0,0,0.0,0.505126953125
D2-N2-M3-Rloose-S1023,N2-M3-Rloose,1,1,-0.0033437582044315572,0.0,0.769064387019256,0.0,0.0,-0.769064387019256,0,0,0.0,0.50537109375
D2-N3-M5-Rloose-S1461,N3-M5-Rloose,2,2+,-0.0033343110904504175,0.0,1.6671555452252065,0.0,0.0,-1.6671555452252065,0,0,0.0,0.505615234375
D2-N3-M5-Rtight-S1052,N3-M5-Rtight,1,1,-0.0033284088230032816,0.0,0.3953926234081493,0.8028345528730424,0.0,-1.1982271762811791,0,-1,-1.2434497875801753e-14,0.505859375
D2-N3-M5-Rtight-S1275,N3-M5-Rtight,1,1,-0.0033205513562176714,0.0,1.425442622477883,-0.23004413423952186,0.0,-1.1953984882383608,0,0,-2.220446049250313e-16,0.506103515625
D2-N3-M5-Rtight-S1466,N3-M5-Rtight,1,1,-0.0033203576496516063,0.0,1.195328753874577,0.0,0.0,-1.195328753874577,0,0,0.0,0.50634765625
D2-N2-M5-Rtight-S1439,N2-M5-Rtight,1,1,-0.003314122658517566,0.0,0.9610955709700955,0.0,0.0,-0.9610955709700946,0,0,-8.881784197001252e-16,0.506591796875
D2-N2-M5-Rtight-S1272,N2-M5-Rtight,1,1,-0.0033037513675785238,0.0,0.9580878965977728,0.0,0.0,-0.9580878965977728,0,0,0.0,0.5068359375
D2-N2-M5-Rtight-S1262,N2-M5-Rtight,1,1,-0.0033033065198711034,0.0,0.5735511387279768,0.6156392084256198,0.0,-1.1891903471535965,-1,-1,0.0,0.507080078125
D2-N3-M3-Rloose-S1511,N3-M3-Rloose,1,1,-0.003296545913634541,0.0,0.7582055601359556,0.0,0.0,-0.7582055601359485,0,0,-7.105427357601002e-15,0.50732421875
D2-N3-M5-Rtight-S1043,N3-M5-Rtight,1,1,-0.003295459982994464,0.0,1.1863655938780084,0.0,0.0,-1.1863655938780084,0,0,0.0,0.507568359375
D2-N3-M5-Rtight-S1281,N3-M5-Rtight,1,1,-0.0032923076842371127,0.0,1.1852307663253612,0.0,0.0,-1.1852307663253612,0,0,0.0,0.5078125
D2-N2-M3-Rloose-S1147,N2-M3-Rloose,1,1,-0.0032911077033631053,0.0,0.756954771773529,0.0,0.0,-0.7569547717735219,0,0,-7.105427357601002e-15,0.508056640625
D2-N3-M5-Rtight-S1203,N3-M5-Rtight,1,1,-0.003290710084366849,0.0,0.9543059244663681,0.0,0.0,-0.9543059244663823,0,0,1.4210854715202004e-14,0.50830078125
D2-N3-M5-Rtight-S1160,N3-M5-Rtight,1,1,-0.003290353887142383,0.0,0.9542026272713038,0.0,0.0,-0.9542026272713002,0,0,-3.552713678800501e-15,0.508544921875
D2-N2-M3-Rloose-S1211,N2-M3-Rloose,1,1,-0.003290117552838312,0.0,0.7567270371527997,0.0,0.0,-0.7567270371528139,0,0,1.4210854715202004e-14,0.5087890625
D2-N3-M3-Rtight-S1108,N3-M3-Rtight,1,1,-0.003285672545369489,0.0,0.9857017636108374,0.0,0.0,-0.985701763610848,0,0,1.0658141036401503e-14,0.509033203125
D2-N2-M5-Rtight-S1032,N2-M5-Rtight,1,1,-0.003283259072715483,0.0,1.181973266177593,0.0,0.0,-1.1819732661775788,0,0,-1.4210854715202004e-14,0.50927734375
D2-N3-M5-Rtight-S1438,N3-M5-Rtight,2,2+,-0.0032825396390637994,0.0,1.927502862541525,-0.7457885924785586,0.0,-1.181714270062967,0,0,6.661338147750939e-16,0.509521484375
D2-N3-M5-Rtight-S1011,N3-M5-Rtight,1,1,-0.00327702748075848,0.0,0.9503379694199614,0.0,0.0,-0.9503379694199605,0,0,-8.881784197001252e-16,0.509765625
D2-N2-M5-Rtight-S1492,N2-M5-Rtight,1,1,-0.003275701109959832,0.0,0.9499533218883514,0.0,0.0,-0.9499533218883514,0,0,0.0,0.510009765625
D2-N3-M5-Rtight-S1251,N3-M5-Rtight,1,1,-0.0032729218189352094,0.0,0.9491473274912074,0.0,0.0,-0.9491473274912039,0,0,-3.552713678800501e-15,0.51025390625
D2-N3-M5-Rtight-S1443,N3-M5-Rtight,1,1,-0.003271885911828837,0.0,0.9488469144303551,0.0,0.0,-0.9488469144303622,0,0,7.105427357601002e-15,0.510498046875
D2-N3-M5-Rtight-S1103,N3-M5-Rtight,1,1,-0.003271872722634621,0.0,0.9488430895640398,0.0,0.0,-0.9488430895640398,0,0,0.0,0.5107421875
D2-N3-M5-Rtight-S1267,N3-M5-Rtight,1,1,-0.0032703608272801367,0.0,0.9484046399112396,0.0,0.0,-0.9484046399112405,0,0,8.881784197001252e-16,0.510986328125
D2-N3-M5-Rtight-S1379,N3-M5-Rtight,1,1,-0.0032686956295486513,0.0,1.1767304266374943,0.0,0.0,-1.176730426637505,0,0,1.0658141036401503e-14,0.51123046875
D2-N2-M5-Rtight-S1239,N2-M5-Rtight,1,1,-0.003257776246770483,0.0,0.9447551115634276,0.0,0.0,-0.9447551115634383,0,0,1.0658141036401503e-14,0.511474609375
D2-N2-M3-Rloose-S1318,N2-M3-Rloose,1,1,-0.0032479513453975194,0.0,0.9743854036192556,0.0,0.0,-0.9743854036192556,0,0,0.0,0.51171875
D2-N3-M3-Rloose-S1398,N3-M3-Rloose,1,1,-0.0032478320372337135,0.0,0.9743496111701142,0.0,0.0,-0.9743496111701142,0,0,0.0,0.511962890625
D2-N2-M3-Rloose-S1347,N2-M3-Rloose,1,1,-0.0032470852710159703,0.0,0.7468296123336842,0.0,0.0,-0.74682961233367,0,0,-1.4210854715202004e-14,0.51220703125
D2-N3-M3-Rtight-S1100,N3-M3-Rtight,2,2+,-0.0032310508492327528,2.8616097933701354,3.9345437180135576,-0.3297922293198885,0.0,-0.7431416953235299,0,0,-3.774758283725532e-15,0.512451171875
D2-N2-M3-Rloose-S1151,N2-M3-Rloose,1,1,-0.0032180999468356952,0.0,0.7401629877722016,0.0,0.0,-0.7401629877722087,0,0,7.105427357601002e-15,0.5126953125
D2-N2-M5-Rtight-S1216,N2-M5-Rtight,1,1,-0.003217574088325459,0.0,0.9330964856143869,0.0,0.0,-0.9330964856143851,0,0,-1.7763568394002505e-15,0.512939453125
D2-N3-M5-Rtight-S1383,N3-M5-Rtight,1,1,-0.0032157605217291163,0.0,0.9325705513014402,0.0,0.0,-0.9325705513014526,0,0,1.2434497875801753e-14,0.51318359375
D2-N3-M3-Rtight-S1381,N3-M3-Rtight,1,1,-0.0032063377025091655,0.0,0.961901310752749,0.0,0.0,-0.9619013107527508,0,0,1.7763568394002505e-15,0.513427734375
D2-N2-M5-Rtight-S1263,N2-M5-Rtight,1,1,-0.0032040136669633373,0.0,1.1534449201068018,0.0,0.0,-1.1534449201068018,0,0,0.0,0.513671875
D2-N2-M5-Rtight-S1363,N2-M5-Rtight,1,1,-0.0032018091382888594,0.0,0.9285246501037694,0.0,0.0,-0.9285246501037694,0,0,0.0,0.513916015625
D2-N2-M5-Rloose-S1335,N2-M5-Rloose,1,1,-0.003198786376467838,0.0,0.9276480491756693,0.0,0.0,-0.9276480491756729,0,0,3.552713678800501e-15,0.51416015625
D2-N3-M5-Rtight-S1051,N3-M5-Rtight,1,1,-0.0031901460632436374,0.0,1.4454893686381265,-0.2970367858704148,0.0,-1.1484525827677032,-1,0,-8.43769498715119e-15,0.514404296875
D2-N2-M3-Rtight-S1316,N2-M3-Rtight,1,1,-0.0031878559063258996,0.0,0.9563567718977701,0.0,0.0,-0.9563567718977701,0,0,0.0,0.5146484375
D2-N3-M5-Rtight-S1036,N3-M5-Rtight,1,1,-0.003186873795579248,0.0,0.9241934007179822,0.0,0.0,-0.9241934007179822,0,0,0.0,0.514892578125
D2-N2-M5-Rtight-S1414,N2-M5-Rtight,1,1,-0.0031800207823242665,0.0,0.6084204265341437,0.5363870551025799,0.0,-1.1448074816367324,0,-1,8.881784197001252e-15,0.51513671875
D2-N3-M5-Rtight-S1331,N3-M5-Rtight,1,1,-0.003169033258380388,0.0,1.1408519730169466,0.0,0.0,-1.140851973016936,0,0,-1.0658141036401503e-14,0.515380859375
D2-N3-M5-Rtight-S1127,N3-M5-Rtight,1,1,-0.00316525995786493,0.0,0.9179253877808264,0.0,0.0,-0.9179253877808264,0,0,0.0,0.515625
D2-N2-M3-Rloose-S1010,N2-M3-Rloose,1,1,-0.003163707211262642,0.0,0.9491121633787925,0.0,0.0,-0.9491121633787927,0,0,2.220446049250313e-16,0.515869140625
D2-N3-M3-Rtight-S1124,N3-M3-Rtight,1,1,-0.003154218327397207,0.0,1.2848446094553445,-0.3385791112361821,0.0,-0.9462654982191623,0,0,-1.1102230246251565e-16,0.51611328125
D2-N3-M5-Rtight-S1059,N3-M5-Rtight,1,1,-0.003150683541547239,0.0,0.9136982270487035,0.0,0.0,-0.9136982270486982,0,0,-5.329070518200751e-15,0.516357421875
D2-N3-M5-Rtight-S1007,N3-M5-Rtight,1,1,-0.0031499763083006893,0.0,1.1339914709882386,0.0,0.0,-1.1339914709882493,0,0,1.0658141036401503e-14,0.5166015625
D2-N3-M5-Rtight-S1195,N3-M5-Rtight,1,1,-0.0031481292220975794,0.0,0.912957474408298,0.0,0.0,-0.912957474408298,0,0,0.0,0.516845703125
D2-N2-M5-Rtight-S1034,N2-M5-Rtight,1,1,-0.003141074746525835,0.0,0.6660754997967118,0.4647114089525992,0.0,-1.1307869087493003,0,-1,-1.0658141036401503e-14,0.51708984375
D2-N2-M5-Rtight-S1284,N2-M5-Rtight,1,1,-0.003138240303668039,0.0,0.9100896880637306,0.0,0.0,-0.9100896880637315,0,0,8.881784197001252e-16,0.517333984375
D2-N3-M5-Rtight-S1008,N3-M5-Rtight,1,1,-0.0031340422977812546,0.0,1.1282552272012527,0.0,0.0,-1.1282552272012527,0,0,0.0,0.517578125
D2-N3-M5-Rtight-S1427,N3-M5-Rtight,1,1,-0.003131757643618005,0.0,1.1274327517024822,0.0,0.0,-1.1274327517024822,0,0,0.0,0.517822265625
D2-N3-M5-Rtight-S1361,N3-M5-Rtight,1,1,-0.0031298300299575366,0.0,0.9076507086876759,0.0,0.0,-0.907650708687683,0,0,7.105427357601002e-15,0.51806640625
D2-N3-M3-Rtight-S1065,N3-M3-Rtight,1,1,-0.00312220924256712,0.0,0.9366627727701395,0.0,0.0,-0.9366627727701342,0,0,-5.329070518200751e-15,0.518310546875
D2-N2-M5-Rtight-S1182,N2-M5-Rtight,1,1,-0.003119964270826392,0.0,0.9047896385396577,0.0,0.0,-0.9047896385396541,0,0,-3.552713678800501e-15,0.5185546875
D2-N2-M3-Rtight-S1060,N2-M3-Rtight,1,1,-0.0031193532690813944,0.0,0.9358059807244175,0.0,0.0,-0.9358059807244175,0,0,0.0,0.518798828125
D2-N2-M3-Rtight-S1112,N2-M3-Rtight,1,1,-0.0031187647863289633,0.0,0.9356294358986901,0.0,0.0,-0.9356294358986901,0,0,0.0,0.51904296875
D2-N3-M3-Rtight-S1296,N3-M3-Rtight,1,1,-0.003115654772823828,0.0,0.9346964318471382,0.0,0.0,-0.9346964318471436,0,0,5.329070518200751e-15,0.519287109375
D2-N3-M5-Rtight-S1428,N3-M5-Rtight,1,1,-0.00311192120362723,0.0,1.1202916333058006,0.0,0.0,-1.1202916333058006,0,0,0.0,0.51953125
D2-N3-M5-Rtight-S1148,N3-M5-Rtight,1,1,-0.0031102930755893474,0.0,1.1197055072121636,0.0,0.0,-1.1197055072121636,0,0,0.0,0.519775390625
D2-N2-M5-Rtight-S1151,N2-M5-Rtight,1,1,-0.0031086892155515744,0.0,1.1191281175985566,0.0,0.0,-1.1191281175985637,0,0,7.105427357601002e-15,0.52001953125
D2-N2-M5-Rtight-S1295,N2-M5-Rtight,1,1,-0.0031034558075486163,0.0,0.900002184189094,0.0,0.0,-0.9000021841890913,0,0,-2.6645352591003757e-15,0.520263671875
D2-N3-M5-Rtight-S1366,N3-M5-Rtight,1,1,-0.003102371581093881,0.0,1.1168537691937956,0.0,0.0,-1.1168537691937956,0,0,0.0,0.5205078125
D2-N3-M3-Rtight-S1186,N3-M3-Rtight,1,1,-0.0030970023138218103,0.0,0.9291006941465434,0.0,0.0,-0.929100694146543,0,0,-4.440892098500626e-16,0.520751953125
D2-N2-M3-Rloose-S1197,N2-M3-Rloose,3,2+,-0.003095202692438015,3.5808989007244065,4.292795519985155,0.0,0.0,-0.7118966192607559,0,0,7.105427357601002e-15,0.52099609375
D2-N3-M5-Rtight-S1178,N3-M5-Rtight,1,1,-0.0030947029282692162,0.0,1.0075547553886022,0.10653829878831789,0.0,-1.1140930541769194,0,1,-6.661338147750939e-16,0.521240234375
D2-N3-M5-Rtight-S1368,N3-M5-Rtight,1,1,-0.0030890551686771073,0.0,0.8958259989163606,0.0,0.0,-0.8958259989163615,0,0,8.881784197001252e-16,0.521484375
D2-N2-M5-Rtight-S1427,N2-M5-Rtight,1,1,-0.003088900035823249,0.0,0.8957810103887409,0.0,0.0,-0.8957810103887418,0,0,8.881784197001252e-16,0.521728515625
D2-N3-M5-Rtight-S1161,N3-M5-Rtight,1,1,-0.003085311136640956,0.0,1.11071200919071,0.0,0.0,-1.1107120091907348,0,0,2.4868995751603507e-14,0.52197265625
D2-N2-M3-Rtight-S1373,N2-M3-Rtight,1,1,-0.003079203055117663,0.0,0.9237609165352989,0.0,0.0,-0.9237609165353007,0,0,1.7763568394002505e-15,0.522216796875
D2-N3-M5-Rtight-S1212,N3-M5-Rtight,1,1,-0.0030748808135237504,0.0,0.8917154359218804,0.0,0.0,-0.8917154359218813,0,0,8.881784197001252e-16,0.5224609375
D2-N3-M3-Rtight-S1036,N3-M3-Rtight,1,1,-0.003071257082226775,0.0,0.9213771246680302,0.0,0.0,-0.9213771246680338,0,0,3.552713678800501e-15,0.522705078125
D2-N3-M5-Rtight-S1460,N3-M5-Rtight,1,1,-0.0030672402437265517,0.0,0.8894996706806975,0.0,0.0,-0.8894996706806992,0,0,1.7763568394002505e-15,0.52294921875
D2-N2-M5-Rtight-S1011,N2-M5-Rtight,1,1,-0.003067023061103534,0.0,0.8894366877200248,0.0,0.0,-0.8894366877200248,0,0,0.0,0.523193359375
D2-N2-M5-Rtight-S1172,N2-M5-Rtight,1,1,-0.0030633576276055605,0.0,0.8883737120056114,0.0,0.0,-0.8883737120056114,0,0,0.0,0.5234375
D2-N3-M5-Rtight-S1487,N3-M5-Rtight,1,1,-0.0030599620427142864,0.0,0.8873889923871427,0.0,0.0,-0.8873889923871427,0,0,0.0,0.523681640625
D2-N3-M5-Rtight-S1227,N3-M5-Rtight,1,1,-0.003057535788101473,0.0,0.8866853785494335,0.0,0.0,-0.88668537854943,0,0,-3.552713678800501e-15,0.52392578125
D2-N2-M5-Rtight-S1072,N2-M5-Rtight,1,1,-0.0030544619216611064,0.0,0.8857939572817219,0.0,0.0,-0.8857939572817219,0,0,0.0,0.524169921875
D2-N2-M5-Rtight-S1068,N2-M5-Rtight,1,1,-0.0030526393533433227,0.0,0.8852654124695638,0.0,0.0,-0.8852654124695647,0,0,8.881784197001252e-16,0.5244140625
D2-N3-M3-Rloose-S1498,N3-M3-Rloose,1,1,-0.0030499138088968553,0.0,0.9149741426690565,0.0,0.0,-0.9149741426690565,0,0,0.0,0.524658203125
D2-N3-M5-Rtight-S1033,N3-M5-Rtight,1,1,-0.003048319986335285,0.0,0.884012796037247,0.0,0.0,-0.8840127960372399,0,0,-7.105427357601002e-15,0.52490234375
D2-N2-M3-Rtight-S1412,N2-M3-Rtight,1,1,-0.0030481744388174137,0.0,0.9144523316452258,0.0,0.0,-0.9144523316452222,0,0,-3.552713678800501e-15,0.525146484375
D2-N2-M5-Rtight-S1339,N2-M5-Rtight,1,1,-0.003047737851982625,0.0,1.0971856267137472,0.0,0.0,-1.0971856267137472,0,0,0.0,0.525390625
D2-N2-M5-Rtight-S1438,N2-M5-Rtight,1,1,-0.0030470941466550737,0.0,0.8836573025299721,0.0,0.0,-0.8836573025299721,0,0,0.0,0.525634765625
D2-N2-M5-Rtight-S1311,N2-M5-Rtight,1,1,-0.0030458948513199524,0.0,0.8833095068827932,0.0,0.0,-0.8833095068827959,0,0,2.6645352591003757e-15,0.52587890625
D2-N2-M3-Rtight-S1188,N2-M3-Rtight,1,1,-0.003041073920081072,0.0,0.912322176024313,0.0,0.0,-0.9123221760243183,0,0,5.329070518200751e-15,0.526123046875
D2-N3-M5-Rtight-S1151,N3-M5-Rtight,1,1,-0.003037151967288626,0.0,0.8807740705137022,0.0,0.0,-0.8807740705137022,0,0,0.0,0.5263671875
D2-N3-M5-Rtight-S1136,N3-M5-Rtight,1,1,-0.0030370387666578957,0.0,1.0933339559968385,0.0,0.0,-1.0933339559968402,0,0,1.7763568394002505e-15,0.526611328125
D2-N3-M5-Rtight-S1398,N3-M5-Rtight,1,1,-0.0030228318803962526,0.0,1.0882194769426494,0.0,0.0,-1.0882194769426494,0,0,0.0,0.52685546875
D2-N3-M5-Rtight-S1323,N3-M5-Rtight,1,1,-0.003020360282061346,0.0,1.0873297015420835,0.0,0.0,-1.0873297015420835,0,0,0.0,0.527099609375
D2-N2-M5-Rtight-S1256,N2-M5-Rtight,1,1,-0.0030172078239455932,0.0,1.680986126409186,-0.38358676211258,0.0,-1.2973993642966057,0,0,-4.440892098500626e-16,0.52734375
D2-N2-M3-Rtight-S1030,N2-M3-Rtight,1,1,-0.003014663017433936,0.0,0.9043989052301804,0.0,0.0,-0.9043989052301806,0,0,2.220446049250313e-16,0.527587890625
D2-N2-M5-Rtight-S1055,N2-M5-Rtight,1,1,-0.003014289356453967,0.0,1.0851441683234295,0.0,0.0,-1.0851441683234277,0,0,-1.7763568394002505e-15,0.52783203125
D2-N3-M3-Rtight-S1456,N3-M3-Rtight,1,1,-0.0030079221696216185,0.0,0.9023766508864774,0.0,0.0,-0.902376650886481,0,0,3.552713678800501e-15,0.528076171875
D2-N3-M3-Rtight-S1396,N3-M3-Rtight,1,1,-0.003006224681938091,0.0,0.9018674045814272,0.0,0.0,-0.9018674045814272,0,0,0.0,0.5283203125
D2-N2-M3-Rtight-S1344,N2-M3-Rtight,1,1,-0.0029860954636442005,0.0,0.8958286390932617,0.0,0.0,-0.895828639093267,0,0,5.329070518200751e-15,0.528564453125
D2-N3-M5-Rtight-S1375,N3-M5-Rtight,1,1,-0.002972854346825038,0.0,0.862127760579261,0.0,0.0,-0.8621277605792557,0,0,-5.329070518200751e-15,0.52880859375
D2-N3-M5-Rtight-S1492,N3-M5-Rtight,1,1,-0.002961717033946709,0.0,1.0662181322208166,0.0,0.0,-1.0662181322208113,0,0,-5.329070518200751e-15,0.529052734375
D2-N2-M5-Rtight-S1147,N2-M5-Rtight,1,1,-0.0029579940993076474,0.0,0.8578182887992174,0.0,0.0,-0.8578182887992174,0,0,0.0,0.529296875
D2-N2-M5-Rtight-S1375,N2-M5-Rtight,1,1,-0.002951054761544669,0.0,0.8558058808479547,0.0,0.0,-0.8558058808479547,0,0,0.0,0.529541015625
D2-N2-M5-Rtight-S1160,N2-M5-Rtight,1,1,-0.0029483431077997335,0.0,0.8550195012619319,0.0,0.0,-0.8550195012619355,0,0,3.552713678800501e-15,0.52978515625
D2-N2-M3-Rloose-S1036,N2-M3-Rloose,3,2+,-0.002941100328377022,4.098898193149125,4.637837572889648,0.13751369578617978,0.0,-0.6764530755266946,0,0,-7.771561172376096e-15,0.530029296875
D2-N2-M5-Rtight-S1391,N2-M5-Rtight,1,1,-0.002940557372842628,0.0,0.852761638124365,0.0,0.0,-0.8527616381243632,0,0,-1.7763568394002505e-15,0.5302734375
D2-N2-M5-Rtight-S1003,N2-M5-Rtight,1,1,-0.002939296025505602,0.0,0.8523958473966253,0.0,0.0,-0.8523958473966253,0,0,0.0,0.530517578125
D2-N2-M5-Rtight-S1046,N2-M5-Rtight,1,1,-0.0029369476504008674,0.0,0.8517148186162693,0.0,0.0,-0.8517148186162586,0,0,-1.0658141036401503e-14,0.53076171875
D2-N2-M3-Rtight-S1365,N2-M3-Rtight,1,1,-0.002936082246708306,0.0,0.8808246740124925,0.0,0.0,-0.8808246740124925,0,0,0.0,0.531005859375
D2-N2-M5-Rloose-S1132,N2-M5-Rloose,3,2+,-0.00292807883690116,3.1618324532193114,4.010975315920646,0.0,0.0,-0.8491428627013349,0,0,0.0,0.53125
D2-N2-M5-Rtight-S1191,N2-M5-Rtight,1,1,-0.002927755078683092,0.0,0.8490489728180854,0.0,0.0,-0.8490489728180961,0,0,1.0658141036401503e-14,0.531494140625
D2-N2-M5-Rtight-S1452,N2-M5-Rtight,1,1,-0.0029196207222365322,0.0,1.0510634600051514,0.0,0.0,-1.0510634600051532,0,0,1.7763568394002505e-15,0.53173828125
D2-N3-M3-Rtight-S1340,N3-M3-Rtight,1,1,-0.0029164207163879796,0.0,0.8749262149163757,0.0,0.0,-0.8749262149163854,0,0,9.769962616701378e-15,0.531982421875
D2-N3-M3-Rtight-S1348,N3-M3-Rtight,1,1,-0.002915548759363437,0.0,0.8746646278090324,0.0,0.0,-0.8746646278090324,0,0,0.0,0.5322265625
D2-N3-M3-Rtight-S1288,N3-M3-Rtight,1,1,-0.002911287658832945,0.0,0.8733862976499012,0.0,0.0,-0.873386297649887,0,0,-1.4210854715202004e-14,0.532470703125
D2-N3-M5-Rtight-S1190,N3-M5-Rtight,1,1,-0.0028868493783846816,0.0,0.8371863197315577,0.0,0.0,-0.8371863197315577,0,0,0.0,0.53271484375
D2-N3-M5-Rtight-S1414,N3-M5-Rtight,1,1,-0.0028811107684296455,0.0,1.2388776304247457,0.0,0.0,-1.2388776304247457,0,0,0.0,0.532958984375
D2-N3-M5-Rloose-S1163,N3-M5-Rloose,3,2+,-0.0028766146362585454,0.0,1.3228362149657968,0.01138202954917289,-0.5,-0.8342182445149717,-1,-3,1.9984014443252818e-15,0.533203125
D2-N3-M3-Rtight-S1476,N3-M3-Rtight,1,1,-0.002872375613375555,0.0,0.8617126840126677,0.0,0.0,-0.861712684012673,0,0,5.329070518200751e-15,0.533447265625
D2-N2-M5-Rtight-S1061,N2-M5-Rtight,1,1,-0.0028680976513821566,0.0,1.23328199009433,0.0,0.0,-1.2332819900943264,0,0,-3.552713678800501e-15,0.53369140625
D2-N2-M5-Rtight-S1354,N2-M5-Rtight,1,1,-0.002866859762956267,0.0,0.8313893312573173,0.0,0.0,-0.8313893312573182,0,0,8.881784197001252e-16,0.533935546875
D2-N2-M5-Rtight-S1398,N2-M5-Rtight,1,1,-0.002862712428545071,0.0,0.7931926432252929,0.4377737010490862,0.0,-1.2309663442743801,1,1,8.881784197001252e-16,0.5341796875
D2-N3-M3-Rtight-S1001,N3-M3-Rtight,1,1,-0.0028543240112271495,0.0,0.8562972033681469,0.0,0.0,-0.8562972033681575,0,0,1.0658141036401503e-14,0.534423828125
D2-N3-M5-Rtight-S1376,N3-M5-Rtight,1,1,-0.0028492900058362802,0.0,0.8262941016925129,0.0,0.0,-0.8262941016925112,0,0,-1.7763568394002505e-15,0.53466796875
D2-N3-M3-Rloose-S1131,N3-M3-Rloose,1,1,-0.0028427533132362737,0.0,0.8528259939708818,0.0,0.0,-0.8528259939708818,0,0,0.0,0.534912109375
D2-N2-M5-Rtight-S1466,N2-M5-Rtight,1,1,-0.002842438682754654,0.0,1.2222486335845009,0.0,0.0,-1.2222486335845026,0,0,1.7763568394002505e-15,0.53515625
D2-N2-M3-Rtight-S1292,N2-M3-Rtight,1,1,-0.002842376990158102,0.0,0.852713097047431,0.0,0.0,-0.852713097047431,0,0,0.0,0.535400390625
D2-N2-M5-Rtight-S1270,N2-M5-Rtight,1,1,-0.0028270597167656605,0.0,1.2156356782092335,0.0,0.0,-1.2156356782092335,0,0,0.0,0.53564453125
D2-N3-M5-Rtight-S1342,N3-M5-Rtight,1,1,-0.002826387782321166,0.0,1.215346746398101,0.0,0.0,-1.2153467463980974,0,0,-3.552713678800501e-15,0.535888671875
D2-N2-M5-Rtight-S1178,N2-M5-Rtight,1,1,-0.0028258325565304818,0.0,1.017299720350973,0.0,0.0,-1.017299720350973,0,0,0.0,0.5361328125
D2-N2-M3-Rloose-S1150,N2-M3-Rloose,1,1,-0.0028255672811893593,0.0,0.8476701843568084,0.0,0.0,-0.847670184356808,0,0,-4.440892098500626e-16,0.536376953125
D2-N2-M3-Rloose-S1291,N2-M3-Rloose,1,1,-0.0027979184714092276,0.0,0.8393755414227648,0.0,0.0,-0.8393755414227684,0,0,3.552713678800501e-15,0.53662109375
D2-N2-M5-Rtight-S1498,N2-M5-Rtight,1,1,-0.0027961918371883776,0.0,0.8108956327846286,0.0,0.0,-0.8108956327846215,0,0,-7.105427357601002e-15,0.536865234375
D2-N2-M5-Rtight-S1278,N2-M5-Rtight,1,1,-0.002778656837200244,0.0,1.0003164613920799,0.0,0.0,-1.0003164613920887,0,0,8.881784197001252e-15,0.537109375
D2-N3-M5-Rtight-S1489,N3-M5-Rtight,1,1,-0.002773876153970123,0.0,0.7124820148004538,0.4802847314066898,0.0,-1.1927667462071554,1,0,1.176836406102666e-14,0.537353515625
D2-N3-M5-Rtight-S1106,N3-M5-Rtight,1,1,-0.0027608663503360595,0.0,1.1871725306445065,0.0,0.0,-1.1871725306445065,0,0,0.0,0.53759765625
D2-N3-M5-Rtight-S1308,N3-M5-Rtight,1,1,-0.002759616637535517,0.0,0.9934619895127845,0.0,0.0,-0.993461989512781,0,0,-3.552713678800501e-15,0.537841796875
D2-N3-M5-Rtight-S1380,N3-M5-Rtight,1,1,-0.0027483913474820425,0.0,0.9894208850935353,0.0,0.0,-0.9894208850935353,0,0,0.0,0.5380859375
D2-N2-M5-Rtight-S1163,N2-M5-Rtight,1,1,-0.0027448476176851824,0.0,0.7960058091287046,0.0,0.0,-0.7960058091287046,0,0,0.0,0.538330078125
D2-N2-M5-Rtight-S1255,N2-M5-Rtight,1,1,-0.0027427299774783753,0.0,0.9873827918922178,0.0,0.0,-0.987382791892216,0,0,-1.7763568394002505e-15,0.53857421875
D2-N2-M5-Rtight-S1457,N2-M5-Rtight,1,1,-0.002741747260056715,0.0,1.1789513218243872,0.0,0.0,-1.1789513218243872,0,0,0.0,0.538818359375
D2-N2-M5-Rtight-S1447,N2-M5-Rtight,1,1,-0.0027366064066345064,0.0,0.7936158579240091,0.0,0.0,-0.79361585792401,0,0,8.881784197001252e-16,0.5390625
D2-N3-M3-Rloose-S1255,N3-M3-Rloose,1,1,-0.0027361193858459476,0.0,0.8208358157537887,0.0,0.0,-0.8208358157537887,0,0,0.0,0.539306640625
D2-N3-M3-Rloose-S1451,N3-M3-Rloose,1,1,-0.0027342855890074153,0.0,0.8202856767022269,0.0,0.0,-0.8202856767022269,0,0,0.0,0.53955078125
D2-N3-M5-Rtight-S1196,N3-M5-Rtight,1,1,-0.002733955821942774,0.0,1.1756010034353839,0.0,0.0,-1.1756010034353892,0,0,5.329070518200751e-15,0.539794921875
D2-N3-M5-Rtight-S1400,N3-M5-Rtight,1,1,-0.0027306633996360408,0.0,0.9830388238689771,0.0,0.0,-0.9830388238689807,0,0,3.552713678800501e-15,0.5400390625
D2-N3-M5-Rtight-S1240,N3-M5-Rtight,1,1,-0.002724537547336925,0.0,0.9808335170412921,0.0,0.0,-0.9808335170412903,0,0,-1.7763568394002505e-15,0.540283203125
D2-N2-M3-Rloose-S1502,N2-M3-Rloose,1,1,-0.002723749044152521,0.0,0.8171247132457558,0.0,0.0,-0.817124713245756,0,0,2.220446049250313e-16,0.54052734375
D2-N2-M5-Rtight-S1031,N2-M5-Rtight,1,1,-0.002720871376893752,0.0,0.9795136956817476,0.0,0.0,-0.9795136956817458,0,0,-1.7763568394002505e-15,0.540771484375
D2-N3-M5-Rtight-S1086,N3-M5-Rtight,1,1,-0.0027192644907801863,0.0,0.4796806630136672,0.6896030680218135,0.0,-1.169283731035481,0,0,4.440892098500626e-16,0.541015625
D2-N3-M5-Rtight-S1192,N3-M5-Rtight,1,1,-0.002716455791039532,0.0,1.168075990146999,0.0,0.0,-1.168075990146999,0,0,0.0,0.541259765625
D2-N3-M5-Rtight-S1325,N3-M5-Rtight,1,1,-0.002709320351344406,0.0,0.9753553264839887,0.0,0.0,-0.9753553264839852,0,0,-3.552713678800501e-15,0.54150390625
D2-N2-M5-Rtight-S1283,N2-M5-Rtight,1,1,-0.0027091065268960053,0.0,0.9752783496825597,0.0,0.0,-0.9752783496825614,0,0,1.7763568394002505e-15,0.541748046875
D2-N2-M5-Rloose-S1312,N2-M5-Rloose,2,2+,-0.002699359891525671,1.0346287157747867,2.0063982767240205,0.0,0.0,-0.9717695609492409,0,0,7.105427357601002e-15,0.5419921875
D2-N2-M5-Rtight-S1443,N2-M5-Rtight,1,1,-0.0026952635356412014,0.0,0.9702948728308272,0.0,0.0,-0.9702948728308343,0,0,7.105427357601002e-15,0.542236328125
D2-N3-M5-Rtight-S1255,N3-M5-Rtight,1,1,-0.002694067081235263,0.0,0.9698641492447013,0.0,0.0,-0.9698641492446995,0,0,-1.7763568394002505e-15,0.54248046875
D2-N2-M5-Rtight-S1254,N2-M5-Rtight,1,1,-0.0026889505805248112,0.0,1.1562487496256662,0.0,0.0,-1.1562487496256662,0,0,0.0,0.542724609375
D2-N3-M5-Rtight-S1284,N3-M5-Rtight,1,1,-0.0026845678498701175,0.0,0.9664444259532416,0.0,0.0,-0.9664444259532416,0,0,0.0,0.54296875
D2-N3-M5-Rtight-S1215,N3-M5-Rtight,1,1,-0.0026797907638001182,0.0,0.9647246749680418,0.0,0.0,-0.9647246749680427,0,0,8.881784197001252e-16,0.543212890625
D2-N2-M5-Rtight-S1420,N2-M5-Rtight,1,1,-0.002678404510174842,0.0,0.9642256236629461,0.0,0.0,-0.9642256236629407,0,0,-5.329070518200751e-15,0.54345703125
D2-N2-M5-Rtight-S1028,N2-M5-Rtight,1,1,-0.002665825656123416,0.0,1.1463050321330766,0.0,0.0,-1.1463050321330712,0,0,-5.329070518200751e-15,0.543701171875
D2-N3-M5-Rtight-S1187,N3-M5-Rtight,1,1,-0.002663819565156461,0.0,0.7861799699543646,0.35926244306291255,0.0,-1.1454424130172782,0,-1,1.1102230246251565e-15,0.5439453125
D2-N3-M5-Rtight-S1341,N3-M5-Rtight,1,1,-0.00265901850650041,0.0,0.8037225198051594,0.33965543799001563,0.0,-1.143377957795181,1,0,5.995204332975845e-15,0.544189453125
D2-N2-M5-Rtight-S1386,N2-M5-Rtight,1,1,-0.002658267605089533,0.0,1.143055070188499,0.0,0.0,-1.143055070188499,0,0,0.0,0.54443359375
D2-N2-M5-Rtight-S1362,N2-M5-Rtight,1,1,-0.0026575085009846316,0.0,0.6644109434115251,0.478317712011868,0.0,-1.1427286554233937,0,0,6.661338147750939e-16,0.544677734375
D2-N3-M5-Rtight-S1292,N3-M5-Rtight,1,1,-0.0026567672705223797,0.0,1.1424099263246248,0.0,0.0,-1.1424099263246248,0,0,0.0,0.544921875
D2-N2-M3-Rtight-S1024,N2-M3-Rtight,1,1,-0.0026542687175779567,0.0,0.7962806152733748,0.0,0.0,-0.7962806152733748,0,0,0.0,0.545166015625
D2-N3-M5-Rtight-S1040,N3-M5-Rtight,1,1,-0.002648047101076023,0.0,0.9532969563873657,0.0,0.0,-0.9532969563873657,0,0,0.0,0.54541015625
D2-N3-M5-Rtight-S1301,N3-M5-Rtight,1,1,-0.002647386758708445,0.0,0.9530592331350416,0.0,0.0,-0.9530592331350398,0,0,-1.7763568394002505e-15,0.545654296875
D2-N2-M5-Rtight-S1252,N2-M5-Rtight,1,1,-0.0026448888680567217,0.0,0.9521599925004027,0.0,0.0,-0.9521599925004125,0,0,9.769962616701378e-15,0.5458984375
D2-N2-M5-Rtight-S1392,N2-M5-Rtight,1,1,-0.0026446147420174093,0.0,1.13718433906749,0.0,0.0,-1.1371843390674883,0,0,-1.7763568394002505e-15,0.546142578125
D2-N3-M5-Rtight-S1397,N3-M5-Rtight,1,1,-0.0026404079037469705,0.0,1.1353753986111954,0.0,0.0,-1.1353753986111954,0,0,0.0,0.54638671875
D2-N3-M5-Rtight-S1371,N3-M5-Rtight,1,1,-0.002639877240498717,0.0,0.9503558065795374,0.0,0.0,-0.9503558065795374,0,0,0.0,0.546630859375
D2-N2-M5-Rtight-S1471,N2-M5-Rtight,1,1,-0.002634275738340592,0.0,0.9483392658026135,0.0,0.0,-0.9483392658026126,0,0,-8.881784197001252e-16,0.546875
D2-N2-M5-Rtight-S1343,N2-M5-Rtight,1,1,-0.002634188933104121,0.0,0.9483080159174833,0.0,0.0,-0.9483080159174833,0,0,0.0,0.547119140625
D2-N3-M5-Rtight-S1067,N3-M5-Rtight,1,1,-0.0026326832971156067,0.0,0.9477659869616168,0.0,0.0,-0.9477659869616133,0,0,-3.552713678800501e-15,0.54736328125
D2-N3-M5-Rtight-S1391,N3-M5-Rtight,1,1,-0.0026294455868962063,0.0,0.9466004112826338,0.0,0.0,-0.9466004112826347,0,0,8.881784197001252e-16,0.547607421875
D2-N3-M5-Rtight-S1140,N3-M5-Rtight,1,1,-0.0026260830343229416,0.0,0.9453898923562587,0.0,0.0,-0.9453898923562587,0,0,0.0,0.5478515625
D2-N2-M5-Rloose-S1032,N2-M5-Rloose,4,2+,-0.0026144813275713052,3.994693551007458,5.11892052186311,0.0,0.0,-1.1242269708556591,0,0,7.105427357601002e-15,0.548095703125
D2-N3-M5-Rtight-S1273,N3-M5-Rtight,1,1,-0.0025902331022128466,0.0,0.932483916796615,0.0,0.0,-0.9324839167966275,0,0,1.2434497875801753e-14,0.54833984375
D2-N2-M5-Rtight-S1048,N2-M5-Rtight,1,1,-0.0025899594859894425,0.0,0.9323854149561983,0.0,0.0,-0.9323854149561992,0,0,8.881784197001252e-16,0.548583984375
D2-N3-M5-Rtight-S1058,N3-M5-Rtight,1,1,-0.002577163563134713,0.0,0.7895420302152836,0.31863830193264353,0.0,-1.108180332147926,0,0,-1.1102230246251565e-15,0.548828125
D2-N3-M5-Rtight-S1133,N3-M5-Rtight,1,1,-0.0025654067030818073,0.0,0.9235464131094435,0.0,0.0,-0.9235464131094488,0,0,5.329070518200751e-15,0.549072265625
D2-N3-M5-Rtight-S1101,N3-M5-Rtight,1,1,-0.002559710789761055,0.0,0.9214958843139787,0.0,0.0,-0.9214958843139804,0,0,1.7763568394002505e-15,0.54931640625
D2-N3-M5-Rtight-S1105,N3-M5-Rtight,1,1,-0.0025590488232846986,0.0,0.9212575763824873,0.0,0.0,-0.9212575763824873,0,0,0.0,0.549560546875
D2-N3-M5-Rtight-S1207,N3-M5-Rtight,1,1,-0.0025588490935006813,0.0,0.9211856736602275,0.0,0.0,-0.9211856736602329,0,0,5.329070518200751e-15,0.5498046875
D2-N3-M5-Rtight-S1388,N3-M5-Rtight,1,1,-0.002554281190092711,0.0,0.9195412284333706,0.0,0.0,-0.9195412284333742,0,0,3.552713678800501e-15,0.550048828125
D2-N3-M3-Rloose-S1343,N3-M3-Rloose,1,1,-0.002553254864941318,0.0,0.7659764594823955,0.0,0.0,-0.7659764594823883,0,0,-7.105427357601002e-15,0.55029296875
D2-N2-M5-Rtight-S1316,N2-M5-Rtight,1,1,-0.002546840582107357,0.0,0.916862609558649,0.0,0.0,-0.916862609558649,0,0,0.0,0.550537109375
D2-N3-M5-Rtight-S1204,N3-M5-Rtight,1,1,-0.0025301141018248333,0.0,0.9108410766569381,0.0,0.0,-0.9108410766569399,0,0,1.7763568394002505e-15,0.55078125
D2-N2-M5-Rtight-S1243,N2-M5-Rtight,1,1,-0.002525432486751352,0.0,0.9091556952304876,0.0,0.0,-0.9091556952304867,0,0,-8.881784197001252e-16,0.551025390625
D2-N3-M3-Rloose-S1319,N3-M3-Rloose,1,1,-0.0025229690966107055,0.0,0.7568907289832154,0.0,0.0,-0.7568907289832083,0,0,-7.105427357601002e-15,0.55126953125
D2-N3-M5-Rtight-S1279,N3-M5-Rtight,1,1,-0.0025174127535047344,0.0,0.9062685912617017,0.0,0.0,-0.9062685912617034,0,0,1.7763568394002505e-15,0.551513671875
D2-N3-M5-Rloose-S1365,N3-M5-Rloose,4,2+,-0.002512604697045784,0.0,1.4947289413857305,-0.5901912504492453,0.0,-0.9045376909364826,-2,-2,-2.6645352591003757e-15,0.5517578125
D2-N3-M5-Rtight-S1189,N3-M5-Rtight,1,1,-0.002507528080175375,0.0,0.902710108863138,0.0,0.0,-0.9027101088631326,0,0,-5.329070518200751e-15,0.552001953125
D2-N2-M5-Rtight-S1150,N2-M5-Rtight,1,1,-0.0025070943478562695,0.0,0.9025539652282566,0.0,0.0,-0.9025539652282575,0,0,8.881784197001252e-16,0.55224609375
D2-N3-M5-Rtight-S1293,N3-M5-Rtight,1,1,-0.0025025336582375976,0.0,0.9009121169655341,0.0,0.0,-0.9009121169655341,0,0,0.0,0.552490234375
D2-N2-M5-Rtight-S1455,N2-M5-Rtight,1,1,-0.002499752052990911,0.0,0.8999107390767325,0.0,0.0,-0.8999107390767307,0,0,-1.7763568394002505e-15,0.552734375
D2-N2-M5-Rtight-S1100,N2-M5-Rtight,1,1,-0.0024938690938199337,0.0,0.897792873775173,0.0,0.0,-0.8977928737751739,0,0,8.881784197001252e-16,0.552978515625
D2-N3-M5-Rtight-S1029,N3-M5-Rtight,1,1,-0.0024929381734655753,0.0,0.8974577424476138,0.0,0.0,-0.8974577424476138,0,0,0.0,0.55322265625
D2-N2-M5-Rtight-S1416,N2-M5-Rtight,1,1,-0.0024867831595939693,0.0,0.8952419374538341,0.0,0.0,-0.8952419374538323,0,0,-1.7763568394002505e-15,0.553466796875
D2-N3-M5-Rtight-S1120,N3-M5-Rtight,1,1,-0.002480773919238316,0.0,0.8930786109257944,0.0,0.0,-0.8930786109257944,0,0,0.0,0.5537109375
D2-N2-M5-Rtight-S1499,N2-M5-Rtight,1,1,-0.0024792961253081447,0.0,0.8925466051109314,0.0,0.0,-0.8925466051109314,0,0,0.0,0.553955078125
D2-N3-M5-Rtight-S1087,N3-M5-Rtight,1,1,-0.0024708826105094006,0.0,0.8895177397833809,0.0,0.0,-0.8895177397833862,0,0,5.329070518200751e-15,0.55419921875
D2-N3-M5-Rtight-S1393,N3-M5-Rtight,1,1,-0.0024684434109062403,0.0,0.8886396279262456,0.0,0.0,-0.8886396279262527,0,0,7.105427357601002e-15,0.554443359375
D2-N2-M5-Rtight-S1472,N2-M5-Rtight,1,1,-0.0024676431469175253,0.0,0.8883515328903089,0.0,0.0,-0.888351532890308,0,0,-8.881784197001252e-16,0.5546875
D2-N3-M5-Rtight-S1381,N3-M5-Rtight,1,1,-0.002457179656184999,0.0,1.0565872521595416,0.0,0.0,-1.0565872521595452,0,0,3.552713678800501e-15,0.554931640625
D2-N3-M5-Rtight-S1209,N3-M5-Rtight,1,1,-0.0024443428953748736,0.0,0.8799634423349545,0.0,0.0,-0.8799634423349545,0,0,0.0,0.55517578125
D2-N2-M5-Rtight-S1080,N2-M5-Rtight,1,1,-0.002441378653226474,0.0,1.0497928208873848,0.0,0.0,-1.0497928208873848,0,0,0.0,0.555419921875
D2-N2-M5-Rtight-S1102,N2-M5-Rtight,1,1,-0.0024214736676705373,0.0,0.8127126155752222,0.059017904786171416,0.0,-0.8717305203613925,0,0,-1.1102230246251565e-15,0.5556640625
D2-N2-M5-Rtight-S1184,N2-M5-Rtight,1,1,-0.002413717559242752,0.0,0.8689383213273905,0.0,0.0,-0.8689383213273913,0,0,8.881784197001252e-16,0.555908203125
D2-N3-M5-Rtight-S1473,N3-M5-Rtight,1,1,-0.0024044044405969467,0.0,0.8655855986149064,0.0,0.0,-0.8655855986148993,0,0,-7.105427357601002e-15,0.55615234375
D2-N3-M5-Rtight-S1205,N3-M5-Rtight,1,1,-0.00240098231752333,0.0,0.8643536343083991,0.0,0.0,-0.8643536343083973,0,0,-1.7763568394002505e-15,0.556396484375
D2-N3-M5-Rtight-S1153,N3-M5-Rtight,1,1,-0.0023970536565871003,0.0,1.1985268282935593,0.0,0.0,-1.1985268282935522,0,0,-7.105427357601002e-15,0.556640625
D2-N2-M5-Rtight-S1010,N2-M5-Rtight,1,1,-0.002393591769811944,0.0,0.8616930371322997,0.0,0.0,-0.8616930371322997,0,0,0.0,0.556884765625
D2-N3-M5-Rtight-S1472,N3-M5-Rtight,1,1,-0.002391142974329463,0.0,0.8608114707586054,0.0,0.0,-0.8608114707586054,0,0,0.0,0.55712890625
D2-N2-M5-Rloose-S1213,N2-M5-Rloose,1,1,-0.002389419615202698,0.0,0.8601910614729746,0.0,0.0,-0.8601910614729746,0,0,0.0,0.557373046875
D2-N3-M5-Rtight-S1063,N3-M5-Rtight,1,1,-0.0023841472397785057,0.0,0.8582930063202561,0.0,0.0,-0.8582930063202525,0,0,-3.552713678800501e-15,0.5576171875
D2-N3-M5-Rtight-S1280,N3-M5-Rtight,1,1,-0.0023761659642724114,0.0,0.8554197471380682,0.0,0.0,-0.8554197471380682,0,0,0.0,0.557861328125
D2-N3-M5-Rtight-S1351,N3-M5-Rtight,1,1,-0.002373801831116129,0.0,0.8545686592018011,0.0,0.0,-0.8545686592018029,0,0,1.7763568394002505e-15,0.55810546875
D2-N2-M5-Rtight-S1207,N2-M5-Rtight,1,1,-0.0023705404949145477,0.0,0.8533945781692367,0.0,0.0,-0.8533945781692367,0,0,0.0,0.558349609375
D2-N2-M5-Rtight-S1024,N2-M5-Rtight,1,1,-0.0023684072107859333,0.0,0.8526265958829438,0.0,0.0,-0.8526265958829384,0,0,-5.329070518200751e-15,0.55859375
D2-N3-M5-Rtight-S1311,N3-M5-Rtight,1,1,-0.002366380980745972,0.0,0.8518971530685517,0.0,0.0,-0.8518971530685508,0,0,-8.881784197001252e-16,0.558837890625
D2-N3-M5-Rtight-S1321,N3-M5-Rtight,1,1,-0.0023654241165990686,0.0,0.8515526819756722,0.0,0.0,-0.8515526819756616,0,0,-1.0658141036401503e-14,0.55908203125
D2-N2-M5-Rtight-S1107,N2-M5-Rtight,1,1,-0.002363950638616507,0.0,0.8510222299019423,0.0,0.0,-0.8510222299019432,0,0,8.881784197001252e-16,0.559326171875
D2-N3-M5-Rtight-S1268,N3-M5-Rtight,1,1,-0.00236153385220636,0.0,0.48813787265213193,0.6926290534510638,0.0,-1.1807669261031748,0,-1,-2.0872192862952943e-14,0.5595703125
D2-N2-M5-Rtight-S1377,N2-M5-Rtight,1,1,-0.002361480898085487,0.0,1.1807404490427444,0.0,0.0,-1.1807404490427444,0,0,0.0,0.559814453125
D2-N2-M5-Rloose-S1181,N2-M5-Rloose,1,1,-0.0023562970032543623,0.0,0.8482669211715717,0.0,0.0,-0.8482669211715717,0,0,0.0,0.56005859375
D2-N2-M5-Rloose-S1389,N2-M5-Rloose,1,1,-0.0023555085435035816,0.0,0.8479830756612827,0.0,0.0,-0.8479830756612898,0,0,7.105427357601002e-15,0.560302734375
D2-N3-M5-Rtight-S1028,N3-M5-Rtight,1,1,-0.0023386234111118787,0.0,0.8419044280002854,0.0,0.0,-0.8419044280002765,0,0,-8.881784197001252e-15,0.560546875
D2-N2-M5-Rtight-S1348,N2-M5-Rtight,1,1,-0.002333389803093132,0.0,0.8400203291135266,0.0,0.0,-0.8400203291135266,0,0,0.0,0.560791015625
D2-N3-M5-Rtight-S1176,N3-M5-Rtight,1,1,-0.002328038920040687,0.0,0.8380940112146504,0.0,0.0,-0.8380940112146504,0,0,0.0,0.56103515625
D2-N2-M5-Rtight-S1203,N2-M5-Rtight,1,1,-0.0023220374790642526,0.0,0.8359334924631305,0.0,0.0,-0.8359334924631305,0,0,0.0,0.561279296875
D2-N2-M5-Rloose-S1325,N2-M5-Rloose,1,1,-0.0023162566342418422,0.0,0.8338523883270597,0.0,0.0,-0.8338523883270597,0,0,0.0,0.5615234375
D2-N2-M5-Rloose-S1017,N2-M5-Rloose,1,1,-0.0023146482039961835,0.0,0.8332733534386207,0.0,0.0,-0.8332733534386136,0,0,-7.105427357601002e-15,0.561767578125
D2-N2-M5-Rtight-S1274,N2-M5-Rtight,1,1,-0.002311046185518577,0.0,0.8319766267866875,0.0,0.0,-0.8319766267866875,0,0,0.0,0.56201171875
D2-N2-M5-Rtight-S1158,N2-M5-Rtight,1,1,-0.0023053313144086943,0.0,0.8299192731871292,0.0,0.0,-0.8299192731871301,0,0,8.881784197001252e-16,0.562255859375
D2-N2-M5-Rtight-S1015,N2-M5-Rtight,1,1,-0.002299268838037768,0.0,0.8277367816935968,0.0,0.0,-0.8277367816935968,0,0,0.0,0.5625
D2-N3-M5-Rtight-S1175,N3-M5-Rtight,1,1,-0.002297713645691271,0.0,0.8271769124488575,0.0,0.0,-0.8271769124488575,0,0,0.0,0.562744140625
D2-N2-M5-Rtight-S1050,N2-M5-Rtight,1,1,-0.0022945375950948234,0.0,0.7107102804294501,0.27594088546132367,0.0,-0.9866511658907733,0,0,-4.440892098500626e-16,0.56298828125
D2-N3-M5-Rtight-S1174,N3-M5-Rtight,1,1,-0.0022923314199136957,0.0,0.985702510562886,0.0,0.0,-0.9857025105628878,0,0,1.7763568394002505e-15,0.563232421875
D2-N3-M5-Rtight-S1024,N3-M5-Rtight,1,1,-0.002288476159929387,0.0,0.9840447487696338,0.0,0.0,-0.9840447487696338,0,0,0.0,0.5634765625
D2-N2-M5-Rloose-S1105,N2-M5-Rloose,1,1,-0.0022832913961414736,0.0,0.8219849026109287,0.0,0.0,-0.8219849026109216,0,0,-7.105427357601002e-15,0.563720703125
D2-N2-M5-Rtight-S1315,N2-M5-Rtight,1,1,-0.002282634726650884,0.0,0.8217485015943193,0.0,0.0,-0.8217485015943176,0,0,-1.7763568394002505e-15,0.56396484375
D2-N3-M5-Rloose-S1278,N3-M5-Rloose,4,2+,-0.002268882869501887,3.3243125118459034,4.141110344866561,0.0,0.0,-0.8167978330206722,0,0,1.4210854715202004e-14,0.564208984375
D2-N2-M5-Rtight-S1496,N2-M5-Rtight,1,1,-0.002263859406925108,0.0,0.8149893864930382,0.0,0.0,-0.8149893864930391,0,0,8.881784197001252e-16,0.564453125
D2-N2-M5-Rloose-S1469,N2-M5-Rloose,1,1,-0.0022611560258377628,0.0,0.8140161693016026,0.0,0.0,-0.8140161693015955,0,0,-7.105427357601002e-15,0.564697265625
D2-N2-M5-Rtight-S1112,N2-M5-Rtight,1,1,-0.002252937424672391,0.0,0.8110574728820614,0.0,0.0,-0.8110574728820552,0,0,-6.217248937900877e-15,0.56494140625
D2-N2-M5-Rloose-S1457,N2-M5-Rloose,1,1,-0.002250251941874115,0.0,0.8100906990746921,0.0,0.0,-0.8100906990746921,0,0,0.0,0.565185546875
D2-N3-M5-Rtight-S1244,N3-M5-Rtight,1,1,-0.002249884884445996,0.0,1.124942442222988,0.0,0.0,-1.124942442222988,0,0,0.0,0.5654296875
D2-N2-M5-Rloose-S1432,N2-M5-Rloose,1,1,-0.0022428759079906324,0.0,0.8074353268766323,0.0,0.0,-0.8074353268766288,0,0,-3.552713678800501e-15,0.565673828125
D2-N2-M5-Rtight-S1360,N2-M5-Rtight,1,1,-0.0022427110822932673,0.0,0.8073759896255766,0.0,0.0,-0.8073759896255766,0,0,0.0,0.56591796875
D2-N2-M5-Rloose-S1197,N2-M5-Rloose,1,1,-0.0022394427211054335,0.0,0.8061993795979561,0.0,0.0,-0.8061993795979561,0,0,0.0,0.566162109375
D2-N2-M5-Rtight-S1260,N2-M5-Rtight,1,1,-0.002238764047783344,0.0,0.9626685405468383,0.0,0.0,-0.9626685405468383,0,0,0.0,0.56640625
D2-N2-M5-Rloose-S1141,N2-M5-Rloose,1,1,-0.002225739639701685,0.0,0.8012662702926079,0.0,0.0,-0.801266270292615,0,0,7.105427357601002e-15,0.566650390625
D2-N3-M5-Rtight-S1488,N3-M5-Rtight,1,1,-0.0022180403433257057,0.0,0.9537573476300523,0.0,0.0,-0.9537573476300594,0,0,7.105427357601002e-15,0.56689453125
D2-N2-M5-Rtight-S1490,N2-M5-Rtight,1,1,-0.002217534067887994,0.0,0.7983122644396836,0.0,0.0,-0.7983122644396872,0,0,3.552713678800501e-15,0.567138671875
D2-N2-M5-Rloose-S1176,N2-M5-Rloose,1,1,-0.002210853589246692,0.0,0.9506670433760682,0.0,0.0,-0.9506670433760718,0,0,3.552713678800501e-15,0.5673828125
D2-N3-M5-Rtight-S1350,N3-M5-Rtight,2,2+,-0.00220924982541143,0.0,1.7567478789325808,-0.8067704540056726,0.0,-0.9499774249269137,0,1,5.551115123125783e-15,0.567626953125
D2-N3-M5-Rtight-S1009,N3-M5-Rtight,1,1,-0.0022055050040021285,0.0,0.9483671517209231,0.0,0.0,-0.9483671517209018,0,0,-2.1316282072803006e-14,0.56787109375
D2-N3-M5-Rtight-S1464,N3-M5-Rtight,1,1,-0.0021872764376698606,0.0,0.9405288681980535,0.0,0.0,-0.9405288681980437,0,0,-9.769962616701378e-15,0.568115234375
D2-N3-M5-Rtight-S1439,N3-M5-Rtight,1,1,-0.002162930538173454,0.0,0.9300601314145842,0.0,0.0,-0.9300601314145851,0,0,8.881784197001252e-16,0.568359375
D2-N3-M5-Rloose-S1477,N3-M5-Rloose,3,2+,-0.002150599838916467,3.748705875971325,4.673463806705399,0.0,0.0,-0.9247579307340743,0,0,0.0,0.568603515625
D2-N3-M5-Rtight-S1435,N3-M5-Rtight,1,1,-0.0021502242269463567,0.0,0.9245964175869261,0.0,0.0,-0.9245964175869261,0,0,0.0,0.56884765625
D2-N2-M5-Rtight-S1223,N2-M5-Rtight,1,1,-0.002143250943938524,0.0,0.921597905893563,0.0,0.0,-0.921597905893563,0,0,0.0,0.569091796875
D2-N2-M5-Rtight-S1198,N2-M5-Rtight,1,1,-0.0021368778583021573,0.0,1.0684389291510765,0.0,0.0,-1.0684389291510783,0,0,1.7763568394002505e-15,0.5693359375
D2-N2-M5-Rtight-S1054,N2-M5-Rtight,1,1,-0.002133855712720286,0.0,0.9175579564697234,0.0,0.0,-0.9175579564697234,0,0,0.0,0.569580078125
D2-N2-M5-Rtight-S1082,N2-M5-Rtight,1,1,-0.0021242968264146567,0.0,0.9134476353582963,0.0,0.0,-0.9134476353582954,0,0,-8.881784197001252e-16,0.56982421875
D2-N3-M5-Rtight-S1025,N3-M5-Rtight,1,1,-0.002118566817442158,0.0,0.910983731500135,0.0,0.0,-0.9109837315001315,0,0,-3.552713678800501e-15,0.570068359375
D2-N3-M5-Rtight-S1253,N3-M5-Rtight,1,1,-0.0021159481817295267,0.0,0.9098577181436944,0.0,0.0,-0.909857718143698,0,0,3.552713678800501e-15,0.5703125
D2-N2-M5-Rtight-S1174,N2-M5-Rtight,1,1,-0.002111433272271479,0.0,0.907916307076734,0.0,0.0,-0.9079163070767322,0,0,-1.7763568394002505e-15,0.570556640625
D2-N2-M5-Rtight-S1138,N2-M5-Rtight,1,1,-0.0020881851179374647,0.0,0.8979196007131094,0.0,0.0,-0.8979196007131094,0,0,0.0,0.57080078125
D2-N3-M5-Rloose-S1243,N3-M5-Rloose,3,2+,-0.002085556498620779,1.853984777335782,2.537802769167648,0.35896025747852,0.0,-1.0427782493103877,0,0,1.7763568394002505e-15,0.571044921875
D2-N2-M5-Rtight-S1488,N2-M5-Rtight,1,1,-0.002081054223165485,0.0,0.8948533159611589,0.0,0.0,-0.8948533159611589,0,0,0.0,0.5712890625
D2-N3-M5-Rtight-S1497,N3-M5-Rtight,1,1,-0.0020782598650635753,0.0,0.8936517419773331,0.0,0.0,-0.8936517419773367,0,0,3.552713678800501e-15,0.571533203125
D2-N2-M5-Rtight-S1212,N2-M5-Rtight,1,1,-0.002065980036402671,0.0,0.8883714156531486,0.0,0.0,-0.8883714156531486,0,0,0.0,0.57177734375
D2-N2-M3-Rloose-S1266,N2-M3-Rloose,1,1,-0.0020501014940507156,1.0115353432458782,1.3395515822939927,0.0,0.0,-0.3280162390481145,0,0,0.0,0.572021484375
D2-N3-M5-Rtight-S1145,N3-M5-Rtight,1,1,-0.0020370051603995076,0.0,0.8759122189717701,0.0,0.0,-0.8759122189717772,0,0,7.105427357601002e-15,0.572265625
D2-N2-M5-Rloose-S1304,N2-M5-Rloose,3,2+,-0.002036473387633783,3.2186038204111327,3.9395572103435477,0.1547301667501082,0.0,-0.8756835566825245,0,0,1.3322676295501878e-15,0.572509765625
D2-N2-M5-Rloose-S1258,N2-M5-Rloose,3,2+,-0.002034846879438529,0.0,1.3726666719109986,-0.14012179531312574,-0.5,-0.7325448765978706,-1,0,-2.220446049250313e-15,0.57275390625
D2-N3-M5-Rtight-S1469,N3-M5-Rtight,1,1,-0.00203172233661858,0.0,0.873640604745983,0.0,0.0,-0.8736406047459866,0,0,3.552713678800501e-15,0.572998046875
D2-N2-M5-Rtight-S1292,N2-M5-Rtight,1,1,-0.00202849601321875,0.0,0.8722532856840619,0.0,0.0,-0.8722532856840619,0,0,0.0,0.5732421875
D2-N2-M5-Rloose-S1177,N2-M5-Rloose,1,1,-0.0020239707475323,0.0,0.8703074214388877,0.0,0.0,-0.8703074214388877,0,0,0.0,0.573486328125
D2-N2-M5-Rtight-S1115,N2-M5-Rtight,1,1,-0.002016576230071676,0.0,0.8671277789308167,0.0,0.0,-0.867127778930822,0,0,5.329070518200751e-15,0.57373046875
D2-N2-M5-Rloose-S1497,N2-M5-Rloose,1,1,-0.0020127951971077307,0.0,0.8655019347563311,0.0,0.0,-0.8655019347563382,0,0,7.105427357601002e-15,0.573974609375
D2-N2-M5-Rtight-S1298,N2-M5-Rtight,1,1,-0.0020060838112447993,0.0,0.8626160388352648,0.0,0.0,-0.862616038835263,0,0,-1.7763568394002505e-15,0.57421875
D2-N3-M3-Rloose-S1193,N3-M3-Rloose,4,2+,-0.0019986057629058362,5.858949256049698,6.458530984921431,0.0,0.0,-0.5995817288717546,0,0,2.1316282072803006e-14,0.574462890625
D2-N2-M5-Rtight-S1264,N2-M5-Rtight,1,1,-0.0019982824341597816,0.0,0.8592614466887074,0.0,0.0,-0.8592614466887056,0,0,-1.7763568394002505e-15,0.57470703125
D2-N3-M5-Rtight-S1320,N3-M5-Rtight,1,1,-0.001995497975693747,0.0,0.8580641295483105,0.0,0.0,-0.8580641295483105,0,0,0.0,0.574951171875
D2-N2-M5-Rloose-S1154,N2-M5-Rloose,3,2+,-0.0019828839117357194,0.0,0.36964244799607116,0.9829976340502913,-0.5,-0.8526400820463564,0,0,-5.995204332975845e-15,0.5751953125
D2-N2-M5-Rloose-S1509,N2-M5-Rloose,1,1,-0.0019818442388751523,0.0,0.8521930227163281,0.0,0.0,-0.8521930227163352,0,0,7.105427357601002e-15,0.575439453125
D2-N3-M5-Rtight-S1421,N3-M5-Rtight,1,1,-0.001980936559063201,0.0,0.8518027203971723,0.0,0.0,-0.8518027203971741,0,0,1.7763568394002505e-15,0.57568359375
D2-N2-M5-Rloose-S1465,N2-M5-Rloose,1,1,-0.001980009177808495,0.0,0.8514039464576584,0.0,0.0,-0.8514039464576584,0,0,0.0,0.575927734375
D2-N2-M5-Rloose-S1165,N2-M5-Rloose,1,1,-0.0019746638096993507,0.0,0.8491054381707599,0.0,0.0,-0.8491054381707386,0,0,-2.1316282072803006e-14,0.576171875
D2-N2-M5-Rloose-S1285,N2-M5-Rloose,1,1,-0.001971729901740382,0.0,0.8478438577483374,0.0,0.0,-0.8478438577483587,0,0,2.1316282072803006e-14,0.576416015625
D2-N2-M5-Rtight-S1376,N2-M5-Rtight,1,1,-0.001964465606813688,0.0,0.8447202109298866,0.0,0.0,-0.8447202109298857,0,0,-8.881784197001252e-16,0.57666015625
D2-N2-M5-Rtight-S1170,N2-M5-Rtight,1,1,-0.0019413314186636776,0.0,0.8347725100253944,0.0,0.0,-0.8347725100253882,0,0,-6.217248937900877e-15,0.576904296875
D2-N2-M5-Rtight-S1336,N2-M5-Rtight,1,1,-0.0019312265231427247,0.0,0.8304274049513714,0.0,0.0,-0.8304274049513705,0,0,-8.881784197001252e-16,0.5771484375
D2-N2-M5-Rloose-S1037,N2-M5-Rloose,1,1,-0.0019240911641176667,0.0,0.8273592005705979,0.0,0.0,-0.8273592005705979,0,0,0.0,0.577392578125
D2-N2-M5-Rloose-S1277,N2-M5-Rloose,1,1,-0.0019196583183925392,0.0,0.8254530769087935,0.0,0.0,-0.8254530769087935,0,0,0.0,0.57763671875
D2-N2-M5-Rloose-S1437,N2-M5-Rloose,1,1,-0.0019196293463906722,0.0,0.8254406189479937,0.0,0.0,-0.8254406189479937,0,0,0.0,0.577880859375
D2-N2-M5-Rtight-S1282,N2-M5-Rtight,1,1,-0.0019183381423762136,0.0,0.8248854012217599,0.0,0.0,-0.8248854012217635,0,0,3.552713678800501e-15,0.578125
D2-N2-M5-Rloose-S1397,N2-M5-Rloose,3,2+,-0.001909751520123515,0.0,0.3833380758340752,0.9378550778190422,-0.5,-0.8211931536531125,-1,0,-4.884981308350689e-15,0.578369140625
D2-N2-M5-Rloose-S1237,N2-M5-Rloose,1,1,-0.0019059209893692586,0.0,0.8195460254287994,0.0,0.0,-0.8195460254287923,0,0,-7.105427357601002e-15,0.57861328125
D2-N2-M5-Rtight-S1430,N2-M5-Rtight,1,1,-0.0019000327364272727,0.0,0.8170140766637264,0.0,0.0,-0.8170140766637264,0,0,0.0,0.578857421875
D2-N2-M5-Rloose-S1373,N2-M5-Rloose,1,1,-0.0018812161658715298,0.0,0.8089229513247602,0.0,0.0,-0.8089229513247602,0,0,0.0,0.5791015625
D2-N3-M5-Rtight-S1047,N3-M5-Rtight,3,2+,-0.0018754388866418503,0.0,1.043877277126139,0.0,-0.5,-0.5438772771261391,-1,-1,0.0,0.579345703125
D2-N2-M5-Rtight-S1428,N2-M5-Rtight,1,1,-0.001863064862353457,0.0,1.7585833261341541,-1.087879975686912,0.0,-0.6707033504472442,1,1,1.9984014443252818e-15,0.57958984375
D2-N2-M5-Rloose-S1053,N2-M5-Rloose,2,2+,-0.0018435167061320729,0.0,2.400821411341603,-1.6081092277048135,0.0,-0.7927121836367874,0,0,-2.220446049250313e-15,0.579833984375
D2-N2-M5-Rtight-S1000,N2-M5-Rtight,1,1,-0.0018387722337202816,0.0,0.7906720604997073,0.0,0.0,-0.7906720604997162,0,0,8.881784197001252e-15,0.580078125
D2-N3-M3-Rloose-S1117,N3-M3-Rloose,4,2+,-0.001838326563427195,3.93046207550006,4.353277185088331,0.0,0.0,-0.42281510958827084,0,0,0.0,0.580322265625
D2-N2-M5-Rloose-S1217,N2-M5-Rloose,1,1,-0.0018310425686011433,0.0,0.7873483044984937,0.0,0.0,-0.7873483044984937,0,0,0.0,0.58056640625
D2-N2-M5-Rloose-S1021,N2-M5-Rloose,3,2+,-0.0017591867349492918,0.0,0.5102153735321124,0.6230918510496615,-0.5,-0.6333072245817561,-1,0,-1.7763568394002505e-14,0.580810546875
D2-N2-M5-Rtight-S1300,N2-M5-Rtight,1,1,-0.0017021418969346454,0.0,0.8510709484673225,0.0,0.0,-0.8510709484673225,0,0,0.0,0.5810546875
D2-N2-M5-Rloose-S1289,N2-M5-Rloose,3,2+,-0.0016230949509739578,0.0,0.5173396688233609,0.5669745135272792,-0.5,-0.5843141823506244,-1,0,-1.5765166949677223e-14,0.581298828125
D2-N2-M5-Rloose-S1349,N2-M5-Rloose,1,1,-0.0015972791155191568,0.0,0.7986395577595857,0.0,0.0,-0.7986395577595715,0,0,-1.4210854715202004e-14,0.58154296875
D2-N3-M5-Rloose-S1253,N3-M5-Rloose,4,2+,-0.001591744028548836,3.150706352449788,3.723734202727371,0.0,0.0,-0.5730278502775832,0,0,0.0,0.581787109375
D2-N3-M5-Rloose-S1249,N3-M5-Rloose,1,1,-0.001575249701928863,0.0,0.6773573718294088,0.0,0.0,-0.6773573718294088,0,0,0.0,0.58203125
D2-N3-M5-Rtight-S1453,N3-M5-Rtight,3,2+,-0.0014840129269969027,0.0,1.745464743223092,-0.6073391846144176,-0.5,-0.6381255586086638,-1,0,-1.0658141036401503e-14,0.582275390625
D2-N2-M5-Rloose-S1129,N2-M5-Rloose,3,2+,-0.0014513924161261849,0.0,0.4124661859143899,0.7116325530198946,-0.5,-0.6240987389342649,-1,0,-1.9539925233402755e-14,0.58251953125
D2-N3-M5-Rloose-S1086,N3-M5-Rloose,3,2+,-0.0013998737342161421,0.0,1.1203517275909576,-0.420414860482887,0.0,-0.6999368671080717,-2,-2,1.1102230246251565e-15,0.582763671875
D2-N3-M5-Rloose-S1299,N3-M5-Rloose,4,2+,-0.0013820628090067122,4.001390031206711,4.498932642449127,0.0,0.0,-0.49754261124242305,0,0,7.105427357601002e-15,0.5830078125
D2-N3-M5-Rloose-S1165,N3-M5-Rloose,4,2+,-0.0013613740813335773,3.1270532786332694,3.6171479479133524,0.0,0.0,-0.49009466928008294,0,0,0.0,0.583251953125
D2-N2-M3-Rloose-S1206,N2-M3-Rloose,1,1,-0.0013578435332868566,1.1077678245911997,1.2299737425870179,0.0,0.0,-0.12220591799581726,0,0,-8.881784197001252e-16,0.58349609375
D2-N2-M3-Rtight-S1441,N2-M3-Rtight,1,1,-0.0013484864605903257,0.8145750342100797,1.1101158304626697,0.014611089683177259,0.0,-0.3101518859357668,0,0,-4.440892098500626e-16,0.583740234375
D2-N2-M5-Rloose-S1413,N2-M5-Rloose,3,2+,-0.0013415051823746915,0.0,0.45879852779257035,0.5241433378623341,-0.5,-0.48294186565489383,-1,0,-1.0658141036401503e-14,0.583984375
D2-N3-M5-Rloose-S1045,N3-M5-Rloose,3,2+,-0.0013216080128072294,0.0,0.68092129510066,-0.20514241049005788,0.0,-0.47577888461060525,0,0,3.1086244689504383e-15,0.584228515625
D2-N3-M3-Rloose-S1068,N3-M3-Rloose,4,2+,-0.0012962697466274986,5.843748016743433,6.232628940731686,0.0,0.0,-0.38888092398825336,0,0,0.0,0.58447265625
D2-N2-M5-Rloose-S1089,N2-M5-Rloose,3,2+,-0.0012947519229499216,0.0,0.5035713039504728,0.5531720229179684,-0.5,-0.5567433268684567,-1,0,1.554312234475219e-14,0.584716796875
D2-N2-M5-Rloose-S1205,N2-M5-Rloose,3,2+,-0.0012217171526093251,0.0,0.5764738487646994,0.4488645268573084,-0.5,-0.5253383756220131,-1,0,5.329070518200751e-15,0.5849609375
D2-N2-M5-Rloose-S1109,N2-M5-Rloose,3,2+,-0.0011583759145669115,0.0,0.6136080649258773,0.38449357833789444,-0.5,-0.49810164326376594,-1,0,-5.773159728050814e-15,0.585205078125
D2-N2-M5-Rloose-S1189,N2-M5-Rloose,3,2+,-0.001143476357601203,0.0,0.5580967694820487,0.353554719254338,-0.5,-0.41165148873642465,-1,0,3.7969627442180354e-14,0.58544921875
D2-N3-M5-Rloose-S1185,N3-M5-Rloose,4,2+,-0.0011025768123775342,3.428216863500893,3.747964139090378,0.0,0.0,-0.319747275589485,0,0,0.0,0.585693359375
D2-N3-M3-Rloose-S1263,N3-M3-Rloose,1,1,-0.0010662672955694674,0.8981422827907011,1.0687450500818159,0.0,0.0,-0.1706027672911148,0,0,0.0,0.5859375
D2-N3-M5-Rloose-S1326,N3-M5-Rloose,4,2+,-0.0009809228943845338,3.2547607756727643,3.6765576202581087,0.0,0.0,-0.4217968445853444,0,0,0.0,0.586181640625
D2-N3-M5-Rloose-S1206,N3-M5-Rloose,4,2+,-0.000908905597127807,3.560543364272462,3.887749379238471,0.0,0.0,-0.3272060149660092,0,0,0.0,0.58642578125
D2-N2-M5-Rloose-S1305,N2-M5-Rloose,3,2+,-0.0008852292657862693,0.0,0.6223130705465465,0.25833551374157393,-0.5,-0.3806485842881102,-1,0,-1.021405182655144e-14,0.586669921875
D2-N2-M5-Rloose-S1297,N2-M5-Rloose,3,2+,-0.000880501022120006,0.0,0.6245240088210551,0.2540914306905506,-0.5,-0.3786154395116057,-1,0,0.0,0.5869140625
D2-N3-M5-Rtight-S1269,N3-M5-Rtight,1,1,-0.0008732269428942396,0.0,0.9858589540862237,-0.6103713686417027,0.0,-0.37548758544453165,0,0,1.0658141036401503e-14,0.587158203125
D2-N2-M5-Rloose-S1322,N2-M5-Rloose,4,2+,-0.0008430441809060274,4.058983843710138,4.362479748836307,0.0,0.0,-0.3034959051261694,0,0,0.0,0.58740234375
D2-N3-M3-Rloose-S1326,N3-M3-Rloose,1,1,-0.0008028445616968111,1.1226249575959883,1.2510800874674786,0.0,0.0,-0.12845512987149021,0,0,0.0,0.587646484375
D2-N3-M3-Rloose-S1436,N3-M3-Rloose,4,2+,-0.0007796768812197707,6.093877347116461,6.327780411482394,0.0,0.0,-0.23390306436593278,0,0,0.0,0.587890625
D2-N3-M3-Rtight-S1298,N3-M3-Rtight,1,1,-0.0007786251028231161,1.1615448894002505,1.286124905851949,0.0,0.0,-0.12458001645169858,0,0,0.0,0.588134765625
D2-N3-M3-Rtight-S1442,N3-M3-Rtight,1,1,-0.0007538418452660289,1.1459432633940132,1.266557958636577,0.0,0.0,-0.12061469524256374,0,0,0.0,0.58837890625
D2-N3-M3-Rtight-S1386,N3-M3-Rtight,1,1,-0.0007213816195400513,1.179805597649814,1.2952266567762223,0.0,0.0,-0.11542105912640821,0,0,0.0,0.588623046875
D2-N2-M5-Rloose-S1010,N2-M5-Rloose,5,2+,-0.0007160401259417998,4.1471629568232515,4.397223440847085,0.5077139613152155,-0.5,-0.25777444533904514,-1,0,-4.218847493575595e-15,0.5888671875
D2-N2-M5-Rloose-S1345,N2-M5-Rloose,3,2+,-0.0005043136129166403,0.0,0.6585457468832203,0.058309106670933586,-0.5,-0.21685485355416745,-1,0,1.354472090042691e-14,0.589111328125
D2-N2-M5-Rloose-S1185,N2-M5-Rloose,3,2+,-0.0005006322820336195,0.0,0.6802276215321221,0.0,-0.5,-0.18022762153211147,-1,0,-1.0658141036401503e-14,0.58935546875
D2-N3-M5-Rloose-S1345,N3-M5-Rloose,4,2+,-0.0004888689579427563,3.4856396656622053,3.69585331757758,0.0,0.0,-0.21021365191538166,0,0,7.105427357601002e-15,0.589599609375
D2-N3-M5-Rloose-S1388,N3-M5-Rloose,4,2+,-0.0004574704027541475,5.833608014028975,5.998297359020469,0.0,0.0,-0.16468934499149412,0,0,0.0,0.58984375
D2-N3-M5-Rtight-S1468,N3-M5-Rtight,1,1,-0.00045702085457991967,1.156792008034671,1.289328055862848,0.0,0.0,-0.13253604782817696,0,0,0.0,0.590087890625
D2-N3-M5-Rtight-S1238,N3-M5-Rtight,2,2+,-0.000438387857890965,4.125808365232757,3.678884175075119,0.6354309690507671,0.0,-0.18850677889312806,0,0,-8.881784197001252e-16,0.59033203125
D2-N3-M5-Rtight-S1315,N3-M5-Rtight,1,1,-0.00043582859433688795,1.1173721707418096,1.2437624630995074,0.0,0.0,-0.12639029235769783,0,0,0.0,0.590576171875
D2-N3-M3-Rtight-S1508,N3-M3-Rtight,3,2+,-0.00041937643654250956,0.0,0.5964565804047766,0.0,-0.5,-0.09645658040477656,-1,-1,0.0,0.5908203125
D2-N2-M3-Rtight-S1245,N2-M3-Rtight,1,1,-0.00037310972866266834,0.0,1.1662484960044113,-1.0804332584119922,0.0,-0.0858152375924135,0,0,-5.551115123125783e-15,0.591064453125
D2-N3-M3-Rloose-S1364,N3-M3-Rloose,4,2+,-0.00036970915350034717,4.254092922849807,4.339126028154887,0.0,0.0,-0.08503310530507946,0,0,0.0,0.59130859375
D2-N3-M5-Rtight-S1220,N3-M5-Rtight,1,1,-0.00034024673062897203,1.192227883813331,1.3147167068397607,0.0,0.0,-0.12248882302642983,0,0,0.0,0.591552734375
D2-N3-M5-Rloose-S1442,N3-M5-Rloose,5,2+,-0.00031006318122731025,6.398279347184342,6.71227132375666,-0.1806648086445808,0.0,-0.1333271679277459,0,-2,8.881784197001252e-15,0.591796875
D2-N3-M5-Rtight-S1152,N3-M5-Rtight,1,1,-0.0002928281532715016,1.1468165023845955,1.252234637562335,0.0,0.0,-0.10541813517774301,0,0,3.552713678800501e-15,0.592041015625
D2-N2-M5-Rloose-S1146,N2-M5-Rloose,4,2+,-0.00022442978250175605,3.695274200924331,3.776068922624983,0.0,0.0,-0.0807947217006415,0,0,-1.0658141036401503e-14,0.59228515625
D2-N2-M3-Rloose-S1143,N2-M3-Rloose,2,2+,-0.00018981371223879273,2.805741801858751,2.8493989556736707,0.0,0.0,-0.043657153814919525,0,0,0.0,0.592529296875
D2-N2-M5-Rloose-S1066,N2-M5-Rloose,4,2+,-0.0001605961744637896,3.5365535795861547,3.605609934605603,0.0,0.0,-0.06905635501944118,0,0,-7.105427357601002e-15,0.5927734375
D2-N2-M3-Rtight-S1228,N2-M3-Rtight,1,1,-8.18850518419581e-05,0.0,1.0445232649896967,-1.0199577494371086,0.0,-0.024565515552588124,0,0,0.0,0.593017578125
D2-N3-M5-Rtight-S1313,N3-M5-Rtight,2,2+,-5.329187912933575e-05,3.939882201768995,3.9590672782555565,0.0,0.0,-0.019185076486564867,0,0,3.552713678800501e-15,0.59326171875
D2-N2-M3-Rtight-S1003,N2-M3-Rtight,0,0,0.0,0.0,0.0,0.0,0.0,0.0,0,0,0.0,0.593505859375
D2-N2-M3-Rtight-S1007,N2-M3-Rtight,0,0,0.0,0.0,0.0,0.0,0.0,0.0,0,0,0.0,0.59375
D2-N2-M3-Rtight-S1011,N2-M3-Rtight,0,0,0.0,0.0,0.0,0.0,0.0,0.0,0,0,0.0,0.593994140625
D2-N2-M3-Rtight-S1013,N2-M3-Rtight,0,0,0.0,0.0,0.0,0.0,0.0,0.0,0,0,0.0,0.59423828125
D2-N2-M3-Rtight-S1015,N2-M3-Rtight,0,0,0.0,0.0,0.0,0.0,0.0,0.0,0,0,0.0,0.594482421875
D2-N2-M3-Rtight-S1019,N2-M3-Rtight,0,0,0.0,0.0,0.0,0.0,0.0,0.0,0,0,0.0,0.5947265625
D2-N2-M3-Rtight-S1027,N2-M3-Rtight,0,0,0.0,0.0,0.0,0.0,0.0,0.0,0,0,0.0,0.594970703125
D2-N2-M3-Rtight-S1031,N2-M3-Rtight,0,0,0.0,0.0,0.0,0.0,0.0,0.0,0,0,0.0,0.59521484375
D2-N2-M3-Rtight-S1035,N2-M3-Rtight,0,0,0.0,0.0,0.0,0.0,0.0,0.0,0,0,0.0,0.595458984375
D2-N2-M3-Rtight-S1037,N2-M3-Rtight,0,0,0.0,0.0,0.0,0.0,0.0,0.0,0,0,0.0,0.595703125
D2-N2-M3-Rtight-S1039,N2-M3-Rtight,0,0,0.0,0.0,0.0,0.0,0.0,0.0,0,0,0.0,0.595947265625
D2-N2-M3-Rtight-S1043,N2-M3-Rtight,0,0,0.0,0.0,0.0,0.0,0.0,0.0,0,0,0.0,0.59619140625
D2-N2-M3-Rtight-S1047,N2-M3-Rtight,0,0,0.0,0.0,0.0,0.0,0.0,0.0,0,0,0.0,0.596435546875
D2-N2-M3-Rtight-S1051,N2-M3-Rtight,0,0,0.0,0.0,0.0,0.0,0.0,0.0,0,0,0.0,0.5966796875
D2-N2-M3-Rtight-S1052,N2-M3-Rtight,0,0,0.0,0.0,0.0,0.0,0.0,0.0,0,0,0.0,0.596923828125
D2-N2-M3-Rtight-S1055,N2-M3-Rtight,0,0,0.0,0.0,0.0,0.0,0.0,0.0,0,0,0.0,0.59716796875
D2-N2-M3-Rtight-S1059,N2-M3-Rtight,0,0,0.0,0.0,0.0,0.0,0.0,0.0,0,0,0.0,0.597412109375
D2-N2-M3-Rtight-S1063,N2-M3-Rtight,0,0,0.0,0.0,0.0,0.0,0.0,0.0,0,0,0.0,0.59765625
D2-N2-M3-Rtight-S1067,N2-M3-Rtight,0,0,0.0,0.0,0.0,0.0,0.0,0.0,0,0,0.0,0.597900390625
D2-N2-M3-Rtight-S1069,N2-M3-Rtight,0,0,0.0,0.0,0.0,0.0,0.0,0.0,0,0,0.0,0.59814453125
D2-N2-M3-Rtight-S1071,N2-M3-Rtight,0,0,0.0,0.0,0.0,0.0,0.0,0.0,0,0,0.0,0.598388671875
D2-N2-M3-Rtight-S1072,N2-M3-Rtight,0,0,0.0,0.0,0.0,0.0,0.0,0.0,0,0,0.0,0.5986328125
D2-N2-M3-Rtight-S1075,N2-M3-Rtight,0,0,0.0,0.0,0.0,0.0,0.0,0.0,0,0,0.0,0.598876953125
D2-N2-M3-Rtight-S1083,N2-M3-Rtight,0,0,0.0,0.0,0.0,0.0,0.0,0.0,0,0,0.0,0.59912109375
D2-N2-M3-Rtight-S1087,N2-M3-Rtight,0,0,0.0,0.0,0.0,0.0,0.0,0.0,0,0,0.0,0.599365234375
D2-N2-M3-Rtight-S1091,N2-M3-Rtight,0,0,0.0,0.0,0.0,0.0,0.0,0.0,0,0,0.0,0.599609375
D2-N2-M3-Rtight-S1095,N2-M3-Rtight,0,0,0.0,0.0,0.0,0.0,0.0,0.0,0,0,0.0,0.599853515625
D2-N2-M3-Rtight-S1099,N2-M3-Rtight,0,0,0.0,0.0,0.0,0.0,0.0,0.0,0,0,0.0,0.60009765625
D2-N2-M3-Rtight-S1103,N2-M3-Rtight,0,0,0.0,0.0,0.0,0.0,0.0,0.0,0,0,0.0,0.600341796875
D2-N2-M3-Rtight-S1107,N2-M3-Rtight,0,0,0.0,0.0,0.0,0.0,0.0,0.0,0,0,0.0,0.6005859375
D2-N2-M3-Rtight-S1108,N2-M3-Rtight,0,0,0.0,0.0,0.0,0.0,0.0,0.0,0,0,0.0,0.600830078125
D2-N2-M3-Rtight-S1111,N2-M3-Rtight,0,0,0.0,0.0,0.0,0.0,0.0,0.0,0,0,0.0,0.60107421875
D2-N2-M3-Rtight-S1115,N2-M3-Rtight,0,0,0.0,0.0,0.0,0.0,0.0,0.0,0,0,0.0,0.601318359375
D2-N2-M3-Rtight-S1119,N2-M3-Rtight,0,0,0.0,0.0,0.0,0.0,0.0,0.0,0,0,0.0,0.6015625
D2-N2-M3-Rtight-S1127,N2-M3-Rtight,0,0,0.0,0.0,0.0,0.0,0.0,0.0,0,0,0.0,0.601806640625
D2-N2-M3-Rtight-S1131,N2-M3-Rtight,0,0,0.0,0.0,0.0,0.0,0.0,0.0,0,0,0.0,0.60205078125
D2-N2-M3-Rtight-S1133,N2-M3-Rtight,0,0,0.0,0.0,0.0,0.0,0.0,0.0,0,0,0.0,0.602294921875
D2-N2-M3-Rtight-S1135,N2-M3-Rtight,0,0,0.0,0.0,0.0,0.0,0.0,0.0,0,0,0.0,0.6025390625
D2-N2-M3-Rtight-S1139,N2-M3-Rtight,0,0,0.0,0.0,0.0,0.0,0.0,0.0,0,0,0.0,0.602783203125
D2-N2-M3-Rtight-S1143,N2-M3-Rtight,0,0,0.0,0.0,0.0,0.0,0.0,0.0,0,0,0.0,0.60302734375
D2-N2-M3-Rtight-S1147,N2-M3-Rtight,0,0,0.0,0.0,0.0,0.0,0.0,0.0,0,0,0.0,0.603271484375
D2-N2-M3-Rtight-S1148,N2-M3-Rtight,0,0,0.0,0.0,0.0,0.0,0.0,0.0,0,0,0.0,0.603515625
D2-N2-M3-Rtight-S1149,N2-M3-Rtight,0,0,0.0,0.0,0.0,0.0,0.0,0.0,0,0,0.0,0.603759765625
D2-N2-M3-Rtight-S1151,N2-M3-Rtight,0,0,0.0,0.0,0.0,0.0,0.0,0.0,0,0,0.0,0.60400390625
D2-N2-M3-Rtight-S1155,N2-M3-Rtight,0,0,0.0,0.0,0.0,0.0,0.0,0.0,0,0,0.0,0.604248046875
D2-N2-M3-Rtight-S1159,N2-M3-Rtight,0,0,0.0,0.0,0.0,0.0,0.0,0.0,0,0,0.0,0.6044921875
D2-N2-M3-Rtight-S1160,N2-M3-Rtight,0,0,0.0,0.0,0.0,0.0,0.0,0.0,0,0,0.0,0.604736328125
D2-N2-M3-Rtight-S1163,N2-M3-Rtight,0,0,0.0,0.0,0.0,0.0,0.0,0.0,0,0,0.0,0.60498046875
D2-N2-M3-Rtight-S1167,N2-M3-Rtight,0,0,0.0,0.0,0.0,0.0,0.0,0.0,0,0,0.0,0.605224609375
D2-N2-M3-Rtight-S1171,N2-M3-Rtight,0,0,0.0,0.0,0.0,0.0,0.0,0.0,0,0,0.0,0.60546875
D2-N2-M3-Rtight-S1179,N2-M3-Rtight,0,0,0.0,0.0,0.0,0.0,0.0,0.0,0,0,0.0,0.605712890625
D2-N2-M3-Rtight-S1183,N2-M3-Rtight,0,0,0.0,0.0,0.0,0.0,0.0,0.0,0,0,0.0,0.60595703125
D2-N2-M3-Rtight-S1184,N2-M3-Rtight,0,0,0.0,0.0,0.0,0.0,0.0,0.0,0,0,0.0,0.606201171875
D2-N2-M3-Rtight-S1187,N2-M3-Rtight,0,0,0.0,0.0,0.0,0.0,0.0,0.0,0,0,0.0,0.6064453125
D2-N2-M3-Rtight-S1191,N2-M3-Rtight,0,0,0.0,0.0,0.0,0.0,0.0,0.0,0,0,0.0,0.606689453125
D2-N2-M3-Rtight-S1195,N2-M3-Rtight,0,0,0.0,0.0,0.0,0.0,0.0,0.0,0,0,0.0,0.60693359375
D2-N2-M3-Rtight-S1196,N2-M3-Rtight,0,0,0.0,0.0,0.0,0.0,0.0,0.0,0,0,0.0,0.607177734375
D2-N2-M3-Rtight-S1197,N2-M3-Rtight,0,0,0.0,0.0,0.0,0.0,0.0,0.0,0,0,0.0,0.607421875
D2-N2-M3-Rtight-S1199,N2-M3-Rtight,0,0,0.0,0.0,0.0,0.0,0.0,0.0,0,0,0.0,0.607666015625
D2-N2-M3-Rtight-S1203,N2-M3-Rtight,0,0,0.0,0.0,0.0,0.0,0.0,0.0,0,0,0.0,0.60791015625
D2-N2-M3-Rtight-S1207,N2-M3-Rtight,0,0,0.0,0.0,0.0,0.0,0.0,0.0,0,0,0.0,0.608154296875
D2-N2-M3-Rtight-S1208,N2-M3-Rtight,0,0,0.0,0.0,0.0,0.0,0.0,0.0,0,0,0.0,0.6083984375
D2-N2-M3-Rtight-S1211,N2-M3-Rtight,0,0,0.0,0.0,0.0,0.0,0.0,0.0,0,0,0.0,0.608642578125
D2-N2-M3-Rtight-S1215,N2-M3-Rtight,0,0,0.0,0.0,0.0,0.0,0.0,0.0,0,0,0.0,0.60888671875
D2-N2-M3-Rtight-S1216,N2-M3-Rtight,0,0,0.0,0.0,0.0,0.0,0.0,0.0,0,0,0.0,0.609130859375
D2-N2-M3-Rtight-S1219,N2-M3-Rtight,0,0,0.0,0.0,0.0,0.0,0.0,0.0,0,0,0.0,0.609375
D2-N2-M3-Rtight-S1223,N2-M3-Rtight,0,0,0.0,0.0,0.0,0.0,0.0,0.0,0,0,0.0,0.609619140625
D2-N2-M3-Rtight-S1227,N2-M3-Rtight,0,0,0.0,0.0,0.0,0.0,0.0,0.0,0,0,0.0,0.60986328125
D2-N2-M3-Rtight-S1231,N2-M3-Rtight,0,0,0.0,0.0,0.0,0.0,0.0,0.0,0,0,0.0,0.610107421875
D2-N2-M3-Rtight-S1232,N2-M3-Rtight,0,0,0.0,0.0,0.0,0.0,0.0,0.0,0,0,0.0,0.6103515625
D2-N2-M3-Rtight-S1235,N2-M3-Rtight,0,0,0.0,0.0,0.0,0.0,0.0,0.0,0,0,0.0,0.610595703125
D2-N2-M3-Rtight-S1239,N2-M3-Rtight,0,0,0.0,0.0,0.0,0.0,0.0,0.0,0,0,0.0,0.61083984375
D2-N2-M3-Rtight-S1240,N2-M3-Rtight,0,0,0.0,0.0,0.0,0.0,0.0,0.0,0,0,0.0,0.611083984375
D2-N2-M3-Rtight-S1243,N2-M3-Rtight,0,0,0.0,0.0,0.0,0.0,0.0,0.0,0,0,0.0,0.611328125
D2-N2-M3-Rtight-S1247,N2-M3-Rtight,0,0,0.0,0.0,0.0,0.0,0.0,0.0,0,0,0.0,0.611572265625
D2-N2-M3-Rtight-S1251,N2-M3-Rtight,0,0,0.0,0.0,0.0,0.0,0.0,0.0,0,0,0.0,0.61181640625
D2-N2-M3-Rtight-S1255,N2-M3-Rtight,0,0,0.0,0.0,0.0,0.0,0.0,0.0,0,0,0.0,0.612060546875
D2-N2-M3-Rtight-S1259,N2-M3-Rtight,0,0,0.0,0.0,0.0,0.0,0.0,0.0,0,0,0.0,0.6123046875
D2-N2-M3-Rtight-S1267,N2-M3-Rtight,0,0,0.0,0.0,0.0,0.0,0.0,0.0,0,0,0.0,0.612548828125
D2-N2-M3-Rtight-S1271,N2-M3-Rtight,0,0,0.0,0.0,0.0,0.0,0.0,0.0,0,0,0.0,0.61279296875
D2-N2-M3-Rtight-S1272,N2-M3-Rtight,0,0,0.0,0.0,0.0,0.0,0.0,0.0,0,0,0.0,0.613037109375
D2-N2-M3-Rtight-S1275,N2-M3-Rtight,0,0,0.0,0.0,0.0,0.0,0.0,0.0,0,0,0.0,0.61328125
D2-N2-M3-Rtight-S1276,N2-M3-Rtight,0,0,0.0,0.0,0.0,0.0,0.0,0.0,0,0,0.0,0.613525390625
D2-N2-M3-Rtight-S1277,N2-M3-Rtight,0,0,0.0,0.0,0.0,0.0,0.0,0.0,0,0,0.0,0.61376953125
D2-N2-M3-Rtight-S1279,N2-M3-Rtight,0,0,0.0,0.0,0.0,0.0,0.0,0.0,0,0,0.0,0.614013671875
D2-N2-M3-Rtight-S1283,N2-M3-Rtight,0,0,0.0,0.0,0.0,0.0,0.0,0.0,0,0,0.0,0.6142578125
D2-N2-M3-Rtight-S1287,N2-M3-Rtight,0,0,0.0,0.0,0.0,0.0,0.0,0.0,0,0,0.0,0.614501953125
D2-N2-M3-Rtight-S1291,N2-M3-Rtight,0,0,0.0,0.0,0.0,0.0,0.0,0.0,0,0,0.0,0.61474609375
D2-N2-M3-Rtight-S1295,N2-M3-Rtight,0,0,0.0,0.0,0.0,0.0,0.0,0.0,0,0,0.0,0.614990234375
D2-N2-M3-Rtight-S1300,N2-M3-Rtight,0,0,0.0,0.0,0.0,0.0,0.0,0.0,0,0,0.0,0.615234375
D2-N2-M3-Rtight-S1303,N2-M3-Rtight,0,0,0.0,0.0,0.0,0.0,0.0,0.0,0,0,0.0,0.615478515625
D2-N2-M3-Rtight-S1307,N2-M3-Rtight,0,0,0.0,0.0,0.0,0.0,0.0,0.0,0,0,0.0,0.61572265625
D2-N2-M3-Rtight-S1308,N2-M3-Rtight,0,0,0.0,0.0,0.0,0.0,0.0,0.0,0,0,0.0,0.615966796875
D2-N2-M3-Rtight-S1309,N2-M3-Rtight,0,0,0.0,0.0,0.0,0.0,0.0,0.0,0,0,0.0,0.6162109375
D2-N2-M3-Rtight-S1311,N2-M3-Rtight,0,0,0.0,0.0,0.0,0.0,0.0,0.0,0,0,0.0,0.616455078125
D2-N2-M3-Rtight-S1312,N2-M3-Rtight,0,0,0.0,0.0,0.0,0.0,0.0,0.0,0,0,0.0,0.61669921875
D2-N2-M3-Rtight-S1315,N2-M3-Rtight,0,0,0.0,0.0,0.0,0.0,0.0,0.0,0,0,0.0,0.616943359375
D2-N2-M3-Rtight-S1319,N2-M3-Rtight,0,0,0.0,0.0,0.0,0.0,0.0,0.0,0,0,0.0,0.6171875
D2-N2-M3-Rtight-S1320,N2-M3-Rtight,0,0,0.0,0.0,0.0,0.0,0.0,0.0,0,0,0.0,0.617431640625
D2-N2-M3-Rtight-S1323,N2-M3-Rtight,0,0,0.0,0.0,0.0,0.0,0.0,0.0,0,0,0.0,0.61767578125
D2-N2-M3-Rtight-S1327,N2-M3-Rtight,0,0,0.0,0.0,0.0,0.0,0.0,0.0,0,0,0.0,0.617919921875
D2-N2-M3-Rtight-S1328,N2-M3-Rtight,0,0,0.0,0.0,0.0,0.0,0.0,0.0,0,0,0.0,0.6181640625
D2-N2-M3-Rtight-S1331,N2-M3-Rtight,0,0,0.0,0.0,0.0,0.0,0.0,0.0,0,0,0.0,0.618408203125
D2-N2-M3-Rtight-S1332,N2-M3-Rtight,0,0,0.0,0.0,0.0,0.0,0.0,0.0,0,0,0.0,0.61865234375
D2-N2-M3-Rtight-S1335,N2-M3-Rtight,0,0,0.0,0.0,0.0,0.0,0.0,0.0,0,0,0.0,0.618896484375
D2-N2-M3-Rtight-S1339,N2-M3-Rtight,0,0,0.0,0.0,0.0,0.0,0.0,0.0,0,0,0.0,0.619140625
D2-N2-M3-Rtight-S1341,N2-M3-Rtight,0,0,0.0,0.0,0.0,0.0,0.0,0.0,0,0,0.0,0.619384765625
D2-N2-M3-Rtight-S1343,N2-M3-Rtight,0,0,0.0,0.0,0.0,0.0,0.0,0.0,0,0,0.0,0.61962890625
D2-N2-M3-Rtight-S1347,N2-M3-Rtight,0,0,0.0,0.0,0.0,0.0,0.0,0.0,0,0,0.0,0.619873046875
D2-N2-M3-Rtight-S1351,N2-M3-Rtight,0,0,0.0,0.0,0.0,0.0,0.0,0.0,0,0,0.0,0.6201171875
D2-N2-M3-Rtight-S1352,N2-M3-Rtight,0,0,0.0,0.0,0.0,0.0,0.0,0.0,0,0,0.0,0.620361328125
D2-N2-M3-Rtight-S1359,N2-M3-Rtight,0,0,0.0,0.0,0.0,0.0,0.0,0.0,0,0,0.0,0.62060546875
D2-N2-M3-Rtight-S1363,N2-M3-Rtight,0,0,0.0,0.0,0.0,0.0,0.0,0.0,0,0,0.0,0.620849609375
D2-N2-M3-Rtight-S1367,N2-M3-Rtight,0,0,0.0,0.0,0.0,0.0,0.0,0.0,0,0,0.0,0.62109375
D2-N2-M3-Rtight-S1371,N2-M3-Rtight,0,0,0.0,0.0,0.0,0.0,0.0,0.0,0,0,0.0,0.621337890625
D2-N2-M3-Rtight-S1372,N2-M3-Rtight,0,0,0.0,0.0,0.0,0.0,0.0,0.0,0,0,0.0,0.62158203125
D2-N2-M3-Rtight-S1375,N2-M3-Rtight,0,0,0.0,0.0,0.0,0.0,0.0,0.0,0,0,0.0,0.621826171875
D2-N2-M3-Rtight-S1379,N2-M3-Rtight,0,0,0.0,0.0,0.0,0.0,0.0,0.0,0,0,0.0,0.6220703125
D2-N2-M3-Rtight-S1383,N2-M3-Rtight,0,0,0.0,0.0,0.0,0.0,0.0,0.0,0,0,0.0,0.622314453125
D2-N2-M3-Rtight-S1385,N2-M3-Rtight,0,0,0.0,0.0,0.0,0.0,0.0,0.0,0,0,0.0,0.62255859375
D2-N2-M3-Rtight-S1391,N2-M3-Rtight,0,0,0.0,0.0,0.0,0.0,0.0,0.0,0,0,0.0,0.622802734375
D2-N2-M3-Rtight-S1395,N2-M3-Rtight,0,0,0.0,0.0,0.0,0.0,0.0,0.0,0,0,0.0,0.623046875
D2-N2-M3-Rtight-S1399,N2-M3-Rtight,0,0,0.0,0.0,0.0,0.0,0.0,0.0,0,0,0.0,0.623291015625
D2-N2-M3-Rtight-S1400,N2-M3-Rtight,0,0,0.0,0.0,0.0,0.0,0.0,0.0,0,0,0.0,0.62353515625
D2-N2-M3-Rtight-S1407,N2-M3-Rtight,0,0,0.0,0.0,0.0,0.0,0.0,0.0,0,0,0.0,0.623779296875
D2-N2-M3-Rtight-S1411,N2-M3-Rtight,0,0,0.0,0.0,0.0,0.0,0.0,0.0,0,0,0.0,0.6240234375
D2-N2-M3-Rtight-S1416,N2-M3-Rtight,0,0,0.0,0.0,0.0,0.0,0.0,0.0,0,0,0.0,0.624267578125
D2-N2-M3-Rtight-S1419,N2-M3-Rtight,0,0,0.0,0.0,0.0,0.0,0.0,0.0,0,0,0.0,0.62451171875
D2-N2-M3-Rtight-S1423,N2-M3-Rtight,0,0,0.0,0.0,0.0,0.0,0.0,0.0,0,0,0.0,0.624755859375
D2-N2-M3-Rtight-S1425,N2-M3-Rtight,0,0,0.0,0.0,0.0,0.0,0.0,0.0,0,0,0.0,0.625
D2-N2-M3-Rtight-S1427,N2-M3-Rtight,0,0,0.0,0.0,0.0,0.0,0.0,0.0,0,0,0.0,0.625244140625
D2-N2-M3-Rtight-S1428,N2-M3-Rtight,0,0,0.0,0.0,0.0,0.0,0.0,0.0,0,0,0.0,0.62548828125
D2-N2-M3-Rtight-S1431,N2-M3-Rtight,0,0,0.0,0.0,0.0,0.0,0.0,0.0,0,0,0.0,0.625732421875
D2-N2-M3-Rtight-S1435,N2-M3-Rtight,0,0,0.0,0.0,0.0,0.0,0.0,0.0,0,0,0.0,0.6259765625
D2-N2-M3-Rtight-S1439,N2-M3-Rtight,0,0,0.0,0.0,0.0,0.0,0.0,0.0,0,0,0.0,0.626220703125
D2-N2-M3-Rtight-S1443,N2-M3-Rtight,0,0,0.0,0.0,0.0,0.0,0.0,0.0,0,0,0.0,0.62646484375
D2-N2-M3-Rtight-S1447,N2-M3-Rtight,0,0,0.0,0.0,0.0,0.0,0.0,0.0,0,0,0.0,0.626708984375
D2-N2-M3-Rtight-S1451,N2-M3-Rtight,0,0,0.0,0.0,0.0,0.0,0.0,0.0,0,0,0.0,0.626953125
D2-N2-M3-Rtight-S1453,N2-M3-Rtight,0,0,0.0,0.0,0.0,0.0,0.0,0.0,0,0,0.0,0.627197265625
D2-N2-M3-Rtight-S1455,N2-M3-Rtight,0,0,0.0,0.0,0.0,0.0,0.0,0.0,0,0,0.0,0.62744140625
D2-N2-M3-Rtight-S1459,N2-M3-Rtight,0,0,0.0,0.0,0.0,0.0,0.0,0.0,0,0,0.0,0.627685546875
D2-N2-M3-Rtight-S1463,N2-M3-Rtight,0,0,0.0,0.0,0.0,0.0,0.0,0.0,0,0,0.0,0.6279296875
D2-N2-M3-Rtight-S1467,N2-M3-Rtight,0,0,0.0,0.0,0.0,0.0,0.0,0.0,0,0,0.0,0.628173828125
D2-N2-M3-Rtight-S1469,N2-M3-Rtight,0,0,0.0,0.0,0.0,0.0,0.0,0.0,0,0,0.0,0.62841796875
D2-N2-M3-Rtight-S1471,N2-M3-Rtight,0,0,0.0,0.0,0.0,0.0,0.0,0.0,0,0,0.0,0.628662109375
D2-N2-M3-Rtight-S1475,N2-M3-Rtight,0,0,0.0,0.0,0.0,0.0,0.0,0.0,0,0,0.0,0.62890625
D2-N2-M3-Rtight-S1479,N2-M3-Rtight,0,0,0.0,0.0,0.0,0.0,0.0,0.0,0,0,0.0,0.629150390625
D2-N2-M3-Rtight-S1483,N2-M3-Rtight,0,0,0.0,0.0,0.0,0.0,0.0,0.0,0,0,0.0,0.62939453125
D2-N2-M3-Rtight-S1487,N2-M3-Rtight,0,0,0.0,0.0,0.0,0.0,0.0,0.0,0,0,0.0,0.629638671875
D2-N2-M3-Rtight-S1491,N2-M3-Rtight,0,0,0.0,0.0,0.0,0.0,0.0,0.0,0,0,0.0,0.6298828125
D2-N2-M3-Rtight-S1495,N2-M3-Rtight,0,0,0.0,0.0,0.0,0.0,0.0,0.0,0,0,0.0,0.630126953125
D2-N2-M3-Rtight-S1499,N2-M3-Rtight,0,0,0.0,0.0,0.0,0.0,0.0,0.0,0,0,0.0,0.63037109375
D2-N2-M3-Rtight-S1500,N2-M3-Rtight,0,0,0.0,0.0,0.0,0.0,0.0,0.0,0,0,0.0,0.630615234375
D2-N2-M3-Rtight-S1507,N2-M3-Rtight,0,0,0.0,0.0,0.0,0.0,0.0,0.0,0,0,0.0,0.630859375
D2-N2-M3-Rtight-S1511,N2-M3-Rtight,0,0,0.0,0.0,0.0,0.0,0.0,0.0,0,0,0.0,0.631103515625
D2-N2-M5-Rloose-S1005,N2-M5-Rloose,0,0,0.0,0.0,0.0,0.0,0.0,0.0,0,0,0.0,0.63134765625
D2-N2-M5-Rloose-S1073,N2-M5-Rloose,0,0,0.0,0.0,0.0,0.0,0.0,0.0,0,0,0.0,0.631591796875
D2-N2-M5-Rloose-S1085,N2-M5-Rloose,0,0,0.0,0.0,0.0,0.0,0.0,0.0,0,0,0.0,0.6318359375
D2-N2-M5-Rloose-S1101,N2-M5-Rloose,0,0,0.0,0.0,0.0,0.0,0.0,0.0,0,0,0.0,0.632080078125
D2-N2-M5-Rloose-S1113,N2-M5-Rloose,0,0,0.0,0.0,0.0,0.0,0.0,0.0,0,0,0.0,0.63232421875
D2-N2-M5-Rloose-S1201,N2-M5-Rloose,0,0,0.0,0.0,0.0,0.0,0.0,0.0,0,0,0.0,0.632568359375
D2-N2-M5-Rloose-S1225,N2-M5-Rloose,0,0,0.0,0.0,0.0,0.0,0.0,0.0,0,0,0.0,0.6328125
D2-N2-M5-Rloose-S1241,N2-M5-Rloose,0,0,0.0,0.0,0.0,0.0,0.0,0.0,0,0,0.0,0.633056640625
D2-N2-M5-Rloose-S1261,N2-M5-Rloose,0,0,0.0,0.0,0.0,0.0,0.0,0.0,0,0,0.0,0.63330078125
D2-N2-M5-Rloose-S1265,N2-M5-Rloose,0,0,0.0,0.0,0.0,0.0,0.0,0.0,0,0,0.0,0.633544921875
D2-N2-M5-Rloose-S1281,N2-M5-Rloose,0,0,0.0,0.0,0.0,0.0,0.0,0.0,0,0,0.0,0.6337890625
D2-N2-M5-Rloose-S1321,N2-M5-Rloose,0,0,0.0,0.0,0.0,0.0,0.0,0.0,0,0,0.0,0.634033203125
D2-N2-M5-Rloose-S1329,N2-M5-Rloose,0,0,0.0,0.0,0.0,0.0,0.0,0.0,0,0,0.0,0.63427734375
D2-N2-M5-Rloose-S1333,N2-M5-Rloose,0,0,0.0,0.0,0.0,0.0,0.0,0.0,0,0,0.0,0.634521484375
D2-N2-M5-Rloose-S1377,N2-M5-Rloose,0,0,0.0,0.0,0.0,0.0,0.0,0.0,0,0,0.0,0.634765625
D2-N2-M5-Rloose-S1429,N2-M5-Rloose,0,0,0.0,0.0,0.0,0.0,0.0,0.0,0,0,0.0,0.635009765625
D2-N2-M5-Rloose-S1445,N2-M5-Rloose,0,0,0.0,0.0,0.0,0.0,0.0,0.0,0,0,0.0,0.63525390625
D2-N2-M5-Rloose-S1473,N2-M5-Rloose,0,0,0.0,0.0,0.0,0.0,0.0,0.0,0,0,0.0,0.635498046875
D2-N2-M5-Rloose-S1477,N2-M5-Rloose,0,0,0.0,0.0,0.0,0.0,0.0,0.0,0,0,0.0,0.6357421875
D2-N2-M5-Rloose-S1501,N2-M5-Rloose,0,0,0.0,0.0,0.0,0.0,0.0,0.0,0,0,0.0,0.635986328125
D2-N2-M5-Rtight-S1001,N2-M5-Rtight,0,0,0.0,0.0,0.0,0.0,0.0,0.0,0,0,0.0,0.63623046875
D2-N2-M5-Rtight-S1008,N2-M5-Rtight,0,0,0.0,0.0,0.0,0.0,0.0,0.0,0,0,0.0,0.636474609375
D2-N2-M5-Rtight-S1009,N2-M5-Rtight,0,0,0.0,0.0,0.0,0.0,0.0,0.0,0,0,0.0,0.63671875
D2-N2-M5-Rtight-S1013,N2-M5-Rtight,0,0,0.0,0.0,0.0,0.0,0.0,0.0,0,0,0.0,0.636962890625
D2-N2-M5-Rtight-S1017,N2-M5-Rtight,0,0,0.0,0.0,0.0,0.0,0.0,0.0,0,0,0.0,0.63720703125
D2-N2-M5-Rtight-S1020,N2-M5-Rtight,0,0,0.0,0.0,0.0,0.0,0.0,0.0,0,0,0.0,0.637451171875
D2-N2-M5-Rtight-S1021,N2-M5-Rtight,0,0,0.0,0.0,0.0,0.0,0.0,0.0,0,0,0.0,0.6376953125
D2-N2-M5-Rtight-S1025,N2-M5-Rtight,0,0,0.0,0.0,0.0,0.0,0.0,0.0,0,0,0.0,0.637939453125
D2-N2-M5-Rtight-S1029,N2-M5-Rtight,0,0,0.0,0.0,0.0,0.0,0.0,0.0,0,0,0.0,0.63818359375
D2-N2-M5-Rtight-S1033,N2-M5-Rtight,0,0,0.0,0.0,0.0,0.0,0.0,0.0,0,0,0.0,0.638427734375
D2-N2-M5-Rtight-S1041,N2-M5-Rtight,0,0,0.0,0.0,0.0,0.0,0.0,0.0,0,0,0.0,0.638671875
D2-N2-M5-Rtight-S1045,N2-M5-Rtight,0,0,0.0,0.0,0.0,0.0,0.0,0.0,0,0,0.0,0.638916015625
D2-N2-M5-Rtight-S1049,N2-M5-Rtight,0,0,0.0,0.0,0.0,0.0,0.0,0.0,0,0,0.0,0.63916015625
D2-N2-M5-Rtight-S1053,N2-M5-Rtight,0,0,0.0,0.0,0.0,0.0,0.0,0.0,0,0,0.0,0.639404296875
D2-N2-M5-Rtight-S1057,N2-M5-Rtight,0,0,0.0,0.0,0.0,0.0,0.0,0.0,0,0,0.0,0.6396484375
D2-N2-M5-Rtight-S1059,N2-M5-Rtight,0,0,0.0,0.0,0.0,0.0,0.0,0.0,0,0,0.0,0.639892578125
D2-N2-M5-Rtight-S1060,N2-M5-Rtight,0,0,0.0,0.0,0.0,0.0,0.0,0.0,0,0,0.0,0.64013671875
D2-N2-M5-Rtight-S1069,N2-M5-Rtight,0,0,0.0,0.0,0.0,0.0,0.0,0.0,0,0,0.0,0.640380859375
D2-N2-M5-Rtight-S1073,N2-M5-Rtight,0,0,0.0,0.0,0.0,0.0,0.0,0.0,0,0,0.0,0.640625
D2-N2-M5-Rtight-S1076,N2-M5-Rtight,0,0,0.0,0.0,0.0,0.0,0.0,0.0,0,0,0.0,0.640869140625
D2-N2-M5-Rtight-S1077,N2-M5-Rtight,0,0,0.0,0.0,0.0,0.0,0.0,0.0,0,0,0.0,0.64111328125
D2-N2-M5-Rtight-S1081,N2-M5-Rtight,0,0,0.0,0.0,0.0,0.0,0.0,0.0,0,0,0.0,0.641357421875
D2-N2-M5-Rtight-S1085,N2-M5-Rtight,0,0,0.0,0.0,0.0,0.0,0.0,0.0,0,0,0.0,0.6416015625
D2-N2-M5-Rtight-S1087,N2-M5-Rtight,0,0,0.0,0.0,0.0,0.0,0.0,0.0,0,0,0.0,0.641845703125
D2-N2-M5-Rtight-S1089,N2-M5-Rtight,0,0,0.0,0.0,0.0,0.0,0.0,0.0,0,0,0.0,0.64208984375
D2-N2-M5-Rtight-S1096,N2-M5-Rtight,0,0,0.0,0.0,0.0,0.0,0.0,0.0,0,0,0.0,0.642333984375
D2-N2-M5-Rtight-S1101,N2-M5-Rtight,0,0,0.0,0.0,0.0,0.0,0.0,0.0,0,0,0.0,0.642578125
D2-N2-M5-Rtight-S1105,N2-M5-Rtight,0,0,0.0,0.0,0.0,0.0,0.0,0.0,0,0,0.0,0.642822265625
D2-N2-M5-Rtight-S1109,N2-M5-Rtight,0,0,0.0,0.0,0.0,0.0,0.0,0.0,0,0,0.0,0.64306640625
D2-N2-M5-Rtight-S1113,N2-M5-Rtight,0,0,0.0,0.0,0.0,0.0,0.0,0.0,0,0,0.0,0.643310546875
D2-N2-M5-Rtight-S1117,N2-M5-Rtight,0,0,0.0,0.0,0.0,0.0,0.0,0.0,0,0,0.0,0.6435546875
D2-N2-M5-Rtight-S1121,N2-M5-Rtight,0,0,0.0,0.0,0.0,0.0,0.0,0.0,0,0,0.0,0.643798828125
D2-N2-M5-Rtight-S1125,N2-M5-Rtight,0,0,0.0,0.0,0.0,0.0,0.0,0.0,0,0,0.0,0.64404296875
D2-N2-M5-Rtight-S1128,N2-M5-Rtight,0,0,0.0,0.0,0.0,0.0,0.0,0.0,0,0,0.0,0.644287109375
D2-N2-M5-Rtight-S1129,N2-M5-Rtight,0,0,0.0,0.0,0.0,0.0,0.0,0.0,0,0,0.0,0.64453125
D2-N2-M5-Rtight-S1133,N2-M5-Rtight,0,0,0.0,0.0,0.0,0.0,0.0,0.0,0,0,0.0,0.644775390625
D2-N2-M5-Rtight-S1137,N2-M5-Rtight,0,0,0.0,0.0,0.0,0.0,0.0,0.0,0,0,0.0,0.64501953125
D2-N2-M5-Rtight-S1140,N2-M5-Rtight,0,0,0.0,0.0,0.0,0.0,0.0,0.0,0,0,0.0,0.645263671875
D2-N2-M5-Rtight-S1141,N2-M5-Rtight,0,0,0.0,0.0,0.0,0.0,0.0,0.0,0,0,0.0,0.6455078125
D2-N2-M5-Rtight-S1144,N2-M5-Rtight,0,0,0.0,0.0,0.0,0.0,0.0,0.0,0,0,0.0,0.645751953125
D2-N2-M5-Rtight-S1149,N2-M5-Rtight,0,0,0.0,0.0,0.0,0.0,0.0,0.0,0,0,0.0,0.64599609375
D2-N2-M5-Rtight-S1152,N2-M5-Rtight,0,0,0.0,0.0,0.0,0.0,0.0,0.0,0,0,0.0,0.646240234375
D2-N2-M5-Rtight-S1153,N2-M5-Rtight,0,0,0.0,0.0,0.0,0.0,0.0,0.0,0,0,0.0,0.646484375
D2-N2-M5-Rtight-S1157,N2-M5-Rtight,0,0,0.0,0.0,0.0,0.0,0.0,0.0,0,0,0.0,0.646728515625
D2-N2-M5-Rtight-S1164,N2-M5-Rtight,0,0,0.0,0.0,0.0,0.0,0.0,0.0,0,0,0.0,0.64697265625
D2-N2-M5-Rtight-S1165,N2-M5-Rtight,0,0,0.0,0.0,0.0,0.0,0.0,0.0,0,0,0.0,0.647216796875
D2-N2-M5-Rtight-S1169,N2-M5-Rtight,0,0,0.0,0.0,0.0,0.0,0.0,0.0,0,0,0.0,0.6474609375
D2-N2-M5-Rtight-S1173,N2-M5-Rtight,0,0,0.0,0.0,0.0,0.0,0.0,0.0,0,0,0.0,0.647705078125
D2-N2-M5-Rtight-S1180,N2-M5-Rtight,0,0,0.0,0.0,0.0,0.0,0.0,0.0,0,0,0.0,0.64794921875
D2-N2-M5-Rtight-S1185,N2-M5-Rtight,0,0,0.0,0.0,0.0,0.0,0.0,0.0,0,0,0.0,0.648193359375
D2-N2-M5-Rtight-S1189,N2-M5-Rtight,0,0,0.0,0.0,0.0,0.0,0.0,0.0,0,0,0.0,0.6484375
D2-N2-M5-Rtight-S1197,N2-M5-Rtight,0,0,0.0,0.0,0.0,0.0,0.0,0.0,0,0,0.0,0.648681640625
D2-N2-M5-Rtight-S1205,N2-M5-Rtight,0,0,0.0,0.0,0.0,0.0,0.0,0.0,0,0,0.0,0.64892578125
D2-N2-M5-Rtight-S1209,N2-M5-Rtight,0,0,0.0,0.0,0.0,0.0,0.0,0.0,0,0,0.0,0.649169921875
D2-N2-M5-Rtight-S1211,N2-M5-Rtight,0,0,0.0,0.0,0.0,0.0,0.0,0.0,0,0,0.0,0.6494140625
D2-N2-M5-Rtight-S1213,N2-M5-Rtight,0,0,0.0,0.0,0.0,0.0,0.0,0.0,0,0,0.0,0.649658203125
D2-N2-M5-Rtight-S1215,N2-M5-Rtight,0,0,0.0,0.0,0.0,0.0,0.0,0.0,0,0,0.0,0.64990234375
D2-N2-M5-Rtight-S1217,N2-M5-Rtight,0,0,0.0,0.0,0.0,0.0,0.0,0.0,0,0,0.0,0.650146484375
D2-N2-M5-Rtight-S1221,N2-M5-Rtight,0,0,0.0,0.0,0.0,0.0,0.0,0.0,0,0,0.0,0.650390625
D2-N2-M5-Rtight-S1224,N2-M5-Rtight,0,0,0.0,0.0,0.0,0.0,0.0,0.0,0,0,0.0,0.650634765625
D2-N2-M5-Rtight-S1225,N2-M5-Rtight,0,0,0.0,0.0,0.0,0.0,0.0,0.0,0,0,0.0,0.65087890625
D2-N2-M5-Rtight-S1229,N2-M5-Rtight,0,0,0.0,0.0,0.0,0.0,0.0,0.0,0,0,0.0,0.651123046875
D2-N2-M5-Rtight-S1233,N2-M5-Rtight,0,0,0.0,0.0,0.0,0.0,0.0,0.0,0,0,0.0,0.6513671875
D2-N2-M5-Rtight-S1235,N2-M5-Rtight,0,0,0.0,0.0,0.0,0.0,0.0,0.0,0,0,0.0,0.651611328125
D2-N2-M5-Rtight-S1241,N2-M5-Rtight,0,0,0.0,0.0,0.0,0.0,0.0,0.0,0,0,0.0,0.65185546875
D2-N2-M5-Rtight-S1244,N2-M5-Rtight,0,0,0.0,0.0,0.0,0.0,0.0,0.0,0,0,0.0,0.652099609375
D2-N2-M5-Rtight-S1245,N2-M5-Rtight,0,0,0.0,0.0,0.0,0.0,0.0,0.0,0,0,0.0,0.65234375
D2-N2-M5-Rtight-S1247,N2-M5-Rtight,0,0,0.0,0.0,0.0,0.0,0.0,0.0,0,0,0.0,0.652587890625
D2-N2-M5-Rtight-S1253,N2-M5-Rtight,0,0,0.0,0.0,0.0,0.0,0.0,0.0,0,0,0.0,0.65283203125
D2-N2-M5-Rtight-S1257,N2-M5-Rtight,0,0,0.0,0.0,0.0,0.0,0.0,0.0,0,0,0.0,0.653076171875
D2-N2-M5-Rtight-S1259,N2-M5-Rtight,0,0,0.0,0.0,0.0,0.0,0.0,0.0,0,0,0.0,0.6533203125
D2-N2-M5-Rtight-S1265,N2-M5-Rtight,0,0,0.0,0.0,0.0,0.0,0.0,0.0,0,0,0.0,0.653564453125
D2-N2-M5-Rtight-S1266,N2-M5-Rtight,0,0,0.0,0.0,0.0,0.0,0.0,0.0,0,0,0.0,0.65380859375
D2-N2-M5-Rtight-S1268,N2-M5-Rtight,0,0,0.0,0.0,0.0,0.0,0.0,0.0,0,0,0.0,0.654052734375
D2-N2-M5-Rtight-S1269,N2-M5-Rtight,0,0,0.0,0.0,0.0,0.0,0.0,0.0,0,0,0.0,0.654296875
D2-N2-M5-Rtight-S1275,N2-M5-Rtight,0,0,0.0,0.0,0.0,0.0,0.0,0.0,0,0,0.0,0.654541015625
D2-N2-M5-Rtight-S1276,N2-M5-Rtight,0,0,0.0,0.0,0.0,0.0,0.0,0.0,0,0,0.0,0.65478515625
D2-N2-M5-Rtight-S1277,N2-M5-Rtight,0,0,0.0,0.0,0.0,0.0,0.0,0.0,0,0,0.0,0.655029296875
D2-N2-M5-Rtight-S1281,N2-M5-Rtight,0,0,0.0,0.0,0.0,0.0,0.0,0.0,0,0,0.0,0.6552734375
D2-N2-M5-Rtight-S1285,N2-M5-Rtight,0,0,0.0,0.0,0.0,0.0,0.0,0.0,0,0,0.0,0.655517578125
D2-N2-M5-Rtight-S1289,N2-M5-Rtight,0,0,0.0,0.0,0.0,0.0,0.0,0.0,0,0,0.0,0.65576171875
D2-N2-M5-Rtight-S1297,N2-M5-Rtight,0,0,0.0,0.0,0.0,0.0,0.0,0.0,0,0,0.0,0.656005859375
D2-N2-M5-Rtight-S1301,N2-M5-Rtight,0,0,0.0,0.0,0.0,0.0,0.0,0.0,0,0,0.0,0.65625
D2-N2-M5-Rtight-S1304,N2-M5-Rtight,0,0,0.0,0.0,0.0,0.0,0.0,0.0,0,0,0.0,0.656494140625
D2-N2-M5-Rtight-S1305,N2-M5-Rtight,0,0,0.0,0.0,0.0,0.0,0.0,0.0,0,0,0.0,0.65673828125
D2-N2-M5-Rtight-S1309,N2-M5-Rtight,0,0,0.0,0.0,0.0,0.0,0.0,0.0,0,0,0.0,0.656982421875
D2-N2-M5-Rtight-S1313,N2-M5-Rtight,0,0,0.0,0.0,0.0,0.0,0.0,0.0,0,0,0.0,0.6572265625
D2-N2-M5-Rtight-S1317,N2-M5-Rtight,0,0,0.0,0.0,0.0,0.0,0.0,0.0,0,0,0.0,0.657470703125
D2-N2-M5-Rtight-S1321,N2-M5-Rtight,0,0,0.0,0.0,0.0,0.0,0.0,0.0,0,0,0.0,0.65771484375
D2-N2-M5-Rtight-S1327,N2-M5-Rtight,0,0,0.0,0.0,0.0,0.0,0.0,0.0,0,0,0.0,0.657958984375
D2-N2-M5-Rtight-S1329,N2-M5-Rtight,0,0,0.0,0.0,0.0,0.0,0.0,0.0,0,0,0.0,0.658203125
D2-N2-M5-Rtight-S1333,N2-M5-Rtight,0,0,0.0,0.0,0.0,0.0,0.0,0.0,0,0,0.0,0.658447265625
D2-N2-M5-Rtight-S1335,N2-M5-Rtight,0,0,0.0,0.0,0.0,0.0,0.0,0.0,0,0,0.0,0.65869140625
D2-N2-M5-Rtight-S1337,N2-M5-Rtight,0,0,0.0,0.0,0.0,0.0,0.0,0.0,0,0,0.0,0.658935546875
D2-N2-M5-Rtight-S1341,N2-M5-Rtight,0,0,0.0,0.0,0.0,0.0,0.0,0.0,0,0,0.0,0.6591796875
D2-N2-M5-Rtight-S1344,N2-M5-Rtight,0,0,0.0,0.0,0.0,0.0,0.0,0.0,0,0,0.0,0.659423828125
D2-N2-M5-Rtight-S1345,N2-M5-Rtight,0,0,0.0,0.0,0.0,0.0,0.0,0.0,0,0,0.0,0.65966796875
D2-N2-M5-Rtight-S1349,N2-M5-Rtight,0,0,0.0,0.0,0.0,0.0,0.0,0.0,0,0,0.0,0.659912109375
D2-N2-M5-Rtight-S1351,N2-M5-Rtight,0,0,0.0,0.0,0.0,0.0,0.0,0.0,0,0,0.0,0.66015625
D2-N2-M5-Rtight-S1353,N2-M5-Rtight,0,0,0.0,0.0,0.0,0.0,0.0,0.0,0,0,0.0,0.660400390625
D2-N2-M5-Rtight-S1357,N2-M5-Rtight,0,0,0.0,0.0,0.0,0.0,0.0,0.0,0,0,0.0,0.66064453125
D2-N2-M5-Rtight-S1361,N2-M5-Rtight,0,0,0.0,0.0,0.0,0.0,0.0,0.0,0,0,0.0,0.660888671875
D2-N2-M5-Rtight-S1365,N2-M5-Rtight,0,0,0.0,0.0,0.0,0.0,0.0,0.0,0,0,0.0,0.6611328125
D2-N2-M5-Rtight-S1369,N2-M5-Rtight,0,0,0.0,0.0,0.0,0.0,0.0,0.0,0,0,0.0,0.661376953125
D2-N2-M5-Rtight-S1371,N2-M5-Rtight,0,0,0.0,0.0,0.0,0.0,0.0,0.0,0,0,0.0,0.66162109375
D2-N2-M5-Rtight-S1372,N2-M5-Rtight,0,0,0.0,0.0,0.0,0.0,0.0,0.0,0,0,0.0,0.661865234375
D2-N2-M5-Rtight-S1373,N2-M5-Rtight,0,0,0.0,0.0,0.0,0.0,0.0,0.0,0,0,0.0,0.662109375
D2-N2-M5-Rtight-S1381,N2-M5-Rtight,0,0,0.0,0.0,0.0,0.0,0.0,0.0,0,0,0.0,0.662353515625
D2-N2-M5-Rtight-S1385,N2-M5-Rtight,0,0,0.0,0.0,0.0,0.0,0.0,0.0,0,0,0.0,0.66259765625
D2-N2-M5-Rtight-S1393,N2-M5-Rtight,0,0,0.0,0.0,0.0,0.0,0.0,0.0,0,0,0.0,0.662841796875
D2-N2-M5-Rtight-S1397,N2-M5-Rtight,0,0,0.0,0.0,0.0,0.0,0.0,0.0,0,0,0.0,0.6630859375
D2-N2-M5-Rtight-S1399,N2-M5-Rtight,0,0,0.0,0.0,0.0,0.0,0.0,0.0,0,0,0.0,0.663330078125
D2-N2-M5-Rtight-S1401,N2-M5-Rtight,0,0,0.0,0.0,0.0,0.0,0.0,0.0,0,0,0.0,0.66357421875
D2-N2-M5-Rtight-S1405,N2-M5-Rtight,0,0,0.0,0.0,0.0,0.0,0.0,0.0,0,0,0.0,0.663818359375
D2-N2-M5-Rtight-S1407,N2-M5-Rtight,0,0,0.0,0.0,0.0,0.0,0.0,0.0,0,0,0.0,0.6640625
D2-N2-M5-Rtight-S1409,N2-M5-Rtight,0,0,0.0,0.0,0.0,0.0,0.0,0.0,0,0,0.0,0.664306640625
D2-N2-M5-Rtight-S1413,N2-M5-Rtight,0,0,0.0,0.0,0.0,0.0,0.0,0.0,0,0,0.0,0.66455078125
D2-N2-M5-Rtight-S1415,N2-M5-Rtight,0,0,0.0,0.0,0.0,0.0,0.0,0.0,0,0,0.0,0.664794921875
D2-N2-M5-Rtight-S1417,N2-M5-Rtight,0,0,0.0,0.0,0.0,0.0,0.0,0.0,0,0,0.0,0.6650390625
D2-N2-M5-Rtight-S1421,N2-M5-Rtight,0,0,0.0,0.0,0.0,0.0,0.0,0.0,0,0,0.0,0.665283203125
D2-N2-M5-Rtight-S1424,N2-M5-Rtight,0,0,0.0,0.0,0.0,0.0,0.0,0.0,0,0,0.0,0.66552734375
D2-N2-M5-Rtight-S1425,N2-M5-Rtight,0,0,0.0,0.0,0.0,0.0,0.0,0.0,0,0,0.0,0.665771484375
D2-N2-M5-Rtight-S1429,N2-M5-Rtight,0,0,0.0,0.0,0.0,0.0,0.0,0.0,0,0,0.0,0.666015625
D2-N2-M5-Rtight-S1432,N2-M5-Rtight,0,0,0.0,0.0,0.0,0.0,0.0,0.0,0,0,0.0,0.666259765625
D2-N2-M5-Rtight-S1433,N2-M5-Rtight,0,0,0.0,0.0,0.0,0.0,0.0,0.0,0,0,0.0,0.66650390625
D2-N2-M5-Rtight-S1437,N2-M5-Rtight,0,0,0.0,0.0,0.0,0.0,0.0,0.0,0,0,0.0,0.666748046875
D2-N2-M5-Rtight-S1441,N2-M5-Rtight,0,0,0.0,0.0,0.0,0.0,0.0,0.0,0,0,0.0,0.6669921875
D2-N2-M5-Rtight-S1445,N2-M5-Rtight,0,0,0.0,0.0,0.0,0.0,0.0,0.0,0,0,0.0,0.667236328125
D2-N2-M5-Rtight-S1449,N2-M5-Rtight,0,0,0.0,0.0,0.0,0.0,0.0,0.0,0,0,0.0,0.66748046875
D2-N2-M5-Rtight-S1453,N2-M5-Rtight,0,0,0.0,0.0,0.0,0.0,0.0,0.0,0,0,0.0,0.667724609375
D2-N2-M5-Rtight-S1459,N2-M5-Rtight,0,0,0.0,0.0,0.0,0.0,0.0,0.0,0,0,0.0,0.66796875
D2-N2-M5-Rtight-S1460,N2-M5-Rtight,0,0,0.0,0.0,0.0,0.0,0.0,0.0,0,0,0.0,0.668212890625
D2-N2-M5-Rtight-S1461,N2-M5-Rtight,0,0,0.0,0.0,0.0,0.0,0.0,0.0,0,0,0.0,0.66845703125
D2-N2-M5-Rtight-S1463,N2-M5-Rtight,0,0,0.0,0.0,0.0,0.0,0.0,0.0,0,0,0.0,0.668701171875
D2-N2-M5-Rtight-S1465,N2-M5-Rtight,0,0,0.0,0.0,0.0,0.0,0.0,0.0,0,0,0.0,0.6689453125
D2-N2-M5-Rtight-S1469,N2-M5-Rtight,0,0,0.0,0.0,0.0,0.0,0.0,0.0,0,0,0.0,0.669189453125
D2-N2-M5-Rtight-S1473,N2-M5-Rtight,0,0,0.0,0.0,0.0,0.0,0.0,0.0,0,0,0.0,0.66943359375
D2-N2-M5-Rtight-S1475,N2-M5-Rtight,0,0,0.0,0.0,0.0,0.0,0.0,0.0,0,0,0.0,0.669677734375
D2-N2-M5-Rtight-S1477,N2-M5-Rtight,0,0,0.0,0.0,0.0,0.0,0.0,0.0,0,0,0.0,0.669921875
D2-N2-M5-Rtight-S1479,N2-M5-Rtight,0,0,0.0,0.0,0.0,0.0,0.0,0.0,0,0,0.0,0.670166015625
D2-N2-M5-Rtight-S1481,N2-M5-Rtight,0,0,0.0,0.0,0.0,0.0,0.0,0.0,0,0,0.0,0.67041015625
D2-N2-M5-Rtight-S1483,N2-M5-Rtight,0,0,0.0,0.0,0.0,0.0,0.0,0.0,0,0,0.0,0.670654296875
D2-N2-M5-Rtight-S1485,N2-M5-Rtight,0,0,0.0,0.0,0.0,0.0,0.0,0.0,0,0,0.0,0.6708984375
D2-N2-M5-Rtight-S1489,N2-M5-Rtight,0,0,0.0,0.0,0.0,0.0,0.0,0.0,0,0,0.0,0.671142578125
D2-N2-M5-Rtight-S1493,N2-M5-Rtight,0,0,0.0,0.0,0.0,0.0,0.0,0.0,0,0,0.0,0.67138671875
D2-N2-M5-Rtight-S1497,N2-M5-Rtight,0,0,0.0,0.0,0.0,0.0,0.0,0.0,0,0,0.0,0.671630859375
D2-N2-M5-Rtight-S1500,N2-M5-Rtight,0,0,0.0,0.0,0.0,0.0,0.0,0.0,0,0,0.0,0.671875
D2-N2-M5-Rtight-S1501,N2-M5-Rtight,0,0,0.0,0.0,0.0,0.0,0.0,0.0,0,0,0.0,0.672119140625
D2-N2-M5-Rtight-S1503,N2-M5-Rtight,0,0,0.0,0.0,0.0,0.0,0.0,0.0,0,0,0.0,0.67236328125
D2-N2-M5-Rtight-S1505,N2-M5-Rtight,0,0,0.0,0.0,0.0,0.0,0.0,0.0,0,0,0.0,0.672607421875
D2-N2-M5-Rtight-S1509,N2-M5-Rtight,0,0,0.0,0.0,0.0,0.0,0.0,0.0,0,0,0.0,0.6728515625
D2-N3-M3-Rtight-S1003,N3-M3-Rtight,0,0,0.0,0.0,0.0,0.0,0.0,0.0,0,0,0.0,0.673095703125
D2-N3-M3-Rtight-S1011,N3-M3-Rtight,0,0,0.0,0.0,0.0,0.0,0.0,0.0,0,0,0.0,0.67333984375
D2-N3-M3-Rtight-S1015,N3-M3-Rtight,0,0,0.0,0.0,0.0,0.0,0.0,0.0,0,0,0.0,0.673583984375
D2-N3-M3-Rtight-S1023,N3-M3-Rtight,0,0,0.0,0.0,0.0,0.0,0.0,0.0,0,0,0.0,0.673828125
D2-N3-M3-Rtight-S1027,N3-M3-Rtight,0,0,0.0,0.0,0.0,0.0,0.0,0.0,0,0,0.0,0.674072265625
D2-N3-M3-Rtight-S1031,N3-M3-Rtight,0,0,0.0,0.0,0.0,0.0,0.0,0.0,0,0,0.0,0.67431640625
D2-N3-M3-Rtight-S1039,N3-M3-Rtight,0,0,0.0,0.0,0.0,0.0,0.0,0.0,0,0,0.0,0.674560546875
D2-N3-M3-Rtight-S1040,N3-M3-Rtight,0,0,0.0,0.0,0.0,0.0,0.0,0.0,0,0,0.0,0.6748046875
D2-N3-M3-Rtight-S1047,N3-M3-Rtight,0,0,0.0,0.0,0.0,0.0,0.0,0.0,0,0,0.0,0.675048828125
D2-N3-M3-Rtight-S1051,N3-M3-Rtight,0,0,0.0,0.0,0.0,0.0,0.0,0.0,0,0,0.0,0.67529296875
D2-N3-M3-Rtight-S1055,N3-M3-Rtight,0,0,0.0,0.0,0.0,0.0,0.0,0.0,0,0,0.0,0.675537109375
D2-N3-M3-Rtight-S1057,N3-M3-Rtight,0,0,0.0,0.0,0.0,0.0,0.0,0.0,0,0,0.0,0.67578125
D2-N3-M3-Rtight-S1059,N3-M3-Rtight,0,0,0.0,0.0,0.0,0.0,0.0,0.0,0,0,0.0,0.676025390625
D2-N3-M3-Rtight-S1071,N3-M3-Rtight,0,0,0.0,0.0,0.0,0.0,0.0,0.0,0,0,0.0,0.67626953125
D2-N3-M3-Rtight-S1075,N3-M3-Rtight,0,0,0.0,0.0,0.0,0.0,0.0,0.0,0,0,0.0,0.676513671875
D2-N3-M3-Rtight-S1079,N3-M3-Rtight,0,0,0.0,0.0,0.0,0.0,0.0,0.0,0,0,0.0,0.6767578125
D2-N3-M3-Rtight-S1083,N3-M3-Rtight,0,0,0.0,0.0,0.0,0.0,0.0,0.0,0,0,0.0,0.677001953125
D2-N3-M3-Rtight-S1087,N3-M3-Rtight,0,0,0.0,0.0,0.0,0.0,0.0,0.0,0,0,0.0,0.67724609375
D2-N3-M3-Rtight-S1091,N3-M3-Rtight,0,0,0.0,0.0,0.0,0.0,0.0,0.0,0,0,0.0,0.677490234375
D2-N3-M3-Rtight-S1095,N3-M3-Rtight,0,0,0.0,0.0,0.0,0.0,0.0,0.0,0,0,0.0,0.677734375
D2-N3-M3-Rtight-S1103,N3-M3-Rtight,0,0,0.0,0.0,0.0,0.0,0.0,0.0,0,0,0.0,0.677978515625
D2-N3-M3-Rtight-S1107,N3-M3-Rtight,0,0,0.0,0.0,0.0,0.0,0.0,0.0,0,0,0.0,0.67822265625
D2-N3-M3-Rtight-S1111,N3-M3-Rtight,0,0,0.0,0.0,0.0,0.0,0.0,0.0,0,0,0.0,0.678466796875
D2-N3-M3-Rtight-S1115,N3-M3-Rtight,0,0,0.0,0.0,0.0,0.0,0.0,0.0,0,0,0.0,0.6787109375
D2-N3-M3-Rtight-S1119,N3-M3-Rtight,0,0,0.0,0.0,0.0,0.0,0.0,0.0,0,0,0.0,0.678955078125
D2-N3-M3-Rtight-S1123,N3-M3-Rtight,0,0,0.0,0.0,0.0,0.0,0.0,0.0,0,0,0.0,0.67919921875
D2-N3-M3-Rtight-S1125,N3-M3-Rtight,0,0,0.0,0.0,0.0,0.0,0.0,0.0,0,0,0.0,0.679443359375
D2-N3-M3-Rtight-S1127,N3-M3-Rtight,0,0,0.0,0.0,0.0,0.0,0.0,0.0,0,0,0.0,0.6796875
D2-N3-M3-Rtight-S1131,N3-M3-Rtight,0,0,0.0,0.0,0.0,0.0,0.0,0.0,0,0,0.0,0.679931640625
D2-N3-M3-Rtight-S1132,N3-M3-Rtight,0,0,0.0,0.0,0.0,0.0,0.0,0.0,0,0,0.0,0.68017578125
D2-N3-M3-Rtight-S1135,N3-M3-Rtight,0,0,0.0,0.0,0.0,0.0,0.0,0.0,0,0,0.0,0.680419921875
D2-N3-M3-Rtight-S1139,N3-M3-Rtight,0,0,0.0,0.0,0.0,0.0,0.0,0.0,0,0,0.0,0.6806640625
D2-N3-M3-Rtight-S1140,N3-M3-Rtight,0,0,0.0,0.0,0.0,0.0,0.0,0.0,0,0,0.0,0.680908203125
D2-N3-M3-Rtight-S1147,N3-M3-Rtight,0,0,0.0,0.0,0.0,0.0,0.0,0.0,0,0,0.0,0.68115234375
D2-N3-M3-Rtight-S1148,N3-M3-Rtight,0,0,0.0,0.0,0.0,0.0,0.0,0.0,0,0,0.0,0.681396484375
D2-N3-M3-Rtight-S1155,N3-M3-Rtight,0,0,0.0,0.0,0.0,0.0,0.0,0.0,0,0,0.0,0.681640625
D2-N3-M3-Rtight-S1163,N3-M3-Rtight,0,0,0.0,0.0,0.0,0.0,0.0,0.0,0,0,0.0,0.681884765625
D2-N3-M3-Rtight-S1179,N3-M3-Rtight,0,0,0.0,0.0,0.0,0.0,0.0,0.0,0,0,0.0,0.68212890625
D2-N3-M3-Rtight-S1183,N3-M3-Rtight,0,0,0.0,0.0,0.0,0.0,0.0,0.0,0,0,0.0,0.682373046875
D2-N3-M3-Rtight-S1184,N3-M3-Rtight,0,0,0.0,0.0,0.0,0.0,0.0,0.0,0,0,0.0,0.6826171875
D2-N3-M3-Rtight-S1187,N3-M3-Rtight,0,0,0.0,0.0,0.0,0.0,0.0,0.0,0,0,0.0,0.682861328125
D2-N3-M3-Rtight-S1195,N3-M3-Rtight,0,0,0.0,0.0,0.0,0.0,0.0,0.0,0,0,0.0,0.68310546875
D2-N3-M3-Rtight-S1197,N3-M3-Rtight,0,0,0.0,0.0,0.0,0.0,0.0,0.0,0,0,0.0,0.683349609375
D2-N3-M3-Rtight-S1199,N3-M3-Rtight,0,0,0.0,0.0,0.0,0.0,0.0,0.0,0,0,0.0,0.68359375
D2-N3-M3-Rtight-S1203,N3-M3-Rtight,0,0,0.0,0.0,0.0,0.0,0.0,0.0,0,0,0.0,0.683837890625
D2-N3-M3-Rtight-S1215,N3-M3-Rtight,0,0,0.0,0.0,0.0,0.0,0.0,0.0,0,0,0.0,0.68408203125
D2-N3-M3-Rtight-S1223,N3-M3-Rtight,0,0,0.0,0.0,0.0,0.0,0.0,0.0,0,0,0.0,0.684326171875
D2-N3-M3-Rtight-S1227,N3-M3-Rtight,0,0,0.0,0.0,0.0,0.0,0.0,0.0,0,0,0.0,0.6845703125
D2-N3-M3-Rtight-S1231,N3-M3-Rtight,0,0,0.0,0.0,0.0,0.0,0.0,0.0,0,0,0.0,0.684814453125
D2-N3-M3-Rtight-S1235,N3-M3-Rtight,0,0,0.0,0.0,0.0,0.0,0.0,0.0,0,0,0.0,0.68505859375
D2-N3-M3-Rtight-S1239,N3-M3-Rtight,0,0,0.0,0.0,0.0,0.0,0.0,0.0,0,0,0.0,0.685302734375
D2-N3-M3-Rtight-S1243,N3-M3-Rtight,0,0,0.0,0.0,0.0,0.0,0.0,0.0,0,0,0.0,0.685546875
D2-N3-M3-Rtight-S1247,N3-M3-Rtight,0,0,0.0,0.0,0.0,0.0,0.0,0.0,0,0,0.0,0.685791015625
D2-N3-M3-Rtight-S1251,N3-M3-Rtight,0,0,0.0,0.0,0.0,0.0,0.0,0.0,0,0,0.0,0.68603515625
D2-N3-M3-Rtight-S1263,N3-M3-Rtight,0,0,0.0,0.0,0.0,0.0,0.0,0.0,0,0,0.0,0.686279296875
D2-N3-M3-Rtight-S1264,N3-M3-Rtight,0,0,0.0,0.0,0.0,0.0,0.0,0.0,0,0,0.0,0.6865234375
D2-N3-M3-Rtight-S1265,N3-M3-Rtight,0,0,0.0,0.0,0.0,0.0,0.0,0.0,0,0,0.0,0.686767578125
D2-N3-M3-Rtight-S1271,N3-M3-Rtight,0,0,0.0,0.0,0.0,0.0,0.0,0.0,0,0,0.0,0.68701171875
D2-N3-M3-Rtight-S1279,N3-M3-Rtight,0,0,0.0,0.0,0.0,0.0,0.0,0.0,0,0,0.0,0.687255859375
D2-N3-M3-Rtight-S1291,N3-M3-Rtight,0,0,0.0,0.0,0.0,0.0,0.0,0.0,0,0,0.0,0.6875
D2-N3-M3-Rtight-S1295,N3-M3-Rtight,0,0,0.0,0.0,0.0,0.0,0.0,0.0,0,0,0.0,0.687744140625
D2-N3-M3-Rtight-S1299,N3-M3-Rtight,0,0,0.0,0.0,0.0,0.0,0.0,0.0,0,0,0.0,0.68798828125
D2-N3-M3-Rtight-S1307,N3-M3-Rtight,0,0,0.0,0.0,0.0,0.0,0.0,0.0,0,0,0.0,0.688232421875
D2-N3-M3-Rtight-S1311,N3-M3-Rtight,0,0,0.0,0.0,0.0,0.0,0.0,0.0,0,0,0.0,0.6884765625
D2-N3-M3-Rtight-S1313,N3-M3-Rtight,0,0,0.0,0.0,0.0,0.0,0.0,0.0,0,0,0.0,0.688720703125
D2-N3-M3-Rtight-S1319,N3-M3-Rtight,0,0,0.0,0.0,0.0,0.0,0.0,0.0,0,0,0.0,0.68896484375
D2-N3-M3-Rtight-S1321,N3-M3-Rtight,0,0,0.0,0.0,0.0,0.0,0.0,0.0,0,0,0.0,0.689208984375
D2-N3-M3-Rtight-S1327,N3-M3-Rtight,0,0,0.0,0.0,0.0,0.0,0.0,0.0,0,0,0.0,0.689453125
D2-N3-M3-Rtight-S1331,N3-M3-Rtight,0,0,0.0,0.0,0.0,0.0,0.0,0.0,0,0,0.0,0.689697265625
D2-N3-M3-Rtight-S1347,N3-M3-Rtight,0,0,0.0,0.0,0.0,0.0,0.0,0.0,0,0,0.0,0.68994140625
D2-N3-M3-Rtight-S1351,N3-M3-Rtight,0,0,0.0,0.0,0.0,0.0,0.0,0.0,0,0,0.0,0.690185546875
D2-N3-M3-Rtight-S1355,N3-M3-Rtight,0,0,0.0,0.0,0.0,0.0,0.0,0.0,0,0,0.0,0.6904296875
D2-N3-M3-Rtight-S1357,N3-M3-Rtight,0,0,0.0,0.0,0.0,0.0,0.0,0.0,0,0,0.0,0.690673828125
D2-N3-M3-Rtight-S1359,N3-M3-Rtight,0,0,0.0,0.0,0.0,0.0,0.0,0.0,0,0,0.0,0.69091796875
D2-N3-M3-Rtight-S1367,N3-M3-Rtight,0,0,0.0,0.0,0.0,0.0,0.0,0.0,0,0,0.0,0.691162109375
D2-N3-M3-Rtight-S1371,N3-M3-Rtight,0,0,0.0,0.0,0.0,0.0,0.0,0.0,0,0,0.0,0.69140625
D2-N3-M3-Rtight-S1375,N3-M3-Rtight,0,0,0.0,0.0,0.0,0.0,0.0,0.0,0,0,0.0,0.691650390625
D2-N3-M3-Rtight-S1377,N3-M3-Rtight,0,0,0.0,0.0,0.0,0.0,0.0,0.0,0,0,0.0,0.69189453125
D2-N3-M3-Rtight-S1379,N3-M3-Rtight,0,0,0.0,0.0,0.0,0.0,0.0,0.0,0,0,0.0,0.692138671875
D2-N3-M3-Rtight-S1383,N3-M3-Rtight,0,0,0.0,0.0,0.0,0.0,0.0,0.0,0,0,0.0,0.6923828125
D2-N3-M3-Rtight-S1384,N3-M3-Rtight,0,0,0.0,0.0,0.0,0.0,0.0,0.0,0,0,0.0,0.692626953125
D2-N3-M3-Rtight-S1387,N3-M3-Rtight,0,0,0.0,0.0,0.0,0.0,0.0,0.0,0,0,0.0,0.69287109375
D2-N3-M3-Rtight-S1391,N3-M3-Rtight,0,0,0.0,0.0,0.0,0.0,0.0,0.0,0,0,0.0,0.693115234375
D2-N3-M3-Rtight-S1395,N3-M3-Rtight,0,0,0.0,0.0,0.0,0.0,0.0,0.0,0,0,0.0,0.693359375
D2-N3-M3-Rtight-S1399,N3-M3-Rtight,0,0,0.0,0.0,0.0,0.0,0.0,0.0,0,0,0.0,0.693603515625
D2-N3-M3-Rtight-S1407,N3-M3-Rtight,0,0,0.0,0.0,0.0,0.0,0.0,0.0,0,0,0.0,0.69384765625
D2-N3-M3-Rtight-S1415,N3-M3-Rtight,0,0,0.0,0.0,0.0,0.0,0.0,0.0,0,0,0.0,0.694091796875
D2-N3-M3-Rtight-S1419,N3-M3-Rtight,0,0,0.0,0.0,0.0,0.0,0.0,0.0,0,0,0.0,0.6943359375
D2-N3-M3-Rtight-S1427,N3-M3-Rtight,0,0,0.0,0.0,0.0,0.0,0.0,0.0,0,0,0.0,0.694580078125
D2-N3-M3-Rtight-S1431,N3-M3-Rtight,0,0,0.0,0.0,0.0,0.0,0.0,0.0,0,0,0.0,0.69482421875
D2-N3-M3-Rtight-S1439,N3-M3-Rtight,0,0,0.0,0.0,0.0,0.0,0.0,0.0,0,0,0.0,0.695068359375
D2-N3-M3-Rtight-S1443,N3-M3-Rtight,0,0,0.0,0.0,0.0,0.0,0.0,0.0,0,0,0.0,0.6953125
D2-N3-M3-Rtight-S1451,N3-M3-Rtight,0,0,0.0,0.0,0.0,0.0,0.0,0.0,0,0,0.0,0.695556640625
D2-N3-M3-Rtight-S1455,N3-M3-Rtight,0,0,0.0,0.0,0.0,0.0,0.0,0.0,0,0,0.0,0.69580078125
D2-N3-M3-Rtight-S1459,N3-M3-Rtight,0,0,0.0,0.0,0.0,0.0,0.0,0.0,0,0,0.0,0.696044921875
D2-N3-M3-Rtight-S1463,N3-M3-Rtight,0,0,0.0,0.0,0.0,0.0,0.0,0.0,0,0,0.0,0.6962890625
D2-N3-M3-Rtight-S1467,N3-M3-Rtight,0,0,0.0,0.0,0.0,0.0,0.0,0.0,0,0,0.0,0.696533203125
D2-N3-M3-Rtight-S1471,N3-M3-Rtight,0,0,0.0,0.0,0.0,0.0,0.0,0.0,0,0,0.0,0.69677734375
D2-N3-M3-Rtight-S1475,N3-M3-Rtight,0,0,0.0,0.0,0.0,0.0,0.0,0.0,0,0,0.0,0.697021484375
D2-N3-M3-Rtight-S1477,N3-M3-Rtight,0,0,0.0,0.0,0.0,0.0,0.0,0.0,0,0,0.0,0.697265625
D2-N3-M3-Rtight-S1479,N3-M3-Rtight,0,0,0.0,0.0,0.0,0.0,0.0,0.0,0,0,0.0,0.697509765625
D2-N3-M3-Rtight-S1484,N3-M3-Rtight,0,0,0.0,0.0,0.0,0.0,0.0,0.0,0,0,0.0,0.69775390625
D2-N3-M3-Rtight-S1487,N3-M3-Rtight,0,0,0.0,0.0,0.0,0.0,0.0,0.0,0,0,0.0,0.697998046875
D2-N3-M3-Rtight-S1491,N3-M3-Rtight,0,0,0.0,0.0,0.0,0.0,0.0,0.0,0,0,0.0,0.6982421875
D2-N3-M3-Rtight-S1495,N3-M3-Rtight,0,0,0.0,0.0,0.0,0.0,0.0,0.0,0,0,0.0,0.698486328125
D2-N3-M3-Rtight-S1499,N3-M3-Rtight,0,0,0.0,0.0,0.0,0.0,0.0,0.0,0,0,0.0,0.69873046875
D2-N3-M3-Rtight-S1503,N3-M3-Rtight,0,0,0.0,0.0,0.0,0.0,0.0,0.0,0,0,0.0,0.698974609375
D2-N3-M3-Rtight-S1507,N3-M3-Rtight,0,0,0.0,0.0,0.0,0.0,0.0,0.0,0,0,0.0,0.69921875
D2-N3-M3-Rtight-S1511,N3-M3-Rtight,0,0,0.0,0.0,0.0,0.0,0.0,0.0,0,0,0.0,0.699462890625
D2-N3-M5-Rtight-S1017,N3-M5-Rtight,0,0,0.0,0.0,0.0,0.0,0.0,0.0,0,0,0.0,0.69970703125
D2-N3-M5-Rtight-S1027,N3-M5-Rtight,0,0,0.0,0.0,0.0,0.0,0.0,0.0,0,0,0.0,0.699951171875
D2-N3-M5-Rtight-S1032,N3-M5-Rtight,0,0,0.0,0.0,0.0,0.0,0.0,0.0,0,0,0.0,0.7001953125
D2-N3-M5-Rtight-S1037,N3-M5-Rtight,0,0,0.0,0.0,0.0,0.0,0.0,0.0,0,0,0.0,0.700439453125
D2-N3-M5-Rtight-S1049,N3-M5-Rtight,0,0,0.0,0.0,0.0,0.0,0.0,0.0,0,0,0.0,0.70068359375
D2-N3-M5-Rtight-S1057,N3-M5-Rtight,0,0,0.0,0.0,0.0,0.0,0.0,0.0,0,0,0.0,0.700927734375
D2-N3-M5-Rtight-S1061,N3-M5-Rtight,0,0,0.0,0.0,0.0,0.0,0.0,0.0,0,0,0.0,0.701171875
D2-N3-M5-Rtight-S1072,N3-M5-Rtight,0,0,0.0,0.0,0.0,0.0,0.0,0.0,0,0,0.0,0.701416015625
D2-N3-M5-Rtight-S1089,N3-M5-Rtight,0,0,0.0,0.0,0.0,0.0,0.0,0.0,0,0,0.0,0.70166015625
D2-N3-M5-Rtight-S1093,N3-M5-Rtight,0,0,0.0,0.0,0.0,0.0,0.0,0.0,0,0,0.0,0.701904296875
D2-N3-M5-Rtight-S1107,N3-M5-Rtight,0,0,0.0,0.0,0.0,0.0,0.0,0.0,0,0,0.0,0.7021484375
D2-N3-M5-Rtight-S1109,N3-M5-Rtight,0,0,0.0,0.0,0.0,0.0,0.0,0.0,0,0,0.0,0.702392578125
D2-N3-M5-Rtight-S1112,N3-M5-Rtight,0,0,0.0,0.0,0.0,0.0,0.0,0.0,0,0,0.0,0.70263671875
D2-N3-M5-Rtight-S1125,N3-M5-Rtight,0,0,0.0,0.0,0.0,0.0,0.0,0.0,0,0,0.0,0.702880859375
D2-N3-M5-Rtight-S1149,N3-M5-Rtight,0,0,0.0,0.0,0.0,0.0,0.0,0.0,0,0,0.0,0.703125
D2-N3-M5-Rtight-S1159,N3-M5-Rtight,0,0,0.0,0.0,0.0,0.0,0.0,0.0,0,0,0.0,0.703369140625
D2-N3-M5-Rtight-S1179,N3-M5-Rtight,0,0,0.0,0.0,0.0,0.0,0.0,0.0,0,0,0.0,0.70361328125
D2-N3-M5-Rtight-S1181,N3-M5-Rtight,0,0,0.0,0.0,0.0,0.0,0.0,0.0,0,0,0.0,0.703857421875
D2-N3-M5-Rtight-S1197,N3-M5-Rtight,0,0,0.0,0.0,0.0,0.0,0.0,0.0,0,0,0.0,0.7041015625
D2-N3-M5-Rtight-S1201,N3-M5-Rtight,0,0,0.0,0.0,0.0,0.0,0.0,0.0,0,0,0.0,0.704345703125
D2-N3-M5-Rtight-S1231,N3-M5-Rtight,0,0,0.0,0.0,0.0,0.0,0.0,0.0,0,0,0.0,0.70458984375
D2-N3-M5-Rtight-S1241,N3-M5-Rtight,0,0,0.0,0.0,0.0,0.0,0.0,0.0,0,0,0.0,0.704833984375
D2-N3-M5-Rtight-S1257,N3-M5-Rtight,0,0,0.0,0.0,0.0,0.0,0.0,0.0,0,0,0.0,0.705078125
D2-N3-M5-Rtight-S1283,N3-M5-Rtight,0,0,0.0,0.0,0.0,0.0,0.0,0.0,0,0,0.0,0.705322265625
D2-N3-M5-Rtight-S1289,N3-M5-Rtight,0,0,0.0,0.0,0.0,0.0,0.0,0.0,0,0,0.0,0.70556640625
D2-N3-M5-Rtight-S1295,N3-M5-Rtight,0,0,0.0,0.0,0.0,0.0,0.0,0.0,0,0,0.0,0.705810546875
D2-N3-M5-Rtight-S1297,N3-M5-Rtight,0,0,0.0,0.0,0.0,0.0,0.0,0.0,0,0,0.0,0.7060546875
D2-N3-M5-Rtight-S1309,N3-M5-Rtight,0,0,0.0,0.0,0.0,0.0,0.0,0.0,0,0,0.0,0.706298828125
D2-N3-M5-Rtight-S1329,N3-M5-Rtight,0,0,0.0,0.0,0.0,0.0,0.0,0.0,0,0,0.0,0.70654296875
D2-N3-M5-Rtight-S1337,N3-M5-Rtight,0,0,0.0,0.0,0.0,0.0,0.0,0.0,0,0,0.0,0.706787109375
D2-N3-M5-Rtight-S1349,N3-M5-Rtight,0,0,0.0,0.0,0.0,0.0,0.0,0.0,0,0,0.0,0.70703125
D2-N3-M5-Rtight-S1352,N3-M5-Rtight,0,0,0.0,0.0,0.0,0.0,0.0,0.0,0,0,0.0,0.707275390625
D2-N3-M5-Rtight-S1356,N3-M5-Rtight,0,0,0.0,0.0,0.0,0.0,0.0,0.0,0,0,0.0,0.70751953125
D2-N3-M5-Rtight-S1357,N3-M5-Rtight,0,0,0.0,0.0,0.0,0.0,0.0,0.0,0,0,0.0,0.707763671875
D2-N3-M5-Rtight-S1365,N3-M5-Rtight,0,0,0.0,0.0,0.0,0.0,0.0,0.0,0,0,0.0,0.7080078125
D2-N3-M5-Rtight-S1369,N3-M5-Rtight,0,0,0.0,0.0,0.0,0.0,0.0,0.0,0,0,0.0,0.708251953125
D2-N3-M5-Rtight-S1413,N3-M5-Rtight,0,0,0.0,0.0,0.0,0.0,0.0,0.0,0,0,0.0,0.70849609375
D2-N3-M5-Rtight-S1425,N3-M5-Rtight,0,0,0.0,0.0,0.0,0.0,0.0,0.0,0,0,0.0,0.708740234375
D2-N3-M5-Rtight-S1431,N3-M5-Rtight,0,0,0.0,0.0,0.0,0.0,0.0,0.0,0,0,0.0,0.708984375
D2-N3-M5-Rtight-S1445,N3-M5-Rtight,0,0,0.0,0.0,0.0,0.0,0.0,0.0,0,0,0.0,0.709228515625
D2-N3-M5-Rtight-S1455,N3-M5-Rtight,0,0,0.0,0.0,0.0,0.0,0.0,0.0,0,0,0.0,0.70947265625
D2-N3-M5-Rtight-S1457,N3-M5-Rtight,0,0,0.0,0.0,0.0,0.0,0.0,0.0,0,0,0.0,0.709716796875
D2-N3-M5-Rtight-S1465,N3-M5-Rtight,0,0,0.0,0.0,0.0,0.0,0.0,0.0,0,0,0.0,0.7099609375
D2-N3-M5-Rtight-S1481,N3-M5-Rtight,0,0,0.0,0.0,0.0,0.0,0.0,0.0,0,0,0.0,0.710205078125
D2-N3-M5-Rtight-S1485,N3-M5-Rtight,0,0,0.0,0.0,0.0,0.0,0.0,0.0,0,0,0.0,0.71044921875
D2-N3-M3-Rtight-S1205,N3-M3-Rtight,2,2+,4.037650945865057e-05,-2.2486420002497596,-1.760754953087364,0.0,-0.5,0.01211295283759739,-1,-1,7.105427357601002e-15,0.710693359375
D2-N3-M5-Rloose-S1182,N3-M5-Rloose,4,2+,0.00032892234093379047,4.288775359137162,4.170363316401023,0.0,0.0,0.11841204273616768,0,0,-2.842170943040401e-14,0.7109375
D2-N3-M5-Rloose-S1358,N3-M5-Rloose,4,2+,0.0003536745691811727,4.446955204910466,4.294875140162553,0.0,0.0,0.15208006474790636,0,0,7.105427357601002e-15,0.711181640625
D2-N2-M5-Rloose-S1310,N2-M5-Rloose,4,2+,0.0003564886975325754,4.245674139280965,4.11733820816923,0.0,0.0,0.12833593111173514,0,0,0.0,0.71142578125
D2-N3-M3-Rtight-S1302,N3-M3-Rtight,1,1,0.0003842527436381041,0.0,0.04397482433011568,-0.13235295536688044,0.0,0.08837813103676417,0,0,5.828670879282072e-16,0.711669921875
D2-N2-M5-Rloose-S1498,N2-M5-Rloose,4,2+,0.00038711586011741517,4.315834634051981,4.149374814201472,0.0,0.0,0.16645981985050184,0,0,7.105427357601002e-15,0.7119140625
D2-N2-M5-Rtight-S1139,N2-M5-Rtight,1,1,0.0003875575828057483,0.0,0.845496028052696,-0.9578877270663635,0.0,0.11239169901366708,0,0,4.440892098500626e-16,0.712158203125
D2-N3-M3-Rloose-S1244,N3-M3-Rloose,4,2+,0.0004449318222689014,9.134897639476733,8.532563320354875,0.0,0.5,0.10233431912185154,1,0,7.105427357601002e-15,0.71240234375
D2-N3-M5-Rloose-S1267,N3-M5-Rloose,3,2+,0.0004682565388506449,0.0,0.364205603733307,0.0,-0.5,0.13579439626668943,0,0,3.552713678800501e-15,0.712646484375
D2-N3-M5-Rtight-S1440,N3-M5-Rtight,3,2+,0.0005304411377126672,0.0,0.9085160657800699,-0.6366057549965185,-0.5,0.22808968921644635,-1,0,2.220446049250313e-15,0.712890625
D2-N2-M5-Rtight-S1088,N2-M5-Rtight,1,1,0.0005449737525010309,0.0,-0.23433803672024212,-6.768551985558702e-07,0.0,0.23433871357544156,0,0,-8.881784197001252e-16,0.713134765625
D2-N3-M5-Rloose-S1285,N3-M5-Rloose,4,2+,0.0006104622557144834,4.089555736453434,3.8697893243962156,0.0,0.0,0.21976641205721137,0,0,7.105427357601002e-15,0.71337890625
D2-N2-M3-Rtight-S1004,N2-M3-Rtight,1,1,0.0006536697483393722,0.0,0.7985793503040677,-0.9489233924221232,0.0,0.1503440421180553,0,0,2.220446049250313e-16,0.713623046875
D2-N2-M5-Rtight-S1232,N2-M5-Rtight,1,1,0.0006901217494460141,0.0,-0.24445734446954503,-0.00398648533101964,0.0,0.24844382980056423,0,0,4.440892098500626e-16,0.7138671875
D2-N3-M5-Rtight-S1168,N3-M5-Rtight,2,2+,0.0006943149718652702,0.0,0.11885635201550926,0.17979230614356356,-0.5,0.20135134184092607,0,0,1.1102230246251565e-15,0.714111328125
D2-N3-M5-Rloose-S1506,N3-M5-Rloose,4,2+,0.0007039855642164694,4.440887821982187,4.138174029369132,0.0,0.0,0.3027137926130763,0,0,-2.1316282072803006e-14,0.71435546875
D2-N2-M5-Rloose-S1402,N2-M5-Rloose,4,2+,0.0007592423403023352,4.2941047921668485,4.020777549658014,0.0,0.0,0.27332724250885576,0,0,-2.1316282072803006e-14,0.714599609375
D2-N3-M5-Rloose-S1166,N3-M5-Rloose,4,2+,0.0007657326560365774,4.331859197394749,4.002594155299036,0.0,0.0,0.32926504209572727,0,0,-1.4210854715202004e-14,0.71484375
D2-N3-M3-Rtight-S1492,N3-M3-Rtight,2,2+,0.0007660091731824942,0.0,1.3549258153208399,-1.0847285672755884,-0.5,0.2298027519547503,-1,-1,-1.7763568394002505e-15,0.715087890625
D2-N2-M5-Rloose-S1036,N2-M5-Rloose,3,2+,0.0008104379433627601,3.1197488234391955,2.827991163828596,0.0,0.0,0.29175765961059597,0,0,3.552713678800501e-15,0.71533203125
D2-N3-M5-Rloose-S1348,N3-M5-Rloose,3,2+,0.0008938693491646471,3.228231440134188,2.906438474434914,0.0,0.0,0.32179296569927374,0,0,0.0,0.715576171875
D2-N2-M5-Rtight-S1364,N2-M5-Rtight,2,2+,0.0009095660689782403,4.229787436760603,3.9023436519284314,0.0,0.0,0.3274437848321554,0,0,1.5987211554602254e-14,0.7158203125
D2-N3-M5-Rloose-S1051,N3-M5-Rloose,2,2+,0.0010313627576549883,2.775189364525154,2.879337468503195,-0.5476340897696872,0.0,0.44348598579164644,0,-1,0.0,0.716064453125
D2-N2-M5-Rtight-S1067,N2-M5-Rtight,2,2+,0.0010654836287906644,0.0,-0.09780796067389552,0.2142338543092599,-0.5,0.38357410636463385,-1,-1,1.7763568394002505e-15,0.71630859375
D2-N3-M3-Rloose-S1301,N3-M3-Rloose,3,2+,0.0010855993308401812,3.7513157914334556,3.5016279453402106,0.0,0.0,0.24968784609325212,0,0,-7.105427357601002e-15,0.716552734375
D2-N3-M5-Rloose-S1144,N3-M5-Rloose,3,2+,0.0010999605175392169,3.645867387628641,3.17288436508678,0.0,0.0,0.472983022541861,0,0,0.0,0.716796875
D2-N2-M5-Rloose-S1263,N2-M5-Rloose,2,2+,0.001116618658710114,0.35421740790540923,-0.46065618265591013,0.834727567315968,-0.5,0.48014602324535005,0,0,1.3322676295501878e-15,0.717041015625
D2-N3-M5-Rtight-S1404,N3-M5-Rtight,2,2+,0.0011323625722716724,0.0,0.7969373189265436,-0.863118605062371,-0.5,0.56618128613583,-1,0,-2.55351295663786e-15,0.71728515625
D2-N3-M3-Rloose-S1125,N3-M3-Rloose,3,2+,0.001172219397943819,3.0741886831405907,2.8045782216135144,0.0,0.0,0.2696104615270798,0,0,-3.552713678800501e-15,0.717529296875
D2-N3-M5-Rloose-S1264,N3-M5-Rloose,3,2+,0.0011818111288856015,3.191144607789596,2.8484193804127713,0.0,0.0,0.34272522737682465,0,0,0.0,0.7177734375
D2-N2-M5-Rloose-S1240,N2-M5-Rloose,3,2+,0.001191863376434052,3.22078585278728,2.7917150372710253,0.0,0.0,0.4290708155162548,0,0,0.0,0.718017578125
D2-N2-M3-Rloose-S1152,N2-M3-Rloose,3,2+,0.0012538719471202192,3.0718685053176316,2.7834779574799846,0.0,0.0,0.2883905478376505,0,0,-3.552713678800501e-15,0.71826171875
D2-N2-M5-Rloose-S1256,N2-M5-Rloose,3,2+,0.001286471305454076,4.254257801013921,3.7911281310504563,0.0,0.0,0.4631296699634646,0,0,0.0,0.718505859375
D2-N3-M5-Rloose-S1155,N3-M5-Rloose,3,2+,0.001315737011675519,3.3613577577411746,2.979794024355275,0.0,0.0,0.381563733385903,0,0,-3.552713678800501e-15,0.71875
D2-N3-M5-Rloose-S1244,N3-M5-Rloose,3,2+,0.001333118309535808,4.045366107861099,3.5654435164282035,0.0,0.0,0.47992259143289573,0,0,0.0,0.718994140625
D2-N2-M5-Rloose-S1434,N2-M5-Rloose,4,2+,0.001342423972557183,4.394014911882863,3.7847149333773444,0.5320576703059297,-0.5,0.577242308199601,-1,0,-1.2212453270876722e-14,0.71923828125
D2-N3-M5-Rloose-S1495,N3-M5-Rloose,3,2+,0.0013728654544010177,3.280738532166467,2.8826075503901727,0.0,0.0,0.3981309817762977,0,0,-3.552713678800501e-15,0.719482421875
D2-N3-M5-Rloose-S1175,N3-M5-Rloose,3,2+,0.001395956772926199,3.325674622487142,2.920847158338546,0.0,0.0,0.40482746414859605,0,0,0.0,0.7197265625
D2-N3-M5-Rtight-S1312,N3-M5-Rtight,1,1,0.0014669218920501659,1.4601571497539254,1.0347498010593785,0.0,0.0,0.42540734869454866,0,0,-1.7763568394002505e-15,0.719970703125
D2-N2-M5-Rloose-S1251,N2-M5-Rloose,3,2+,0.0015329876915157886,3.341195541088382,2.789319972142696,0.0,0.0,0.5518755689456825,0,0,3.552713678800501e-15,0.72021484375
D2-N2-M5-Rloose-S1386,N2-M5-Rloose,3,2+,0.0015872167439359985,0.0,0.6262160763989968,-0.6976141042159512,-0.5,0.5713980278169544,-1,0,0.0,0.720458984375
D2-N3-M5-Rtight-S1436,N3-M5-Rtight,2,2+,0.001621918327681271,4.1306835672506,3.7450345773236684,-0.19824160803833046,0.0,0.5838905979652509,0,0,1.0880185641326534e-14,0.720703125
D2-N2-M5-Rtight-S1187,N2-M5-Rtight,0,0,0.0016301721772201613,0.0,0.012445565610546439,-0.5993075494098039,0.0,0.5868619837992579,-1,-1,-4.440892098500626e-16,0.720947265625
D2-N3-M5-Rtight-S1411,N3-M5-Rtight,2,2+,0.0016793736839045281,4.322515017572869,3.835496649240543,0.0,0.0,0.4870183683323148,0,0,1.0658141036401503e-14,0.72119140625
D2-N2-M5-Rloose-S1380,N2-M5-Rloose,3,2+,0.001679745193865323,3.778305384339262,3.0560149509771755,0.0,0.0,0.7222904333620903,0,0,-3.552713678800501e-15,0.721435546875
D2-N2-M5-Rtight-S1491,N2-M5-Rtight,1,1,0.0016872662093575727,0.0,-0.5035003418881985,-0.10391549348052836,0.0,0.6074158353687267,0,0,2.220446049250313e-16,0.7216796875
D2-N2-M5-Rloose-S1418,N2-M5-Rloose,3,2+,0.0017078072346563555,0.0,0.2595210823241558,-0.37433168680043716,-0.5,0.6148106044762827,-1,0,-1.3322676295501878e-15,0.721923828125
D2-N3-M5-Rloose-S1195,N3-M5-Rloose,3,2+,0.0017689254411483168,3.365752085269591,2.8527637073365852,0.0,0.0,0.5129883779330129,0,0,-7.105427357601002e-15,0.72216796875
D2-N3-M5-Rloose-S1403,N3-M5-Rloose,3,2+,0.001836428895035408,3.5464742208855995,2.8853598186728533,0.0,0.0,0.6611144022127462,0,0,0.0,0.722412109375
D2-N2-M5-Rloose-S1408,N2-M5-Rloose,3,2+,0.001865163766596012,3.4393311423217483,2.8984336500089043,0.0,0.0,0.540897492312844,0,0,0.0,0.72265625
D2-N3-M5-Rloose-S1467,N3-M5-Rloose,3,2+,0.0018820473385574715,3.5524558979742267,3.0066621697925626,0.0,0.0,0.545793728181664,0,0,0.0,0.722900390625
D2-N2-M5-Rloose-S1458,N2-M5-Rloose,3,2+,0.0018988387941185764,0.0,0.5084441059439762,-0.8249447874149602,-0.5,0.8165006814709841,-1,0,0.0,0.72314453125
D2-N3-M3-Rloose-S1265,N3-M3-Rloose,3,2+,0.001924494374756558,3.252858048128651,2.8102243419346387,0.0,0.0,0.4426337061940089,0,0,3.552713678800501e-15,0.723388671875
D2-N3-M3-Rtight-S1270,N3-M3-Rtight,2,2+,0.0019256652974534716,4.3202676356280705,3.877364617213779,0.0,0.0,0.4429030184142988,0,0,-7.105427357601002e-15,0.7236328125
D2-N3-M3-Rtight-S1178,N3-M3-Rtight,2,2+,0.0019446222535153268,4.362797936118028,3.9155348178095126,0.0,0.0,0.44726311830852694,0,0,-1.1546319456101628e-14,0.723876953125
D2-N2-M3-Rloose-S1342,N2-M3-Rloose,3,2+,0.001956562346506832,5.855031444270125,5.405022104573554,0.0,0.0,0.450009339696571,0,0,0.0,0.72412109375
D2-N2-M3-Rtight-S1066,N2-M3-Rtight,2,2+,0.0019675566766370056,4.414251761497724,3.961713725871215,0.0,0.0,0.4525380356265174,0,0,-8.881784197001252e-15,0.724365234375
D2-N3-M5-Rloose-S1309,N3-M5-Rloose,3,2+,0.001976276706347757,3.041397606603141,2.6824290122020997,0.1475089801158278,-0.5,0.7114596142851894,-1,0,2.398081733190338e-14,0.724609375
D2-N2-M5-Rloose-S1298,N2-M5-Rloose,3,2+,0.0020208349957997473,0.0,0.5670008690607631,-0.7945014675486695,-0.5,0.7275005984879073,-1,0,-8.881784197001252e-16,0.724853515625
D2-N2-M3-Rloose-S1388,N2-M3-Rloose,3,2+,0.0020486291212740704,3.5150645429033602,2.900475806521147,0.0,0.0,0.6145887363822169,0,0,-3.552713678800501e-15,0.72509765625
D2-N2-M5-Rloose-S1448,N2-M5-Rloose,3,2+,0.002054456190446474,3.5695349147721913,2.8299306862114406,0.0,0.0,0.7396042285607223,0,0,2.842170943040401e-14,0.725341796875
D2-N3-M5-Rloose-S1318,N3-M5-Rloose,3,2+,0.002058929356610062,0.0,0.3902902753543316,-0.6315048437339614,-0.5,0.7412145683796254,-1,-1,4.440892098500626e-15,0.7255859375
D2-N2-M5-Rloose-S1090,N2-M5-Rloose,4,2+,0.002108287101859098,6.196946338872664,5.437962982203384,0.0,0.0,0.7589833566692761,0,0,3.552713678800501e-15,0.725830078125
D2-N3-M3-Rloose-S1092,N3-M3-Rloose,3,2+,0.0021123492392755433,3.5169246286941274,2.8832198569114666,0.0,0.0,0.6337047717826607,0,0,0.0,0.72607421875
D2-N2-M3-Rloose-S1155,N2-M3-Rloose,2,2+,0.002232446496729046,0.0,1.087660537869663,-1.1011232321173445,-0.5,0.5134626942476785,-1,-1,2.886579864025407e-15,0.726318359375
D2-N3-M5-Rtight-S1005,N3-M5-Rtight,1,1,0.0022890044861487713,3.884395781833888,2.8967677092344495,0.1635864575858741,0.0,0.8240416150135559,0,0,8.43769498715119e-15,0.7265625
D2-N2-M5-Rloose-S1370,N2-M5-Rloose,3,2+,0.002387253991847943,0.0,0.43334202087965323,-0.6256456785155731,-0.5,0.692303657635911,-1,0,8.881784197001252e-15,0.726806640625
D2-N3-M5-Rtight-S1041,N3-M5-Rtight,1,1,0.0024102831521827794,1.8975551982342012,1.0298532634483948,0.0,0.0,0.8677019347857993,0,0,7.105427357601002e-15,0.72705078125
D2-N2-M5-Rloose-S1242,N2-M5-Rloose,3,2+,0.0024234959117964694,0.0,0.4550218336943068,-0.8274803619410338,-0.5,0.8724585282467316,-1,-1,-4.6629367034256575e-15,0.727294921875
D2-N3-M3-Rloose-S1389,N3-M3-Rloose,3,2+,0.0025227764092992377,3.4754582843184494,2.8952197101796244,0.0,0.0,0.580238574138825,0,0,0.0,0.7275390625
D2-N2-M5-Rloose-S1075,N2-M5-Rloose,3,2+,0.002547165786682404,3.5650650562410533,2.8263869781031445,0.0,0.0,0.7386780781378945,0,0,1.4210854715202004e-14,0.727783203125
D2-N2-M5-Rloose-S1343,N2-M5-Rloose,3,2+,0.0025497382853116035,4.334999346334968,3.5955752435946025,0.0,0.0,0.7394241027403652,0,0,0.0,0.72802734375
D2-N2-M3-Rloose-S1332,N2-M3-Rloose,3,2+,0.0025577185293267912,3.18329158705599,2.7740566223637053,0.0,0.0,0.40923496469228837,0,0,-3.552713678800501e-15,0.728271484375
D2-N2-M5-Rloose-S1440,N2-M5-Rloose,3,2+,0.002614170654806791,4.051184680306989,3.1100832445765434,0.0,0.0,0.9411014357304452,0,0,0.0,0.728515625
D2-N3-M3-Rtight-S1072,N3-M3-Rtight,2,2+,0.0026244684666459073,0.0,0.22885411931200572,-0.3324818666405658,-0.5,0.6036277473285594,-1,-1,6.661338147750939e-16,0.728759765625
D2-N3-M3-Rloose-S1288,N3-M3-Rloose,3,2+,0.0026590509202938373,4.447879451281182,4.494318735287855,-0.6580209956742488,0.0,0.6115817116675828,0,0,-7.66053886991358e-15,0.72900390625
D2-N2-M3-Rloose-S1001,N2-M3-Rloose,3,2+,0.002664802471359584,3.9778622475824363,3.178421506174562,0.0,0.0,0.7994407414078637,0,0,1.0658141036401503e-14,0.729248046875
D2-N2-M5-Rloose-S1059,N2-M5-Rloose,3,2+,0.0026690918838480626,3.7357153023782246,2.9616786560622614,0.0,0.0,0.7740366463159489,0,0,1.4210854715202004e-14,0.7294921875
D2-N2-M5-Rloose-S1006,N2-M5-Rloose,4,2+,0.002735052489657386,6.865927042357441,5.6898544718047575,0.0,0.0,1.1760725705526909,0,0,-7.105427357601002e-15,0.729736328125
D2-N3-M5-Rtight-S1336,N3-M5-Rtight,0,0,0.0027369468546075693,-0.7530512321323783,-1.7383520997911273,0.0,0.0,0.9853008676587365,0,0,1.2434497875801753e-14,0.72998046875
D2-N3-M5-Rloose-S1162,N3-M5-Rloose,6,2+,0.0027522005877556044,11.558917152885414,10.15753093977721,-0.08940599848383379,0.5,0.9907922115920371,1,0,2.220446049250313e-16,0.730224609375
D2-N2-M5-Rloose-S1104,N2-M5-Rloose,3,2+,0.0028445077000811003,3.9812308475516716,3.156323614528155,0.0,0.0,0.8249072330235094,0,0,7.105427357601002e-15,0.73046875
D2-N2-M3-Rloose-S1384,N2-M3-Rloose,3,2+,0.002952232648882225,3.9175723242468052,3.031902529582137,0.0,0.0,0.8856697946646648,0,0,3.552713678800501e-15,0.730712890625
D2-N3-M5-Rloose-S1511,N3-M5-Rloose,3,2+,0.0030229574264341585,0.0,-0.5882646735162922,0.0,-0.5,1.0882646735162922,-1,0,0.0,0.73095703125
D2-N2-M5-Rloose-S1250,N2-M5-Rloose,4,2+,0.00308180281391246,6.23008055239373,5.423751647403872,-0.3031201080186321,0.0,1.1094490130084864,0,-1,3.552713678800501e-15,0.731201171875
D2-N2-M5-Rloose-S1506,N2-M5-Rloose,3,2+,0.0032290436418146162,0.0,-0.6624557110532585,0.0,-0.5,1.162455711053262,-1,0,-3.552713678800501e-15,0.7314453125
D2-N2-M3-Rloose-S1354,N2-M3-Rloose,3,2+,0.0032998872833347737,5.963400768050917,5.435418802717351,0.0,0.0,0.5279819653335664,0,0,0.0,0.731689453125
D2-N2-M5-Rloose-S1098,N2-M5-Rloose,3,2+,0.0033175804678065163,0.0,-1.600186281493503,0.9058573130831595,-0.5,1.1943289684103462,-3,-3,-2.6645352591003757e-15,0.73193359375
D2-N2-M3-Rloose-S1432,N2-M3-Rloose,3,2+,0.003417590869582543,4.36279514453031,3.3375178836555612,0.0,0.0,1.0252772608747591,0,0,-1.0658141036401503e-14,0.732177734375
D2-N3-M5-Rtight-S1426,N3-M5-Rtight,2,2+,0.0035069778112917505,0.0,-1.2857986124031164,0.5232866003381061,-0.5,1.2625120120650237,-1,0,-1.3322676295501878e-14,0.732421875
D2-N3-M5-Rtight-S1434,N3-M5-Rtight,1,1,0.003509678528231537,0.0,-0.39678285913188027,-1.1123789080076834,0.0,1.5091617671395614,0,0,2.220446049250313e-15,0.732666015625
D2-N2-M5-Rloose-S1282,N2-M5-Rloose,3,2+,0.0035507798431750337,0.0,0.38977460811966935,-0.6709461736181821,-0.5,0.7811715654985107,-1,-1,1.9984014443252818e-15,0.73291015625
D2-N2-M3-Rloose-S1117,N2-M3-Rloose,3,2+,0.0036101891971579425,3.9633232223523294,3.132979707006008,0.0,0.0,0.8303435153463283,0,0,-7.105427357601002e-15,0.733154296875
D2-N2-M5-Rloose-S1409,N2-M5-Rloose,3,2+,0.003655078258697819,0.0,-0.4356712628590742,-0.3801569102721585,-0.5,1.315828173131223,-1,0,9.769962616701378e-15,0.7333984375
D2-N2-M5-Rtight-S1462,N2-M5-Rtight,2,2+,0.003733940160726649,0.0,-1.3669700803633233,0.0,-0.5,1.8669700803633233,-1,-1,0.0,0.733642578125
D2-N2-M3-Rloose-S1086,N2-M3-Rloose,3,2+,0.003754798529367831,6.109574187800767,5.5088064231019125,0.0,0.0,0.6007677646988547,0,0,0.0,0.73388671875
D2-N2-M3-Rloose-S1024,N2-M3-Rloose,3,2+,0.0037696591174068983,4.383844131978819,3.252946396756748,0.0,0.0,1.1308977352220708,0,0,0.0,0.734130859375
D2-N3-M5-Rtight-S1126,N3-M5-Rtight,1,1,0.0038316033872424216,3.971333443697972,3.2871494488898367,-0.9634054617061245,0.0,1.647589456514254,0,0,5.995204332975845e-15,0.734375
D2-N3-M3-Rtight-S1496,N3-M3-Rtight,1,1,0.0038503899361855,2.210688710138996,1.0555717292833453,0.0,0.0,1.1551169808556523,0,0,-1.7763568394002505e-15,0.734619140625
D2-N2-M5-Rtight-S1249,N2-M5-Rtight,0,0,0.0038662744585296546,0.0,-1.3886843184551942,-0.0031744866154821416,0.0,1.391858805070676,0,0,4.440892098500626e-16,0.73486328125
D2-N2-M5-Rtight-S1446,N2-M5-Rtight,2,2+,0.00389118184991441,0.0,-1.286128519294417,0.11292032383122486,-0.5,1.6732081954631894,-1,0,2.6645352591003757e-15,0.735107421875
D2-N2-M5-Rtight-S1482,N2-M5-Rtight,2,2+,0.003921818100574764,0.0,-2.0762359659085003,0.8898541826613791,-0.5,1.6863817832471426,-1,-1,-2.1316282072803006e-14,0.7353515625
D2-N2-M3-Rloose-S1321,N2-M3-Rloose,3,2+,0.003957900970430472,3.9186670520603,3.0083498288612773,0.0,0.0,0.9103172231990158,0,0,7.105427357601002e-15,0.735595703125
D2-N3-M5-Rtight-S1166,N3-M5-Rtight,2,2+,0.003978036586149425,0.0,-1.210555732044245,0.0,-0.5,1.7105557320442486,-1,-1,-3.552713678800501e-15,0.73583984375
D2-N3-M5-Rtight-S1094,N3-M5-Rtight,2,2+,0.004012094182885728,0.0,-1.2252004986408647,0.0,-0.5,1.725200498640863,-1,-1,1.7763568394002505e-15,0.736083984375
D2-N2-M5-Rtight-S1186,N2-M5-Rtight,2,2+,0.004014420404595709,0.0,-1.2262007739761671,0.0,-0.5,1.72620077397616,-1,-1,7.105427357601002e-15,0.736328125
D2-N2-M3-Rloose-S1469,N2-M3-Rloose,3,2+,0.004017471794425798,4.186944627616526,3.262926114898587,0.0,0.0,0.9240185127179359,0,0,3.552713678800501e-15,0.736572265625
D2-N2-M3-Rloose-S1053,N2-M3-Rloose,3,2+,0.004028291830871833,3.9883601413109773,3.0618530202104495,0.0,0.0,0.9265071211005136,0,0,1.4210854715202004e-14,0.73681640625
D2-N3-M5-Rloose-S1177,N3-M5-Rloose,3,2+,0.004043319356588748,0.0,-1.2386273233331622,0.0,-0.5,1.7386273233331622,-1,0,0.0,0.737060546875
D2-N2-M3-Rloose-S1313,N2-M3-Rloose,2,2+,0.00404641565375205,2.9250988577694486,1.6541143516146235,0.3403089057918527,0.0,0.9306756003629708,-1,0,1.5543122344752192e-15,0.7373046875
D2-N3-M5-Rtight-S1290,N3-M5-Rtight,2,2+,0.0040465710634870755,0.0,-1.2400255572994503,0.0,-0.5,1.7400255572994467,-1,-1,3.552713678800501e-15,0.737548828125
D2-N2-M5-Rtight-S1090,N2-M5-Rtight,2,2+,0.00405695237916226,0.0,-1.0569381131937305,0.09643525669531905,-0.5,1.4605028564984117,0,0,-2.220446049250313e-16,0.73779296875
D2-N3-M5-Rtight-S1034,N3-M5-Rtight,2,2+,0.004057745504504662,4.078137881902464,2.3333073149654595,0.0,0.0,1.7448305669370043,0,0,0.0,0.738037109375
D2-N3-M5-Rtight-S1082,N3-M5-Rtight,2,2+,0.00409444646995169,0.0,-1.2606119820792223,0.0,-0.5,1.7606119820792259,-1,-1,-3.552713678800501e-15,0.73828125
D2-N2-M5-Rtight-S1342,N2-M5-Rtight,2,2+,0.004132016847787131,0.0,-1.7392002563416256,0.4624330117931603,-0.5,1.7767672445484664,-1,-1,-1.1102230246251565e-15,0.738525390625
D2-N2-M5-Rtight-S1006,N2-M5-Rtight,2,2+,0.004138764679739199,0.0,-1.2796688122878752,0.0,-0.5,1.7796688122878663,-1,-1,8.881784197001252e-15,0.73876953125
D2-N2-M5-Rloose-S1450,N2-M5-Rloose,3,2+,0.004139575254390383,5.753581874649214,4.118203006392587,0.145131776676088,0.0,1.4902470915805353,0,0,3.552713678800501e-15,0.739013671875
D2-N2-M3-Rloose-S1057,N2-M3-Rloose,3,2+,0.00418989311094653,4.246433466838141,3.282758051320414,0.0,0.0,0.963675415517713,0,0,1.4210854715202004e-14,0.7392578125
D2-N3-M5-Rtight-S1346,N3-M5-Rtight,2,2+,0.004208302475636916,3.935301740030866,2.420312848801583,0.0,0.0,1.5149888912292795,0,0,3.552713678800501e-15,0.739501953125
D2-N2-M5-Rtight-S1506,N2-M5-Rtight,2,2+,0.004338939006468045,0.0,-1.3657437727812596,0.0,-0.5,1.8657437727812596,-1,-1,0.0,0.73974609375
D2-N3-M5-Rtight-S1274,N3-M5-Rtight,2,2+,0.004384696005407973,3.902833647522698,2.32434308557583,0.0,0.0,1.5784905619468645,0,0,3.552713678800501e-15,0.739990234375
D2-N2-M5-Rloose-S1079,N2-M5-Rloose,3,2+,0.004469238814915066,5.57211577146267,4.276036515137299,0.0,0.0,1.2960792563253705,0,0,0.0,0.740234375
D2-N3-M5-Rtight-S1074,N3-M5-Rtight,2,2+,0.004531299721930199,0.0,-1.3884223192728626,0.2571544193779889,-0.5,1.6312678998948797,-1,0,-5.995204332975845e-15,0.740478515625
D2-N3-M5-Rtight-S1402,N3-M5-Rtight,2,2+,0.004557198230861592,3.95890635163056,2.3183149885203953,0.0,0.0,1.6405913631101612,0,0,3.552713678800501e-15,0.74072265625
D2-N2-M5-Rloose-S1403,N2-M5-Rloose,2,2+,0.004630767960928178,0.0,-0.6827340776244526,-0.48434238830967824,-0.5,1.6670764659341444,-1,-1,-1.354472090042691e-14,0.740966796875
D2-N2-M3-Rloose-S1257,N2-M3-Rloose,3,2+,0.004631658564442365,4.251396545415076,3.1861150755933387,0.0,0.0,1.0652814698217412,0,0,-3.552713678800501e-15,0.7412109375
D2-N3-M5-Rloose-S1173,N3-M5-Rloose,3,2+,0.004653901852606834,0.0,-1.1754046669384337,0.0,-0.5,1.675404666938448,-1,0,-1.4210854715202004e-14,0.741455078125
D2-N2-M5-Rtight-S1014,N2-M5-Rtight,2,2+,0.004803390151876474,0.0,-1.5917401691070694,0.36251971443153774,-0.5,1.7292204546755308,-1,-1,8.881784197001252e-16,0.74169921875
D2-N3-M5-Rloose-S1064,N3-M5-Rloose,4,2+,0.0048035881547179304,6.363705551013453,4.2981626444847265,0.0,0.0,2.0655429065287194,0,0,7.105427357601002e-15,0.741943359375
D2-N3-M5-Rtight-S1300,N3-M5-Rtight,2,2+,0.004804561643818019,0.0,-0.5589803782750273,-0.6706618134994612,-0.5,1.729642191774488,-1,-1,4.440892098500626e-16,0.7421875
D2-N3-M5-Rtight-S1424,N3-M5-Rtight,2,2+,0.004804664250869506,0.0,-0.9893800802452475,-0.5766255476286328,-0.5,2.066005627873892,-1,0,-1.1546319456101628e-14,0.742431640625
D2-N2-M5-Rtight-S1202,N2-M5-Rtight,2,2+,0.0048211132023708025,0.0,-1.6422200175526527,0.4066192646991813,-0.5,1.735600752853486,-1,-1,-1.4654943925052066e-14,0.74267578125
D2-N2-M5-Rtight-S1458,N2-M5-Rtight,2,2+,0.004920185755577511,0.0,-1.5266342626002238,0.25536739059232916,-0.5,1.7712668720078995,-1,0,-4.884981308350689e-15,0.742919921875
D2-N3-M5-Rtight-S1222,N3-M5-Rtight,2,2+,0.00495662021455634,4.216592033732553,2.085245341473321,0.0,0.0,2.1313466922592283,0,0,3.552713678800501e-15,0.7431640625
D2-N3-M3-Rloose-S1338,N3-M3-Rloose,3,2+,0.004969955103876433,6.251630532789562,5.456437716169329,0.0,0.0,0.7951928166202364,0,0,-3.552713678800501e-15,0.743408203125
D2-N3-M5-Rtight-S1010,N3-M5-Rtight,2,2+,0.004999575733507844,0.0,-1.2998472640628123,0.0,-0.5,1.7998472640628194,-1,-1,-7.105427357601002e-15,0.74365234375
D2-N2-M5-Rtight-S1302,N2-M5-Rtight,2,2+,0.005014713618620714,0.0,-1.9384678762405283,0.6331709735370714,-0.5,1.805296902703457,-1,-1,-2.220446049250313e-16,0.743896484375
D2-N2-M5-Rtight-S1494,N2-M5-Rtight,2,2+,0.0050173285873046924,0.0,-1.3062382914297004,0.0,-0.5,1.8062382914296933,-1,-1,7.105427357601002e-15,0.744140625
D2-N3-M5-Rloose-S1293,N3-M5-Rloose,3,2+,0.005042608651359637,0.0,-1.0166150282027289,-0.6517066918818966,-0.5,2.1683217200846343,-1,0,-8.881784197001252e-15,0.744384765625
D2-N3-M3-Rloose-S1407,N3-M3-Rloose,2,2+,0.005067609649465343,3.5944085850797336,2.0741256902401304,0.0,0.0,1.5202828948396032,0,0,0.0,0.74462890625
D2-N2-M5-Rtight-S1334,N2-M5-Rtight,2,2+,0.005076669011724572,0.0,-1.3276008442208447,0.0,-0.5,1.8276008442208465,-1,-1,-1.7763568394002505e-15,0.744873046875
D2-N3-M3-Rloose-S1487,N3-M3-Rloose,2,2+,0.0050977417514420365,3.2346979475101136,2.0622173446784444,0.0,0.0,1.1724806028316692,0,0,0.0,0.7451171875
D2-N3-M5-Rloose-S1465,N3-M5-Rloose,4,2+,0.005112986067117964,2.897918195617194,1.1993341867564737,0.0,-0.5,2.1985840088607205,-1,0,0.0,0.745361328125
D2-N3-M5-Rloose-S1084,N3-M5-Rloose,2,2+,0.005135448801764031,0.0,-0.23913653127232948,-0.7501436212392545,-0.5,1.4892801525115686,-1,-1,1.532107773982716e-14,0.74560546875
D2-N2-M5-Rloose-S1338,N2-M5-Rloose,3,2+,0.005142093371271347,0.0,-0.7126060988305731,-0.998494050816102,-0.5,2.2111001496466756,-1,0,-4.440892098500626e-16,0.745849609375
D2-N2-M5-Rloose-S1283,N2-M5-Rloose,2,2+,0.005143274009671767,0.0,-0.5891089867352619,-0.7624696567465773,-0.5,1.8515786434818367,-1,-1,2.6645352591003757e-15,0.74609375
D2-N2-M5-Rloose-S1478,N2-M5-Rloose,4,2+,0.005174498662254723,4.421261373924125,2.8958788797626696,0.16256297574974798,-0.5,1.8628195184116976,-1,-1,9.769962616701378e-15,0.746337890625
D2-N2-M5-Rtight-S1066,N2-M5-Rtight,2,2+,0.005186246459936761,0.0,-1.3670487255772379,0.0,-0.5,1.8670487255772343,-1,-1,3.552713678800501e-15,0.74658203125
D2-N2-M5-Rtight-S1126,N2-M5-Rtight,2,2+,0.005304664875372234,0.0,-1.6331335034322958,0.22345414829829202,-0.5,1.9096793551340046,-1,-1,-8.881784197001252e-16,0.746826171875
D2-N2-M5-Rloose-S1284,N2-M5-Rloose,2,2+,0.005379613011808337,0.0,-0.45619313744587586,-0.9804675468051188,-0.5,1.9366606842509952,-1,-1,-4.440892098500626e-16,0.7470703125
D2-N2-M3-Rloose-S1079,N2-M3-Rloose,2,2+,0.0053936862349897585,3.244911790737085,2.004363956689435,0.0,0.0,1.2405478340476463,0,0,3.552713678800501e-15,0.747314453125
D2-N3-M5-Rtight-S1080,N3-M5-Rtight,2,2+,0.00540311917412209,0.0,-1.3217297602774885,-0.501611484595036,-0.5,2.323341244872509,-1,0,1.554312234475219e-14,0.74755859375
D2-N2-M3-Rloose-S1391,N2-M3-Rloose,2,2+,0.005444645277817128,3.4549796679759197,2.202711254077979,0.0,0.0,1.2522684138979372,0,0,3.552713678800501e-15,0.747802734375
D2-N3-M5-Rtight-S1155,N3-M5-Rtight,2,2+,0.0054464915301890016,0.0,-1.1238833249062825,-0.7181080330749998,-0.5,2.3419913579812714,-1,0,1.0658141036401503e-14,0.748046875
D2-N2-M5-Rtight-S1175,N2-M5-Rtight,1,1,0.005518893682148529,0.0,-2.543600672344695,0.6704763890208136,-0.5,2.3731242833238753,-1,0,6.217248937900877e-15,0.748291015625
D2-N2-M3-Rloose-S1446,N2-M3-Rloose,2,2+,0.0055273991877270445,3.966546922991995,2.6952451098147634,0.0,0.0,1.2713018131772316,0,0,0.0,0.74853515625
D2-N2-M3-Rloose-S1400,N2-M3-Rloose,2,2+,0.005598438249516113,0.0,-0.6617347284529345,-0.5177967464019013,-0.5,1.6795314748548336,-1,-1,2.220446049250313e-15,0.748779296875
D2-N2-M3-Rloose-S1455,N2-M3-Rloose,2,2+,0.005635789811706399,3.2353962934801785,1.9391646367877122,0.0,0.0,1.2962316566924699,0,0,-3.552713678800501e-15,0.7490234375
D2-N2-M5-Rloose-S1267,N2-M5-Rloose,2,2+,0.005663557614115522,0.0,-0.7156632570811112,-0.42676845101238503,-0.5,1.642431708093504,-1,-1,-7.771561172376096e-15,0.749267578125
D2-N3-M5-Rloose-S1061,N3-M5-Rloose,4,2+,0.005678800656750832,3.0528931060526645,0.7134927776772741,0.0,-0.5,2.8394003283754046,-1,0,-1.4210854715202004e-14,0.74951171875
D2-N2-M3-Rloose-S1194,N2-M3-Rloose,1,1,0.005730234516064612,0.0,-0.9061433565874695,-0.010694165982869097,0.0,0.9168375225703382,0,0,3.3306690738754696e-16,0.749755859375
D2-N3-M3-Rloose-S1119,N3-M3-Rloose,2,2+,0.0057478153685001365,3.329752847808905,2.0077553130538703,0.0,0.0,1.3219975347550275,0,0,7.105427357601002e-15,0.75
D2-N2-M3-Rloose-S1399,N2-M3-Rloose,2,2+,0.005760254655486352,3.2332190508179224,1.9083604800560536,0.0,0.0,1.3248585707618616,0,0,7.105427357601002e-15,0.750244140625
D2-N3-M5-Rtight-S1064,N3-M5-Rtight,1,1,0.005765759174044399,-2.5434642882467813,-3.7845929255364403,-0.7381478075494208,-0.5,2.479276444839087,-1,-1,-7.105427357601002e-15,0.75048828125
D2-N2-M5-Rloose-S1438,N2-M5-Rloose,3,2+,0.005779893116208135,4.054964186241364,1.569610146271863,0.0,0.0,2.4853540399695078,0,0,-7.105427357601002e-15,0.750732421875
D2-N3-M5-Rloose-S1062,N3-M5-Rloose,4,2+,0.005823011114650778,5.0672810053802095,3.0102662528128192,0.4607307512930827,-0.5,2.0962840012742845,-1,0,2.3092638912203256e-14,0.7509765625
D2-N3-M5-Rloose-S1105,N3-M5-Rloose,4,2+,0.005844631516088994,3.1581571232676424,0.7358413652231377,0.0,-0.5,2.9223157580445047,-1,0,0.0,0.751220703125
D2-N2-M5-Rtight-S1258,N2-M5-Rtight,2,2+,0.005881489973269316,0.0,-1.9299980883688814,0.7243659961207741,-0.5,1.705632092248095,-1,-1,1.2434497875801753e-14,0.75146484375
D2-N3-M3-Rloose-S1165,N3-M3-Rloose,3,2+,0.0058959794858349235,0.0,0.18711381321409704,-1.0431890949561342,-0.5,1.3560752817420365,-3,0,6.661338147750939e-16,0.751708984375
D2-N2-M5-Rtight-S1106,N2-M5-Rtight,2,2+,0.005896057468728837,0.0,-1.5855588793448359,0.375702213413474,-0.5,1.7098566659313619,0,0,0.0,0.751953125
D2-N2-M5-Rloose-S1388,N2-M5-Rloose,3,2+,0.005908210267544817,0.0,-1.2133809775880025,0.0,-0.5,1.7133809775880025,0,0,0.0,0.752197265625
D2-N2-M5-Rloose-S1039,N2-M5-Rloose,2,2+,0.005929043330170691,0.0,-1.4499535790196987,0.23053101327020276,-0.5,1.7194225657494968,-1,0,-8.881784197001252e-16,0.75244140625
D2-N3-M5-Rtight-S1252,N3-M5-Rtight,1,1,0.005954011392781178,4.148313033527415,1.171307337136831,0.0,0.0,2.9770056963905915,0,0,-7.105427357601002e-15,0.752685546875
D2-N3-M5-Rtight-S1223,N3-M5-Rtight,2,2+,0.005981584952438376,0.0,-1.9850890816444124,0.33171849876659665,-0.5,2.153370582877816,-2,-2,0.0,0.7529296875
D2-N2-M5-Rtight-S1002,N2-M5-Rtight,1,1,0.006037112264086875,3.730108965085634,1.1341506915282746,0.0,0.0,2.5959582735573576,0,0,1.7763568394002505e-15,0.753173828125
D2-N2-M5-Rtight-S1237,N2-M5-Rtight,1,1,0.0060449693134782545,3.8168365327178293,1.2174997279221724,0.0,0.0,2.599336804795655,0,0,1.7763568394002505e-15,0.75341796875
D2-N3-M5-Rtight-S1185,N3-M5-Rtight,0,0,0.006069470572985094,0.0,-1.6509791626556964,-0.9588931837278938,0.0,2.6098723463835913,0,0,-8.881784197001252e-16,0.753662109375
D2-N2-M5-Rloose-S1336,N2-M5-Rloose,2,2+,0.00607383919632834,0.0,-0.6305018580745383,-0.630911508860675,-0.5,1.7614133669352157,-1,-1,-2.220446049250313e-15,0.75390625
D2-N2-M5-Rtight-S1037,N2-M5-Rtight,1,1,0.006089273412355711,3.8429091795387507,1.2245216122258018,0.0,0.0,2.6183875673129506,0,0,-1.7763568394002505e-15,0.754150390625
D2-N3-M5-Rloose-S1037,N3-M5-Rloose,4,2+,0.006126674843178387,3.042325090398151,1.3367221468539299,0.0,-0.5,2.2056029435442213,-1,0,0.0,0.75439453125
D2-N2-M5-Rtight-S1261,N2-M5-Rtight,1,1,0.006149963675272874,3.8384959502959646,1.1940115699286284,0.0,0.0,2.644484380367345,0,0,-8.881784197001252e-15,0.754638671875
D2-N2-M5-Rtight-S1454,N2-M5-Rtight,2,2+,0.006155984342474545,0.0,-1.285235459317617,0.0,-0.5,1.785235459317617,-1,-1,0.0,0.7548828125
D2-N2-M5-Rloose-S1351,N2-M5-Rloose,2,2+,0.0061563037565767476,0.0,-0.5159631500345263,-0.7693649393727253,-0.5,1.7853280894072583,-1,-1,-6.661338147750939e-15,0.755126953125
D2-N3-M3-Rloose-S1259,N3-M3-Rloose,2,2+,0.006159894186491821,3.3997647721558764,1.982989109262757,0.0,0.0,1.4167756628931159,0,0,3.552713678800501e-15,0.75537109375
D2-N2-M5-Rtight-S1146,N2-M5-Rtight,2,2+,0.0061612084853781696,0.0,-1.634202223815885,0.34745176305621817,-0.5,1.7867504607596683,-1,-1,-1.3322676295501878e-15,0.755615234375
D2-N3-M5-Rtight-S1170,N3-M5-Rtight,2,2+,0.006217106402317124,0.0,-1.3029608566719517,0.0,-0.5,1.8029608566719588,-1,-1,-7.105427357601002e-15,0.755859375
D2-N3-M5-Rtight-S1447,N3-M5-Rtight,1,1,0.00626976834600676,0.0,-2.396630520130369,0.200630131347457,-0.5,2.696000388782906,0,0,6.217248937900877e-15,0.756103515625
D2-N3-M5-Rloose-S1041,N3-M5-Rloose,4,2+,0.006284044090511531,7.251818193532301,4.5496792346123485,0.0,0.0,2.70213895891996,0,0,-7.105427357601002e-15,0.75634765625
D2-N3-M5-Rtight-S1305,N3-M5-Rtight,0,0,0.006299178803622473,0.0,-1.6033325654945951,-1.1053143200630704,0.0,2.7086468855576644,0,0,8.881784197001252e-16,0.756591796875
D2-N3-M3-Rloose-S1380,N3-M3-Rloose,3,2+,0.006355142918127332,5.9403752467810875,4.478692375611807,0.0,0.0,1.4616828711692875,0,0,-7.105427357601002e-15,0.7568359375
D2-N3-M3-Rtight-S1328,N3-M3-Rtight,2,2+,0.006500790714626226,0.0,-0.7483413303849886,-0.7018958840028735,-0.5,1.9502372143878688,-1,0,-6.661338147750939e-15,0.757080078125
D2-N2-M5-Rloose-S1371,N2-M5-Rloose,3,2+,0.006522884187110348,5.119903817439834,3.2282674031778313,0.0,0.0,1.8916364142620026,0,0,0.0,0.75732421875
D2-N2-M5-Rloose-S1124,N2-M5-Rloose,3,2+,0.006554008840434722,3.155577134403025,0.5193951359533635,0.7767388158931554,-0.5,2.3594431825565003,-1,0,5.329070518200751e-15,0.757568359375
D2-N2-M5-Rtight-S1226,N2-M5-Rtight,1,1,0.006615163389264406,3.9637010006881326,1.1191807433044207,0.0,0.0,2.8445202573836923,0,0,1.9539925233402755e-14,0.7578125
D2-N3-M5-Rloose-S1257,N3-M5-Rloose,4,2+,0.006711721599397369,3.3406465478538507,1.4244267720707882,0.0,-0.5,2.416219775783077,-1,0,-1.4210854715202004e-14,0.758056640625
D2-N3-M5-Rtight-S1171,N3-M5-Rtight,2,2+,0.006728708287812413,0.0,-1.224338087544547,-0.6979968960679173,-0.5,2.4223349836124726,-1,0,-7.993605777301127e-15,0.75830078125
D2-N2-M5-Rtight-S1400,N2-M5-Rtight,1,1,0.0067748145298497375,4.0593614324056375,1.1461911845702542,0.0,0.0,2.9131702478353816,0,0,1.7763568394002505e-15,0.758544921875
D2-N2-M5-Rtight-S1119,N2-M5-Rtight,1,1,0.006847130495287235,4.102692012121253,1.1584258991477476,0.0,0.0,2.9442661129735086,0,0,-3.552713678800501e-15,0.7587890625
D2-N3-M3-Rloose-S1393,N3-M3-Rloose,2,2+,0.006892757525364446,0.0,-0.6607074554584393,-0.42462677537537785,-0.5,1.5853342308338227,0,0,-5.551115123125783e-15,0.759033203125
D2-N2-M5-Rloose-S1430,N2-M5-Rloose,4,2+,0.0069426727604016,6.89335814235973,4.673868754206737,-0.279872805591586,0.0,2.4993621937445774,0,0,2.220446049250313e-15,0.75927734375
D2-N2-M5-Rtight-S1474,N2-M5-Rtight,1,1,0.006952494679178134,4.165824560261015,1.1762518482144149,0.0,0.0,2.989572712046595,0,0,5.329070518200751e-15,0.759521484375
D2-N2-M5-Rtight-S1426,N2-M5-Rtight,1,1,0.006959718762346745,4.170153116337303,1.1774740485282216,0.0,0.0,2.9926790678090924,0,0,-1.0658141036401503e-14,0.759765625
D2-N3-M5-Rtight-S1441,N3-M5-Rtight,1,1,0.00697004822206071,4.17634236479509,1.1792216293089872,0.0,0.0,2.9971207354861065,0,0,-3.552713678800501e-15,0.760009765625
D2-N2-M5-Rtight-S1111,N2-M5-Rtight,0,0,0.007002640113293084,0.0,-1.6957037397331227,-0.8252467010523878,0.0,2.5209504407855103,0,0,0.0,0.76025390625
D2-N2-M5-Rtight-S1422,N2-M5-Rtight,1,1,0.007033922293280093,4.214614695365356,1.1900281092549214,0.0,0.0,3.0245865861104306,0,0,3.552713678800501e-15,0.760498046875
D2-N3-M5-Rtight-S1211,N3-M5-Rtight,1,1,0.007034600460461192,0.0,-2.2305546958410982,-0.2943235021572135,-0.5,3.024878197998312,-1,-1,-4.440892098500626e-16,0.7607421875
D2-N3-M5-Rloose-S1261,N3-M5-Rloose,4,2+,0.007035852642002349,12.188984824198258,9.393971783114111,-0.2378939100366888,0.5,2.532906951120836,1,0,-4.440892098500626e-16,0.760986328125
D2-N2-M5-Rtight-S1366,N2-M5-Rtight,1,1,0.0070417061250660495,4.219278643936775,1.1913450101583969,0.0,0.0,3.027933633778389,0,0,-1.0658141036401503e-14,0.76123046875
D2-N3-M5-Rloose-S1294,N3-M5-Rloose,4,2+,0.007060662106024591,3.0007741968714328,0.9589358387025797,0.0,-0.5,2.541838358168853,-1,0,0.0,0.761474609375
D2-N2-M5-Rloose-S1150,N2-M5-Rloose,4,2+,0.007062148348432079,0.0,-3.310307862034314,0.7735840722085188,-0.5,3.0367237898257926,-1,-3,2.6645352591003757e-15,0.76171875
D2-N3-M5-Rtight-S1236,N3-M5-Rtight,2,2+,0.007088515876367371,0.0,-0.9640242924144076,-0.5916453117321272,-0.5,2.055669604146537,0,0,-2.6645352591003757e-15,0.761962890625
D2-N3-M5-Rtight-S1141,N3-M5-Rtight,1,1,0.007120225418476511,4.2663261594024675,1.20462922945757,0.0,0.0,3.061696929944901,0,0,-3.552713678800501e-15,0.76220703125
D2-N3-M5-Rtight-S1128,N3-M5-Rtight,1,1,0.007124472335188425,4.268870844549355,1.2053477404183344,0.0,0.0,3.0635231041310362,0,0,-1.5987211554602254e-14,0.762451171875
D2-N2-M5-Rtight-S1193,N2-M5-Rtight,1,1,0.007131730281234705,3.784546446437858,1.2171235451933615,0.0,0.0,2.5674229012444982,0,0,-1.7763568394002505e-15,0.7626953125
D2-N2-M5-Rtight-S1204,N2-M5-Rtight,1,1,0.007238139033819313,3.736886057450718,1.1311560052757645,0.0,0.0,2.6057300521749482,0,0,5.329070518200751e-15,0.762939453125
D2-N2-M3-Rloose-S1113,N2-M3-Rloose,3,2+,0.007254253289089102,0.0,-1.168478256490495,0.0,-0.5,1.668478256490495,-1,-1,0.0,0.76318359375
D2-N3-M3-Rtight-S1260,N3-M3-Rtight,1,1,0.007283885690165304,2.611311903378379,1.1094982624169614,-0.1734800677765964,0.0,1.6752937087380175,0,0,-3.552713678800501e-15,0.763427734375
D2-N3-M5-Rloose-S1454,N3-M5-Rloose,4,2+,0.007288611493446728,6.874998463859583,4.251098326218756,0.0,0.0,2.623900137640831,0,0,-3.552713678800501e-15,0.763671875
D2-N2-M5-Rtight-S1063,N2-M5-Rtight,0,0,0.007312985736849121,0.0,-1.6397949353018717,-0.9928799299638124,0.0,2.6326748652656837,0,0,4.440892098500626e-16,0.763916015625
D2-N3-M3-Rtight-S1413,N3-M3-Rtight,2,2+,0.00732188328757119,0.0,-1.1530333867709324,-0.5435315995004238,-0.5,2.1965649862713548,-1,0,1.3322676295501878e-15,0.76416015625
D2-N2-M5-Rtight-S1378,N2-M5-Rtight,1,1,0.007376075050464975,4.419627201669101,1.2479149299691699,0.0,0.0,3.1717122716999313,0,0,0.0,0.764404296875
D2-N2-M3-Rloose-S1260,N2-M3-Rloose,2,2+,0.007445914798922204,0.0,-0.5599492017042174,-0.6526112020478811,-0.5,1.7125604037521,-1,0,-1.5543122344752192e-15,0.7646484375
D2-N2-M5-Rtight-S1156,N2-M5-Rtight,2,2+,0.007470442795495247,0.0,-1.6664284106936087,0.0,-0.5,2.1664284106936122,-1,-1,-3.552713678800501e-15,0.764892578125
D2-N3-M5-Rloose-S1161,N3-M5-Rloose,3,2+,0.007488284079240376,0.0,-0.8392869977322732,-0.8323153852474428,-0.5,2.1716023829797138,-1,-1,2.220446049250313e-15,0.76513671875
D2-N3-M5-Rtight-S1483,N3-M5-Rtight,2,2+,0.007488764009860871,0.0,-1.0548470438160127,-0.6168945190436395,-0.5,2.1717415628596513,-1,0,8.881784197001252e-16,0.765380859375
D2-N3-M5-Rtight-S1477,N3-M5-Rtight,1,1,0.007512559226538984,3.7686192744803577,1.0640979529263284,0.0,0.0,2.70452132155404,0,0,-1.0658141036401503e-14,0.765625
D2-N2-M5-Rtight-S1355,N2-M5-Rtight,0,0,0.0075359291620353715,0.0,-1.6013105574723987,-1.1116239408603346,0.0,2.712934498332734,0,0,-8.881784197001252e-16,0.765869140625
D2-N3-M3-Rloose-S1445,N3-M3-Rloose,3,2+,0.007537046965382654,5.987273613581664,4.253752811543642,0.0,0.0,1.733520802038015,0,0,7.105427357601002e-15,0.76611328125
D2-N3-M5-Rtight-S1498,N3-M5-Rtight,3,2+,0.007542469039675537,0.0,-1.6082568869868652,-0.635004800073613,-1.0,3.243261687060482,-2,-1,-3.552713678800501e-15,0.766357421875
D2-N3-M5-Rtight-S1194,N3-M5-Rtight,2,2+,0.007553055411720626,0.0,-2.74781382703987,0.0,-0.5,3.24781382703987,0,0,0.0,0.7666015625
D2-N3-M5-Rloose-S1186,N3-M5-Rloose,5,2+,0.007558386566358655,8.427434213115873,5.706415049226742,0.0,0.0,2.721019163889139,0,0,-7.105427357601002e-15,0.766845703125
D2-N3-M3-Rtight-S1405,N3-M3-Rtight,2,2+,0.007587412340289423,0.0,-0.8926765290805374,-0.883547173006302,-0.5,2.2762237020868383,-1,0,8.881784197001252e-16,0.76708984375
D2-N2-M5-Rtight-S1181,N2-M5-Rtight,1,1,0.007589645523099792,3.882408541195616,1.1501361528796998,0.0,0.0,2.73227238831592,0,0,-3.552713678800501e-15,0.767333984375
D2-N2-M3-Rloose-S1049,N2-M3-Rloose,2,2+,0.007598441570905029,0.0,-1.2476415613081642,0.0,-0.5,1.7476415613081642,-1,0,0.0,0.767578125
D2-N3-M3-Rtight-S1261,N3-M3-Rtight,2,2+,0.007603652101813296,0.0,-0.8070992293635619,-0.4417407540535045,-0.5,1.7488399834170565,-1,0,9.992007221626409e-15,0.767822265625
D2-N2-M5-Rtight-S1214,N2-M5-Rtight,1,1,0.007617894585299434,3.821459971150915,1.0790179204431016,0.0,0.0,2.742442050707801,0,0,1.2434497875801753e-14,0.76806640625
D2-N3-M5-Rloose-S1034,N3-M5-Rloose,5,2+,0.007642060511547588,7.128308280462591,4.363331477658129,0.013835018647346597,0.0,2.7511417841571273,-1,0,-1.199040866595169e-14,0.768310546875
D2-N2-M5-Rloose-S1106,N2-M5-Rloose,4,2+,0.007642553370023952,7.315007207370002,4.56368799416137,0.0,0.0,2.7513192132086317,0,0,0.0,0.7685546875
D2-N3-M5-Rtight-S1294,N3-M5-Rtight,2,2+,0.007648477984312917,0.0,-2.788845533254557,0.0,-0.5,3.2888455332545554,-1,-1,1.7763568394002505e-15,0.768798828125
D2-N3-M5-Rtight-S1377,N3-M5-Rtight,1,1,0.007663741115615685,0.0,-1.988715065496777,-0.27023173612485696,-0.5,2.758946801621647,-1,0,-1.3322676295501878e-14,0.76904296875
D2-N2-M5-Rtight-S1039,N2-M5-Rtight,1,1,0.007678262987103224,3.9225412611344126,1.1583665857772463,0.0,0.0,2.764174675357161,0,0,5.329070518200751e-15,0.769287109375
D2-N2-M5-Rloose-S1069,N2-M5-Rloose,3,2+,0.0077255287893091,0.0,-2.4109866847313697,0.08900930532846374,-1.0,3.3219773794028953,-2,0,1.0658141036401503e-14,0.76953125
D2-N2-M5-Rtight-S1018,N2-M5-Rtight,1,1,0.0077716294681183795,0.0,-2.297786608522623,0.0,-0.5,2.797786608522614,0,0,8.881784197001252e-15,0.769775390625
D2-N2-M5-Rtight-S1108,N2-M5-Rtight,1,1,0.0077729647561842405,0.0,-2.45900723744915,0.16073992522282177,-0.5,2.7982673122263275,0,0,4.440892098500626e-16,0.77001953125
D2-N3-M5-Rloose-S1494,N3-M5-Rloose,6,2+,0.0077851309171050875,16.094795997182587,12.085488936346238,0.1617007664811545,0.5,3.347606294355188,1,0,6.217248937900877e-15,0.770263671875
D2-N2-M5-Rtight-S1043,N2-M5-Rtight,1,1,0.007785404127461398,3.9054898829578946,1.1027443970717954,0.0,0.0,2.802745485886099,0,0,0.0,0.7705078125
D2-N3-M5-Rtight-S1065,N3-M5-Rtight,1,1,0.007823687618953329,3.924694510779176,1.1081669679559703,0.0,0.0,2.816527542823202,0,0,3.552713678800501e-15,0.770751953125
D2-N2-M5-Rtight-S1064,N2-M5-Rtight,1,1,0.007823705951486626,3.9247037071576756,1.1081695646225,0.0,0.0,2.8165341425351755,0,0,0.0,0.77099609375
D2-N2-M5-Rtight-S1148,N2-M5-Rtight,1,1,0.007830319689224485,3.988935236403975,1.170020148283152,0.0,0.0,2.818915088120818,0,0,5.329070518200751e-15,0.771240234375
D2-N2-M3-Rloose-S1509,N2-M3-Rloose,2,2+,0.007869566430711905,0.0,-0.478755014685202,-0.8312452643785333,-0.5,1.8100002790637433,-1,-1,-7.993605777301127e-15,0.771484375
D2-N2-M5-Rtight-S1287,N2-M5-Rtight,1,1,0.007879911498592101,0.0,-2.3367681394931594,0.0,-0.5,2.8367681394931594,-1,-1,0.0,0.771728515625
D2-N2-M5-Rtight-S1403,N2-M5-Rtight,1,1,0.007881476142121535,3.9536836921870417,1.1163522810232873,0.0,0.0,2.8373314111637455,0,0,8.881784197001252e-15,0.77197265625
D2-N2-M5-Rloose-S1064,N2-M5-Rloose,3,2+,0.007926551726108344,1.9366328200171665,0.13793281944575142,0.0,-0.5,2.298700000571415,-1,0,0.0,0.772216796875
D2-N2-M5-Rtight-S1346,N2-M5-Rtight,1,1,0.007949426515579755,0.0,-2.361793545608718,0.0,-0.5,2.8617935456087196,-1,-1,-1.7763568394002505e-15,0.7724609375
D2-N2-M5-Rtight-S1404,N2-M5-Rtight,1,1,0.007957633907603803,0.0,-2.364748206737369,0.0,-0.5,2.864748206737369,-1,-1,0.0,0.772705078125
D2-N2-M5-Rloose-S1180,N2-M5-Rloose,3,2+,0.008014301904854026,2.8593804435431025,0.24777709958494398,0.22645465821070565,-0.5,2.8851486857474526,-1,0,0.0,0.77294921875
D2-N2-M5-Rtight-S1379,N2-M5-Rtight,1,1,0.008016754505773417,0.0,-2.3860316220784323,0.0,-0.5,2.8860316220784323,-1,-1,0.0,0.773193359375
D2-N2-M5-Rtight-S1390,N2-M5-Rtight,1,1,0.00802311203638556,4.024734281604793,1.1364139485060143,0.0,0.0,2.8883203330987897,0,0,-1.0658141036401503e-14,0.7734375
D2-N3-M5-Rtight-S1407,N3-M5-Rtight,2,2+,0.008051208364003248,0.0,-1.1596653880696852,-0.6751850374912653,-0.5,2.334850425560944,-1,0,6.217248937900877e-15,0.773681640625
D2-N2-M5-Rloose-S1166,N2-M5-Rloose,4,2+,0.008060482789544743,7.500341142481318,4.598567338245214,0.0,0.0,2.9017738042361003,0,0,3.552713678800501e-15,0.77392578125
D2-N2-M5-Rloose-S1372,N2-M5-Rloose,2,2+,0.008075408126814704,5.898425548541958,2.9912786228886645,0.0,0.0,2.9071469256532936,0,0,0.0,0.774169921875
D2-N2-M5-Rtight-S1267,N2-M5-Rtight,1,1,0.008087630741667559,0.0,-2.4115470670003205,0.0,-0.5,2.9115470670003205,-1,-1,0.0,0.7744140625
D2-N2-M3-Rloose-S1008,N2-M3-Rloose,2,2+,0.008110537112271082,0.0,-0.5630967583903832,-0.8023267774319642,-0.5,1.8654235358223517,-1,-1,-4.218847493575595e-15,0.774658203125
D2-N3-M5-Rloose-S1323,N3-M5-Rloose,3,2+,0.008138375382804437,5.681035463895277,3.3209066028819905,0.0,0.0,2.360128861013287,0,0,0.0,0.77490234375
D2-N2-M5-Rtight-S1016,N2-M5-Rtight,1,1,0.008156623315551198,4.091709218487395,1.155324824888968,0.0,0.0,2.9363843935984306,0,0,-3.552713678800501e-15,0.775146484375
D2-N2-M3-Rloose-S1097,N2-M3-Rloose,2,2+,0.00818917601112873,0.0,-0.5262220605254981,-0.8572884220340904,-0.5,1.8835104825596005,-1,-1,-1.199040866595169e-14,0.775390625
D2-N2-M5-Rtight-S1083,N2-M5-Rtight,1,1,0.008198575412910858,4.1127541750657315,1.1612670264178089,0.0,0.0,2.9514871486479137,0,0,8.881784197001252e-15,0.775634765625
D2-N2-M5-Rloose-S1047,N2-M5-Rloose,2,2+,0.00820247175770103,0.0,-1.7759957146668235,-0.6768941181055468,-0.5,2.952889832772371,-1,-1,-8.881784197001252e-16,0.77587890625
D2-N2-M5-Rtight-S1231,N2-M5-Rtight,1,1,0.008221821932539813,4.124415618163411,1.1645597224490682,0.0,0.0,2.959855895714341,0,0,1.7763568394002505e-15,0.776123046875
D2-N2-M5-Rloose-S1271,N2-M5-Rloose,3,2+,0.00827361692976139,3.0384291972526114,0.17187822786960183,0.38804887466890947,-0.5,2.9785020947140985,-1,0,1.7763568394002505e-15,0.7763671875
D2-N2-M5-Rtight-S1052,N2-M5-Rtight,1,1,0.008294573747526623,4.160911023250421,1.1748644741408345,0.0,0.0,2.986046549109588,0,0,-1.7763568394002505e-15,0.776611328125
D2-N2-M5-Rtight-S1383,N2-M5-Rtight,2,2+,0.008303798583480959,0.0,-1.2854138757778024,-0.6226877134316794,-0.5,2.4081015892094797,-1,0,2.220446049250313e-15,0.77685546875
D2-N3-M5-Rtight-S1003,N3-M5-Rtight,1,1,0.00830394228219411,4.165610678754888,1.1761914571650003,0.0,0.0,2.989419221589884,0,0,3.552713678800501e-15,0.777099609375
D2-N2-M5-Rtight-S1159,N2-M5-Rtight,1,1,0.008331639915615828,0.0,-2.1980797726176977,-0.3013105970040003,-0.5,2.999390369621697,0,0,1.3322676295501878e-15,0.77734375
D2-N3-M3-Rtight-S1076,N3-M3-Rtight,2,2+,0.008352799872393513,0.0,-1.0590578062592435,-0.3620861643912727,-0.5,1.921143970650519,-1,0,-2.6645352591003757e-15,0.777587890625
D2-N3-M5-Rloose-S1390,N3-M5-Rloose,4,2+,0.008355596513863098,0.0,-2.5080147449907173,0.0,-0.5,3.0080147449907173,-1,-1,0.0,0.77783203125
D2-N3-M5-Rtight-S1448,N3-M5-Rtight,1,1,0.008364748414946388,4.19611362149206,1.1848041921113612,0.0,0.0,3.0113094293807023,0,0,-3.552713678800501e-15,0.778076171875
D2-N2-M5-Rtight-S1367,N2-M5-Rtight,1,1,0.008369642200580105,0.0,-2.2448473386411614,-0.268223853567678,-0.5,3.013071192208839,0,0,0.0,0.7783203125
D2-N2-M3-Rloose-S1363,N2-M3-Rloose,2,2+,0.008406637311996007,3.2588275694093696,1.9137655994900094,0.0,0.0,1.3450619699193638,0,0,-3.552713678800501e-15,0.778564453125
D2-N3-M5-Rtight-S1502,N3-M5-Rtight,1,1,0.00842009703568308,0.0,-0.8057229832193986,-2.225511949626511,0.0,3.0312349328459103,0,0,-4.440892098500626e-16,0.77880859375
D2-N3-M3-Rloose-S1325,N3-M3-Rloose,4,2+,0.00845421491143794,3.8969414122181263,2.796881287510786,-0.34440930492339317,-0.5,1.944469429630729,-1,0,4.6629367034256575e-15,0.779052734375
D2-N2-M3-Rtight-S1169,N2-M3-Rtight,1,1,0.008458747166032787,3.0971968174419544,1.1516849692544078,0.0,0.0,1.9455118481875502,0,0,-3.552713678800501e-15,0.779296875
D2-N3-M5-Rtight-S1510,N3-M5-Rtight,1,1,0.008461644321831774,4.244720730107815,1.1985287742483521,0.0,0.0,3.046191955859456,0,0,7.105427357601002e-15,0.779541015625
D2-N2-M5-Rloose-S1219,N2-M5-Rloose,3,2+,0.008469498661745276,2.889346183673972,0.34032666544566936,0.0,-0.5,3.0490195182283024,-1,0,0.0,0.77978515625
D2-N3-M5-Rtight-S1184,N3-M5-Rtight,1,1,0.008500008423745764,4.3291133359108045,1.151373748187961,0.11773655517437676,0.0,3.0600030325484795,1,0,-1.2434497875801753e-14,0.780029296875
D2-N3-M5-Rloose-S1423,N3-M5-Rloose,3,2+,0.008519977160103796,5.700240316869177,3.2294469404390753,0.0,0.0,2.4707933764301018,0,0,0.0,0.7802734375
D2-N3-M5-Rtight-S1208,N3-M5-Rtight,2,2+,0.008525951999669101,0.0,-1.4365296935321599,-0.5359963863718624,-0.5,2.4725260799040285,-1,0,-6.217248937900877e-15,0.780517578125
D2-N2-M5-Rloose-S1067,N2-M5-Rloose,3,2+,0.008536083123668117,3.0305998582127387,0.45760993369221836,0.0,-0.5,3.0729899245205203,-1,0,0.0,0.78076171875
D2-N3-M5-Rloose-S1331,N3-M5-Rloose,3,2+,0.008549077448258946,3.1051703029200297,0.5275024215468065,0.0,-0.5,3.0776678813732232,-1,0,0.0,0.781005859375
D2-N3-M3-Rtight-S1441,N3-M3-Rtight,2,2+,0.008647595208579065,0.0,-1.0488992029994648,-0.44004769497372054,-0.5,1.9889468979731824,0,0,3.1086244689504383e-15,0.78125
D2-N3-M5-Rtight-S1163,N3-M5-Rtight,0,0,0.008656755164761453,0.0,-1.7011007228767214,-0.8093582749041016,0.0,2.5104589977808223,0,0,8.881784197001252e-16,0.781494140625
D2-N3-M5-Rtight-S1390,N3-M5-Rtight,1,1,0.008685490526649686,4.357011508330999,1.2302349187371195,0.0,0.0,3.1267765895938737,0,0,5.329070518200751e-15,0.78173828125
D2-N2-M5-Rtight-S1434,N2-M5-Rtight,1,1,0.008696695051937514,4.362632174829301,1.231821956131805,0.0,0.0,3.130810218697505,0,0,-8.881784197001252e-15,0.781982421875
D2-N2-M5-Rloose-S1350,N2-M5-Rloose,4,2+,0.008706409146825578,6.1696293715363595,2.9258734384013536,0.0,-0.5,3.7437559331349917,-1,0,1.4210854715202004e-14,0.7822265625
D2-N2-M5-Rtight-S1318,N2-M5-Rtight,1,1,0.008833822431442984,4.431421101462718,1.2512450261432253,0.0,0.0,3.18017607531948,0,0,1.2434497875801753e-14,0.782470703125
D2-N3-M3-Rloose-S1463,N3-M3-Rloose,2,2+,0.008834752777000687,3.463449847387551,2.0498894030674393,0.0,0.0,1.4135604443201117,0,0,0.0,0.78271484375
D2-N3-M5-Rtight-S1403,N3-M5-Rtight,1,1,0.008846232770270357,4.437646655324855,1.2530028580275356,0.0,0.0,3.1846437972973263,0,0,-7.105427357601002e-15,0.782958984375
D2-N3-M5-Rtight-S1248,N3-M5-Rtight,1,1,0.008857180542353071,0.0,-2.052218223080054,-0.6363667721670324,-0.5,3.1885849952470977,-1,0,-1.1546319456101628e-14,0.783203125
D2-N3-M3-Rtight-S1289,N3-M3-Rtight,2,2+,0.00889582072199556,0.0,-1.5460387660589774,0.0,-0.5,2.0460387660589774,-1,-1,0.0,0.783447265625
D2-N2-M5-Rtight-S1408,N2-M5-Rtight,1,1,0.00891102521604098,0.0,-2.094874205418062,-0.6130948723566878,-0.5,3.2079690777747487,-1,0,8.881784197001252e-16,0.78369140625
D2-N3-M3-Rtight-S1216,N3-M3-Rtight,2,2+,0.008913532501127641,0.0,-0.9145800367309445,-0.6355324385284147,-0.5,2.050112475259354,-1,0,5.329070518200751e-15,0.783935546875
D2-N3-M3-Rloose-S1167,N3-M3-Rloose,2,2+,0.008981855587951781,3.456675417358653,2.019578523286377,0.0,0.0,1.4370968940722832,0,0,-7.105427357601002e-15,0.7841796875
D2-N3-M5-Rtight-S1334,N3-M5-Rtight,3,2+,0.009006205051892674,4.342713888780395,1.5871709533868312,0.013309116712213243,-0.5,3.242233818681356,0,0,-5.773159728050814e-15,0.784423828125
D2-N2-M5-Rtight-S1347,N2-M5-Rtight,0,0,0.009024329564687558,0.0,-1.6474436803109187,-0.9696118934484724,0.0,2.6170555737593917,0,0,-4.440892098500626e-16,0.78466796875
D2-N2-M5-Rloose-S1014,N2-M5-Rloose,2,2+,0.009058054846365182,4.014943437568206,0.8853346035072036,-0.7653547498760158,0.0,3.8949635839370274,1,0,-8.881784197001252e-15,0.784912109375
D2-N3-M5-Rtight-S1066,N3-M5-Rtight,0,0,0.009072485115603664,0.0,-1.640602479088633,-0.9904182044364287,0.0,2.631020683525062,0,0,0.0,0.78515625
D2-N2-M3-Rtight-S1296,N2-M3-Rtight,1,1,0.009079918091045025,3.7957276272039167,1.0717521998903852,0.0,0.0,2.723975427313519,0,0,1.2434497875801753e-14,0.785400390625
D2-N3-M5-Rtight-S1470,N3-M5-Rtight,2,2+,0.00908116962446251,0.0,-2.7692210648065014,0.0,-0.5,3.2692210648065014,-1,-1,0.0,0.78564453125
D2-N3-M5-Rtight-S1259,N3-M5-Rtight,1,1,0.00910961936733401,0.0,-2.1008952475872977,-0.6785677246529309,-0.5,3.279462972240239,-1,0,-1.0658141036401503e-14,0.785888671875
D2-N2-M5-Rloose-S1296,N2-M5-Rloose,3,2+,0.00911732697453306,3.131644192865707,0.34940648203379965,0.0,-0.5,3.282237710831904,-1,0,3.552713678800501e-15,0.7861328125
D2-N3-M5-Rtight-S1304,N3-M5-Rtight,1,1,0.009126211219402991,0.0,-2.1849855148848416,-0.6004505241002449,-0.5,3.2854360389850825,-1,0,3.9968028886505635e-15,0.786376953125
D2-N2-M3-Rtight-S1168,N2-M3-Rtight,1,1,0.009153502366835237,3.8264884629012954,1.0804377528507274,0.0,0.0,2.746050710050568,0,0,0.0,0.78662109375
D2-N3-M5-Rloose-S1091,N3-M5-Rloose,3,2+,0.009195928775586198,3.153470850647558,0.3429364914365216,0.0,-0.5,3.3105343592110295,-1,0,7.105427357601002e-15,0.786865234375
D2-N2-M5-Rloose-S1460,N2-M5-Rloose,2,2+,0.00920305928107562,0.0,-1.6537161773586107,-1.1593851638286106,-0.5,3.3131013411872203,-1,0,8.881784197001252e-16,0.787109375
D2-N2-M5-Rtight-S1331,N2-M5-Rtight,0,0,0.009213385604864899,0.0,-1.6208262869110577,-1.0510555384997744,0.0,2.6718818254108214,0,0,1.0658141036401503e-14,0.787353515625
D2-N3-M5-Rtight-S1131,N3-M5-Rtight,0,0,0.009218687642766787,0.0,-1.620089027015145,-1.0533303893872241,0.0,2.6734194164023695,0,0,-4.440892098500626e-16,0.78759765625
D2-N2-M5-Rloose-S1366,N2-M5-Rloose,4,2+,0.009220637945628746,8.77222146240993,4.8073471457895565,0.0,0.0,3.9648743166203673,0,0,7.105427357601002e-15,0.787841796875
D2-N2-M5-Rtight-S1161,N2-M5-Rtight,1,1,0.009261232102319161,3.876895986385506,1.1911386767129581,0.0,0.0,2.685757309672553,0,0,-5.329070518200751e-15,0.7880859375
D2-N2-M5-Rloose-S1222,N2-M5-Rloose,4,2+,0.009267029937827298,6.228282196850444,3.100987822935295,0.29116359629731536,-0.5,3.336130777617825,-1,0,7.993605777301127e-15,0.788330078125
D2-N2-M5-Rtight-S1027,N2-M5-Rtight,1,1,0.009287115157690123,0.0,-2.427424915853278,0.23416152012314173,-0.5,2.6932633957301366,-1,-1,-4.440892098500626e-16,0.78857421875
D2-N2-M5-Rtight-S1071,N2-M5-Rtight,0,0,0.009430249330661833,0.0,-1.59106993817786,-1.1437023677140643,0.0,2.734772305891923,0,0,1.3322676295501878e-15,0.788818359375
D2-N2-M5-Rtight-S1167,N2-M5-Rtight,0,0,0.009431075672781272,0.0,-1.5909580957251723,-1.1440538493813959,0.0,2.735011945106568,0,0,0.0,0.7890625
D2-N3-M3-Rtight-S1177,N3-M3-Rtight,2,2+,0.009439777443903952,0.0,-0.9807730698609678,-0.6903757422369473,-0.5,2.171148812097911,-1,0,3.9968028886505635e-15,0.789306640625
D2-N2-M5-Rtight-S1423,N2-M5-Rtight,1,1,0.009489535541362809,0.0,-2.020559303760116,-0.23140600323510152,-0.5,2.751965306995217,-1,0,8.881784197001252e-16,0.78955078125
D2-N2-M3-Rtight-S1360,N2-M3-Rtight,2,2+,0.009524670087892317,0.0,-1.6906741202152382,0.0,-0.5,2.1906741202152347,-1,-1,3.552713678800501e-15,0.789794921875
D2-N3-M5-Rtight-S1286,N3-M5-Rtight,2,2+,0.0095771496907881,0.0,-2.947773888683713,0.0,-0.5,3.447773888683713,-1,-1,0.0,0.7900390625
D2-N3-M5-Rtight-S1511,N3-M5-Rtight,1,1,0.009666222226236393,0.0,-2.552016839576021,0.24881239396745958,-0.5,2.803204445608557,-1,-1,4.440892098500626e-15,0.790283203125
D2-N2-M3-Rtight-S1005,N2-M3-Rtight,1,1,0.009707979604602401,4.058279603409915,1.1458857220292167,0.0,0.0,2.912393881380723,0,0,-2.4868995751603507e-14,0.79052734375
D2-N2-M5-Rtight-S1251,N2-M5-Rtight,1,1,0.009738587734253262,3.9353723903816302,1.1111819474481912,0.0,0.0,2.8241904429334426,0,0,-3.552713678800501e-15,0.790771484375
D2-N2-M5-Rloose-S1208,N2-M5-Rloose,3,2+,0.009794002293826432,6.991650754286582,3.465809928509074,0.0,0.0,3.5258408257775073,0,0,0.0,0.791015625
D2-N2-M3-Rtight-S1446,N2-M3-Rtight,1,1,0.009796796303788618,0.0,-2.4390388911365846,0.0,-0.5,2.939038891136585,-1,-1,-4.440892098500626e-16,0.791259765625
D2-N3-M5-Rtight-S1385,N3-M5-Rtight,1,1,0.009808650419390025,0.0,-3.717719680337714,0.0,-0.5,4.217719680337712,0,0,1.7763568394002505e-15,0.79150390625
D2-N2-M3-Rtight-S1012,N2-M3-Rtight,1,1,0.009855114464733916,4.119787190584859,1.16325285116468,0.0,0.0,2.9565343394201733,0,0,5.329070518200751e-15,0.791748046875
D2-N3-M3-Rtight-S1392,N3-M3-Rtight,2,2+,0.009864974737714416,0.0,-1.2292317206371326,-0.53971246903718,-0.5,2.2689441896743148,-1,0,-2.220446049250313e-15,0.7919921875
D2-N2-M5-Rtight-S1227,N2-M5-Rtight,1,1,0.009903004664074011,0.0,-2.371871352581463,0.0,-0.5,2.871871352581463,-1,-1,0.0,0.792236328125
D2-N2-M5-Rtight-S1368,N2-M5-Rtight,1,1,0.009921939613956987,4.079997852405427,1.202635364357901,0.0,0.0,2.877362488047524,0,0,1.7763568394002505e-15,0.79248046875
D2-N3-M3-Rtight-S1217,N3-M3-Rtight,1,1,0.009936428401166375,3.4389644591839925,1.153585926915726,0.0,0.0,2.2853785322682683,0,0,-1.7763568394002505e-15,0.792724609375
D2-N2-M5-Rtight-S1312,N2-M5-Rtight,1,1,0.009996314393362543,0.0,-2.5418777459280104,0.14294657185287263,-0.5,2.8989311740751376,-1,-1,0.0,0.79296875
D2-N2-M5-Rloose-S1152,N2-M5-Rloose,3,2+,0.010000584117396127,7.494053010214316,3.873508604297804,0.020334123653920344,0.0,3.6002102822625943,0,0,-3.1086244689504383e-15,0.793212890625
D2-N3-M5-Rtight-S1478,N3-M5-Rtight,2,2+,0.010059945882500275,0.0,-3.1215805177000995,0.0,-0.5,3.6215805177000995,-1,-1,0.0,0.79345703125
D2-N3-M3-Rtight-S1172,N3-M3-Rtight,2,2+,0.01006005240819896,0.0,-1.2081781872857231,-0.6056338666000705,-0.5,2.313812053885769,-1,0,2.4424906541753444e-14,0.793701171875
D2-N2-M3-Rtight-S1504,N2-M3-Rtight,1,1,0.010103515272554098,4.223627533571289,1.1925729518050598,0.0,0.0,3.0310545817662273,0,0,1.7763568394002505e-15,0.7939453125
D2-N3-M5-Rtight-S1144,N3-M5-Rtight,1,1,0.010142779189296902,4.098706534511422,1.157300569615316,0.0,0.0,2.9414059648960915,0,0,1.4210854715202004e-14,0.794189453125
D2-N2-M5-Rtight-S1511,N2-M5-Rtight,1,1,0.01015144006682922,0.0,-2.443917619380464,0.0,-0.5,2.9439176193804784,-1,-1,-1.4210854715202004e-14,0.79443359375
D2-N2-M5-Rloose-S1482,N2-M5-Rloose,4,2+,0.010191612761136504,4.248693316718914,1.0797127227097825,0.0,-0.5,3.6689805940091276,-1,0,3.552713678800501e-15,0.794677734375
D2-N2-M5-Rtight-S1236,N2-M5-Rtight,1,1,0.010193832313976803,4.119337149831665,1.1631257787784044,0.0,0.0,2.9562113710532714,0,0,-1.0658141036401503e-14,0.794921875
D2-N3-M5-Rtight-S1249,N3-M5-Rtight,1,1,0.010232586080586276,0.0,-3.8253133444466982,-0.7909796958464452,-0.5,5.116293040293144,-1,0,0.0,0.795166015625
D2-N3-M3-Rtight-S1273,N3-M3-Rtight,2,2+,0.010240101434299376,0.0,-0.9327275224342682,-0.9224958074545981,-0.5,2.355223329888858,-1,0,7.993605777301127e-15,0.79541015625
D2-N2-M3-Rtight-S1432,N2-M3-Rtight,1,1,0.010286147311878241,4.299974199953553,1.2141300063900786,0.0,0.0,3.0858441935634744,0,0,0.0,0.795654296875
D2-N3-M5-Rtight-S1199,N3-M5-Rtight,1,1,0.010307176154767207,0.0,-1.987944990647108,-0.5011360942353809,-0.5,2.989081084882489,-1,-1,0.0,0.7958984375
D2-N3-M5-Rloose-S1067,N3-M5-Rloose,3,2+,0.010319017883332782,2.9532191878291556,0.46070400166264847,0.0,-0.5,2.992515186166507,-1,0,0.0,0.796142578125
D2-N3-M3-Rtight-S1278,N3-M3-Rtight,1,1,0.01036233664489411,3.832320589954108,1.448983161628437,0.0,0.0,2.383337428325653,0,0,1.7763568394002505e-14,0.79638671875
D2-N2-M5-Rtight-S1419,N2-M5-Rtight,1,1,0.010373276354392398,0.0,-2.222299037968204,-0.28595110480559216,-0.5,3.008250142773795,0,0,1.3322676295501878e-15,0.796630859375
D2-N2-M5-Rtight-S1396,N2-M5-Rtight,1,1,0.010384756666329903,4.196489858766995,1.184910425531326,0.0,0.0,3.011579433235667,0,0,1.7763568394002505e-15,0.796875
D2-N3-M5-Rtight-S1191,N3-M5-Rtight,1,1,0.010401021000725486,0.0,-3.972439030311957,0.0,-0.5,4.4724390303119606,-1,-1,-3.552713678800501e-15,0.797119140625
D2-N2-M5-Rtight-S1384,N2-M5-Rtight,1,1,0.010436932345539409,0.0,-3.9878809085819444,0.0,-0.5,4.487880908581944,-1,-1,0.0,0.79736328125
D2-N2-M5-Rtight-S1143,N2-M5-Rtight,1,1,0.010488409658507059,4.238376129623248,1.1967373286562086,0.0,0.0,3.0416388009670356,0,0,3.552713678800501e-15,0.797607421875
D2-N3-M5-Rtight-S1504,N3-M5-Rtight,1,1,0.010506669776262655,0.0,-4.017868003792944,0.0,-0.5,4.517868003792943,-1,-1,8.881784197001252e-16,0.7978515625
D2-N2-M3-Rtight-S1233,N2-M3-Rtight,2,2+,0.010516555247597315,0.0,-1.3074991327810839,-0.6113085741662767,-0.5,2.4188077069473763,-1,0,-1.5987211554602254e-14,0.798095703125
D2-N3-M3-Rloose-S1337,N3-M3-Rloose,3,2+,0.010540514715996083,5.633625372345662,3.2093069876665616,0.0,0.0,2.4243183846791005,0,0,0.0,0.79833984375
D2-N3-M5-Rtight-S1432,N3-M5-Rtight,1,1,0.010582690766625304,0.0,-2.052828720334599,-0.5161516019867395,-0.5,3.068980322321339,0,0,-8.881784197001252e-16,0.798583984375
D2-N2-M3-Rloose-S1093,N2-M3-Rloose,3,2+,0.010598603830429335,3.1237434494146825,0.44416230028588544,0.0,-0.5,3.179581149128797,-1,0,0.0,0.798828125
D2-N3-M5-Rtight-S1354,N3-M5-Rtight,2,2+,0.010612764440227823,0.0,-2.618319886887484,-0.702275311594536,-0.5,3.8205951984820103,-1,0,9.769962616701378e-15,0.799072265625
D2-N2-M5-Rloose-S1120,N2-M5-Rloose,3,2+,0.010636340399801908,3.0042967472731235,0.41975803133057,0.0,-0.5,3.0845387159425535,-1,0,0.0,0.79931640625
D2-N3-M3-Rtight-S1444,N3-M3-Rtight,1,1,0.010657121814951265,3.9283241090704024,1.4771860916316193,0.0,0.0,2.4511380174387867,0,0,-3.552713678800501e-15,0.799560546875
D2-N3-M5-Rloose-S1447,N3-M5-Rloose,4,2+,0.01078604646094894,7.372558967740844,4.2446054940656595,0.0,0.0,3.1279534736751913,0,0,-7.105427357601002e-15,0.7998046875
D2-N3-M5-Rtight-S1200,N3-M5-Rtight,1,1,0.010788974972127496,4.359834853311483,1.2310321113945157,0.0,0.0,3.128802741916971,0,0,-3.552713678800501e-15,0.800048828125
D2-N3-M3-Rtight-S1287,N3-M3-Rtight,1,1,0.010863709999321791,0.0,-2.0930795949614875,-0.6660334048350582,-0.5,3.2591129997965425,-1,0,3.552713678800501e-15,0.80029296875
D2-N3-M5-Rloose-S1332,N3-M5-Rloose,3,2+,0.010876060234144141,3.042900414062011,0.3888429461602101,0.0,-0.5,3.1540574679018007,-1,0,0.0,0.800537109375
D2-N2-M5-Rloose-S1359,N2-M5-Rloose,3,2+,0.010949930332025681,0.0,-2.73878019993289,-0.7031947195963553,-0.5,3.941974919529244,-1,-2,1.3322676295501878e-15,0.80078125
D2-N3-M3-Rtight-S1267,N3-M3-Rtight,1,1,0.010976376184754,0.0,-2.142712679122127,-0.6502001763040774,-0.5,3.2929128554262093,-1,0,-4.884981308350689e-15,0.801025390625
D2-N3-M5-Rtight-S1124,N3-M5-Rtight,1,1,0.010997207807212528,0.0,-1.9845794921058122,-0.7046107719858137,-0.5,3.1891902640916214,-1,0,4.440892098500626e-15,0.80126953125
D2-N3-M5-Rloose-S1060,N3-M5-Rloose,3,2+,0.011025082775106429,3.0656534038250953,0.36837939904422967,0.0,-0.5,3.1972740047808657,-1,0,0.0,0.801513671875
D2-N2-M5-Rloose-S1358,N2-M5-Rloose,3,2+,0.011052056031228163,7.8683071326913705,3.8895669614492263,0.0,0.0,3.9787401712421513,0,0,-7.105427357601002e-15,0.8017578125
D2-N2-M5-Rtight-S1095,N2-M5-Rtight,1,1,0.011064238026726625,4.471068910519932,1.2624398827692183,0.0,0.0,3.2086290277507317,0,0,-1.7763568394002505e-14,0.802001953125
D2-N3-M5-Rloose-S1426,N3-M5-Rloose,4,2+,0.011085991540412121,3.995059624343696,1.5548907309412456,-1.0507880611458948,-0.5,3.990956954548352,-1,-2,-6.661338147750939e-15,0.80224609375
D2-N3-M3-Rtight-S1460,N3-M3-Rtight,0,0,0.011133513203762782,0.0,-1.6754847419188135,-0.8852232949466267,0.0,2.5607080368654396,0,0,4.440892098500626e-16,0.802490234375
D2-N3-M3-Rtight-S1397,N3-M3-Rtight,0,0,0.011151383019542986,0.0,-1.6734152843106473,-0.8914028101842384,0.0,2.5648180944948864,0,0,-8.881784197001252e-16,0.802734375
D2-N3-M5-Rloose-S1478,N3-M5-Rloose,5,2+,0.01115480487887141,10.430325825022322,5.633759727107616,0.0,0.0,4.796566097914706,0,0,0.0,0.802978515625
D2-N3-M3-Rloose-S1372,N3-M3-Rloose,3,2+,0.011156418527653991,5.820769592420071,3.254793331059652,0.0,0.0,2.5659762613604187,0,0,0.0,0.80322265625
D2-N2-M5-Rloose-S1012,N2-M5-Rloose,2,2+,0.01115645676313845,0.0,-1.6964061145803981,-1.0389663467297534,-0.5,3.235372461310149,-1,0,2.6645352591003757e-15,0.803466796875
D2-N3-M5-Rtight-S1084,N3-M5-Rtight,1,1,0.011196894351560821,0.0,-2.0841768344175158,-0.6629225275351207,-0.5,3.2470993619526354,-1,0,8.881784197001252e-16,0.8037109375
D2-N2-M5-Rtight-S1467,N2-M5-Rtight,1,1,0.011235080403320608,0.0,-2.153161153690414,-0.6050121632725551,-0.5,3.258173316962967,-1,0,1.7763568394002505e-15,0.803955078125
D2-N2-M3-Rloose-S1272,N2-M3-Rloose,3,2+,0.011289630131565878,5.7894088885059105,3.1927939582457583,0.0,0.0,2.596614930260152,0,0,0.0,0.80419921875
D2-N3-M5-Rloose-S1376,N3-M5-Rloose,4,2+,0.011387351791584732,9.074329521807158,4.177768251425711,0.0,0.0,4.89656127038144,0,0,7.105427357601002e-15,0.804443359375
D2-N2-M5-Rtight-S1387,N2-M5-Rtight,1,1,0.01140233965228965,0.0,-4.403006050484548,0.0,-0.5,4.903006050484549,-1,-1,-1.7763568394002505e-15,0.8046875
D2-N3-M5-Rloose-S1218,N3-M5-Rloose,4,2+,0.011405296128057352,8.953179048304378,4.847272442203739,0.0,0.0,4.105906606100646,0,0,-7.105427357601002e-15,0.804931640625
D2-N2-M3-Rtight-S1490,N2-M3-Rtight,1,1,0.011467877671973714,4.1596395422139665,1.522027677659997,0.0,0.0,2.6376118645539606,0,0,8.881784197001252e-15,0.80517578125
D2-N2-M3-Rtight-S1221,N2-M3-Rtight,1,1,0.011470259087959622,-2.443413306812971,-3.853426726204816,-0.7281461708388699,-0.5,2.638159590230714,-1,-1,8.881784197001252e-16,0.805419921875
D2-N3-M5-Rtight-S1474,N3-M5-Rtight,3,2+,0.011475319218523933,0.0,-1.959146766414598,-1.1719681522540182,-1.0,4.131114918668615,-1,-1,8.881784197001252e-16,0.8056640625
D2-N2-M3-Rtight-S1345,N2-M3-Rtight,0,0,0.011528799794660871,0.0,-1.630586315992546,-1.0210376367794503,0.0,2.651623952771999,0,0,-2.6645352591003757e-15,0.805908203125
D2-N2-M3-Rloose-S1411,N2-M3-Rloose,1,1,0.011563115290487369,0.0,-2.159516516812097,0.0,-0.5,2.659516516812097,-1,0,0.0,0.80615234375
D2-N2-M3-Rtight-S1244,N2-M3-Rtight,0,0,0.011565879071864515,0.0,-1.6264669168135883,-1.03368526971524,0.0,2.6601521865288333,0,0,-4.884981308350689e-15,0.806396484375
D2-N3-M5-Rtight-S1068,N3-M5-Rtight,1,1,0.01159799354325064,0.0,-4.4848033628851365,-0.0023338607126330846,-0.5,4.98713722359777,-1,-1,-8.881784197001252e-16,0.806640625
D2-N3-M5-Rtight-S1360,N3-M5-Rtight,2,2+,0.011599345807282863,0.0,-2.9333788703106514,-0.7423856203111678,-0.5,4.17576449062183,-1,0,-1.0658141036401503e-14,0.806884765625
D2-N3-M5-Rtight-S1491,N3-M5-Rtight,0,0,0.011601902484106922,0.0,-1.6796703179696655,-0.8727482285338579,0.0,2.5524185465035236,0,0,0.0,0.80712890625
D2-N3-M5-Rtight-S1016,N3-M5-Rtight,2,2+,0.011620737208680815,0.0,-2.888255399057952,-0.7952099960671344,-0.5,4.183465395125097,-1,0,-1.0658141036401503e-14,0.807373046875
D2-N3-M5-Rloose-S1017,N3-M5-Rloose,4,2+,0.011703445727917205,3.288459392055387,0.69802691472362,-0.3035667837642375,-0.5,3.393999261095999,-1,-1,5.329070518200751e-15,0.8076171875
D2-N2-M3-Rtight-S1053,N2-M3-Rtight,1,1,0.011714362706688353,3.754381127837405,1.060077705299081,0.0,0.0,2.6943034225383258,0,0,-1.7763568394002505e-15,0.807861328125
D2-N3-M5-Rtight-S1216,N3-M5-Rtight,1,1,0.011720756345163008,0.0,-3.719472284258689,0.0,-0.5,4.219472284258686,-1,-1,3.552713678800501e-15,0.80810546875
D2-N3-M5-Rtight-S1382,N3-M5-Rtight,2,2+,0.011900275723529155,0.0,-3.5735259410558076,-0.21057331941468949,-0.5,4.284099260470496,-1,-1,8.881784197001252e-16,0.808349609375
D2-N2-M5-Rloose-S1058,N2-M5-Rloose,4,2+,0.011908279565034485,4.151879302761955,0.36489865934952803,0.0,-0.5,4.28698064341242,-1,-1,7.105427357601002e-15,0.80859375
D2-N3-M5-Rtight-S1075,N3-M5-Rtight,2,2+,0.011922066294015737,0.0,-2.8564767067227823,-0.9354671591228834,-0.5,4.291943865845667,-1,0,-1.7763568394002505e-15,0.808837890625
D2-N3-M3-Rtight-S1388,N3-M3-Rtight,3,2+,0.011945146613446589,4.31317990908758,1.7530822504157975,-0.5234463253621585,-0.5,3.583543984033952,-1,0,-1.0658141036401503e-14,0.80908203125
D2-N3-M5-Rtight-S1014,N3-M5-Rtight,2,2+,0.01195135173200812,0.8963795356499844,-3.2213928126340434,0.3152857247610974,-0.5,4.302486623522924,-1,-1,6.217248937900877e-15,0.809326171875
D2-N2-M3-Rtight-S1077,N2-M3-Rtight,1,1,0.012012677884880918,3.8499893058660746,1.0870733923434734,0.0,0.0,2.762915913522619,0,0,-1.7763568394002505e-14,0.8095703125
D2-N2-M3-Rtight-S1393,N2-M3-Rtight,1,1,0.012046784622329679,0.0,-2.2707604631358267,0.0,-0.5,2.770760463135826,-1,-1,8.881784197001252e-16,0.809814453125
D2-N2-M3-Rtight-S1220,N2-M3-Rtight,1,1,0.012079712814277221,3.8714735880359967,1.0931396407522485,0.0,0.0,2.7783339472837554,0,0,-7.105427357601002e-15,0.81005859375
D2-N3-M5-Rtight-S1507,N3-M5-Rtight,1,1,0.012138217240220045,0.0,-3.869758206479217,0.0,-0.5,4.369758206479217,0,0,0.0,0.810302734375
D2-N3-M3-Rtight-S1320,N3-M3-Rtight,1,1,0.012217661437713606,0.0,-2.450676880064254,0.14061474939012397,-0.5,2.8100621306741296,-1,-1,4.440892098500626e-16,0.810546875
D2-N2-M3-Rtight-S1242,N2-M3-Rtight,1,1,0.012252858098548442,0.0,-2.403803538479698,0.08564617581355616,-0.5,2.818157362666142,-1,-1,0.0,0.810791015625
D2-N3-M5-Rtight-S1412,N3-M5-Rtight,1,1,0.012293898131559143,0.0,-3.9258033273612902,0.0,-0.5,4.425803327361292,-1,-1,-1.7763568394002505e-15,0.81103515625
D2-N2-M5-Rloose-S1415,N2-M5-Rloose,2,2+,0.012313985887472373,0.0,-1.8520341504291977,-1.2190217569377708,-0.5,3.5710559073669828,-1,0,-1.4210854715202004e-14,0.811279296875
D2-N3-M3-Rloose-S1336,N3-M3-Rloose,3,2+,0.012366638695236076,5.8017027551918545,2.370250603002159,0.22146054361887035,-0.5,3.7099916085708315,-1,0,-6.217248937900877e-15,0.8115234375
D2-N2-M5-Rloose-S1274,N2-M5-Rloose,3,2+,0.012372879148444704,7.132749195590279,3.5446142425413143,0.0,0.0,3.5881349530489643,0,0,0.0,0.811767578125
D2-N2-M3-Rtight-S1204,N2-M3-Rtight,1,1,0.012391930143877572,3.971537320002085,1.1213933869102402,0.0,0.0,2.850143933091843,0,0,1.7763568394002505e-15,0.81201171875
D2-N3-M5-Rtight-S1277,N3-M5-Rtight,1,1,0.01239656817337683,0.0,-3.962764542415661,0.0,-0.5,4.462764542415659,-1,-1,1.7763568394002505e-15,0.812255859375
D2-N2-M3-Rtight-S1028,N2-M3-Rtight,1,1,0.01242341000575492,0.0,-2.3573843013236315,0.0,-0.5,2.8573843013236324,-1,-1,-8.881784197001252e-16,0.8125
D2-N2-M3-Rtight-S1040,N2-M3-Rtight,1,1,0.012424658257073118,3.982026478790104,1.124355079663296,0.0,0.0,2.857671399126815,0,0,-7.105427357601002e-15,0.812744140625
D2-N2-M3-Rtight-S1226,N2-M3-Rtight,1,1,0.012464056222178665,3.994653284052262,1.1279203529511665,0.0,0.0,2.8667329311010974,0,0,-1.7763568394002505e-15,0.81298828125
D2-N2-M3-Rtight-S1325,N2-M3-Rtight,1,1,0.012514226443170795,4.010732531006511,1.1324604490772163,0.0,0.0,2.878272081929282,0,0,1.2434497875801753e-14,0.813232421875
D2-N3-M5-Rloose-S1281,N3-M5-Rloose,4,2+,0.012584734523992308,7.216544681563676,0.9047399677894674,0.9003688684575128,0.0,5.411435845316689,-1,0,7.105427357601002e-15,0.8134765625
D2-N3-M3-Rtight-S1121,N3-M3-Rtight,1,1,0.012610801181805638,0.0,-2.400484271815297,0.0,-0.5,2.900484271815296,-1,-1,8.881784197001252e-16,0.813720703125
D2-N3-M5-Rtight-S1347,N3-M5-Rtight,1,1,0.012613749320503388,0.0,-4.040949755381218,0.0,-0.5,4.54094975538122,-1,-1,-1.7763568394002505e-15,0.81396484375
D2-N2-M3-Rtight-S1269,N2-M3-Rtight,1,1,0.012619385634523098,0.0,-2.4024586959403127,0.0,-0.5,2.9024586959403127,-1,-1,0.0,0.814208984375
D2-N2-M3-Rtight-S1021,N2-M3-Rtight,1,1,0.012635913574474134,4.049732507420458,1.1434723852914406,0.0,0.0,2.9062601221290265,0,0,-8.881784197001252e-15,0.814453125
D2-N3-M3-Rtight-S1425,N3-M3-Rtight,1,1,0.012648687491144228,4.110382945176994,1.2011848222138148,0.0,0.0,2.9091981229631756,0,0,3.552713678800501e-15,0.814697265625
D2-N3-M3-Rtight-S1453,N3-M3-Rtight,1,1,0.012677018180338673,4.0629062805389395,1.1471920990610407,0.0,0.0,2.9157141814778953,0,0,3.552713678800501e-15,0.81494140625
D2-N3-M3-Rtight-S1400,N3-M3-Rtight,1,1,0.012713065839779894,0.0,-2.4240051431493743,0.0,-0.5,2.924005143149376,-1,-1,-1.7763568394002505e-15,0.815185546875
D2-N3-M3-Rtight-S1109,N3-M3-Rtight,1,1,0.012721916006235345,4.077295757324649,1.1512550758905213,0.0,0.0,2.926040681434131,0,0,-3.552713678800501e-15,0.8154296875
D2-N3-M3-Rtight-S1368,N3-M3-Rtight,1,1,0.0127320661580958,0.0,-1.9193410013517678,-0.5090342150102515,-0.5,2.928375216362028,-1,0,-8.43769498715119e-15,0.815673828125
D2-N2-M3-Rtight-S1445,N2-M3-Rtight,1,1,0.012764288869843245,0.0,-2.4357864400639464,0.0,-0.5,2.9357864400639464,-1,-1,0.0,0.81591796875
D2-N3-M5-Rtight-S1138,N3-M5-Rtight,1,1,0.012796047274812816,4.051285480861466,-0.51446121291624,-0.9365536343917946,0.0,5.502300328169504,0,0,-3.552713678800501e-15,0.816162109375
D2-N2-M3-Rtight-S1374,N2-M3-Rtight,1,1,0.012797091299839898,0.0,-2.443330998963176,0.0,-0.5,2.9433309989631766,-1,-1,-4.440892098500626e-16,0.81640625
D2-N2-M5-Rloose-S1369,N2-M5-Rloose,2,2+,0.0128306238358811,11.137470165553566,5.564941735506796,-0.8427834878937763,0.0,6.415311917940542,0,3,3.552713678800501e-15,0.816650390625
D2-N3-M5-Rtight-S1482,N3-M5-Rtight,1,1,0.012867312853471695,0.0,-4.1322326272498096,0.0,-0.5,4.6322326272498096,-1,-1,0.0,0.81689453125
D2-N3-M5-Rtight-S1454,N3-M5-Rtight,1,1,0.012869105764021338,3.8602746287896252,-0.48780410339495894,-1.185636746344616,0.0,5.533715478529189,0,0,1.1546319456101628e-14,0.817138671875
D2-N3-M5-Rloose-S1321,N3-M5-Rloose,4,2+,0.012869864594423575,3.303133467638702,0.006479284751961245,-0.8364970711057487,-0.5,4.63315125399248,-1,0,8.881784197001252e-15,0.8173828125
D2-N2-M5-Rtight-S1042,N2-M5-Rtight,1,1,0.012880557889933732,0.0,-4.137000840376144,0.0,-0.5,4.637000840376144,-1,-1,0.0,0.817626953125
D2-N3-M5-Rtight-S1015,N3-M5-Rtight,1,1,0.012916722305450407,0.0,-4.150020029962142,0.0,-0.5,4.65002002996215,-1,-1,-7.993605777301127e-15,0.81787109375
D2-N2-M3-Rtight-S1045,N2-M3-Rtight,1,1,0.0129224441653822,0.0,-2.223537463214395,-0.24862469482351046,-0.5,2.9721621580379054,-1,-1,0.0,0.818115234375
D2-N3-M3-Rloose-S1089,N3-M3-Rloose,2,2+,0.01293431935841799,0.0,-1.684491966215024,-0.7904014862211171,-0.5,2.9748934524361417,-1,-1,-8.881784197001252e-16,0.818359375
D2-N3-M5-Rloose-S1063,N3-M5-Rloose,3,2+,0.01294299999047678,3.4736737691222146,-0.6858062274494259,0.0,-0.5,4.6594799965716405,-1,0,0.0,0.818603515625
D2-N2-M5-Rloose-S1302,N2-M5-Rloose,3,2+,0.012949672816997687,0.0,-4.099264777870051,-0.4690945334389456,-1.0,5.568359311309003,-2,0,-6.217248937900877e-15,0.81884765625
D2-N3-M5-Rloose-S1359,N3-M5-Rloose,2,2+,0.012971843387299287,0.0,-2.533724044395779,-1.1361395750319567,-1.0,4.669863619427737,-2,-1,-1.7763568394002505e-15,0.819091796875
D2-N2-M3-Rtight-S1097,N2-M3-Rtight,1,1,0.013066988394451085,4.187889333304298,1.1824820025805334,0.0,0.0,3.005407330723756,0,0,8.881784197001252e-15,0.8193359375
D2-N2-M3-Rtight-S1297,N2-M3-Rtight,1,1,0.013067589578486527,0.0,-2.209257244405899,-0.29628835864601655,-0.5,3.0055456030518997,-1,-1,1.5987211554602254e-14,0.819580078125
D2-N2-M3-Rtight-S1464,N2-M3-Rtight,1,1,0.01311562142284084,4.203475919493229,1.186882992239811,0.0,0.0,3.016592927253413,0,0,5.329070518200751e-15,0.81982421875
D2-N3-M3-Rtight-S1481,N3-M3-Rtight,1,1,0.013134532508791985,4.209536806114144,1.188594329091984,0.0,0.0,3.0209424770221602,0,0,0.0,0.820068359375
D2-N2-M3-Rtight-S1440,N2-M3-Rtight,1,1,0.01314300228112103,4.212251316001286,1.1893607913434678,0.0,0.0,3.0228905246578393,0,0,-2.1316282072803006e-14,0.8203125
D2-N2-M5-Rtight-S1179,N2-M5-Rtight,1,1,0.013161731007963612,0.0,-4.238223162866911,0.0,-0.5,4.738223162866902,-1,-1,8.881784197001252e-15,0.820556640625
D2-N2-M3-Rloose-S1148,N2-M3-Rloose,3,2+,0.013165129363233302,2.993829326605244,0.46584957306158614,0.0,-0.5,3.027979753543658,-1,0,0.0,0.82080078125
D2-N2-M5-Rtight-S1155,N2-M5-Rtight,1,1,0.01325705633458157,0.0,-4.272540280449364,0.0,-0.5,4.772540280449364,-1,-1,0.0,0.821044921875
D2-N3-M3-Rtight-S1061,N3-M3-Rtight,1,1,0.013280886468220676,4.256442349080615,1.2018384613898547,0.0,0.0,3.05460388769076,0,0,0.0,0.8212890625
D2-N3-M3-Rtight-S1244,N3-M3-Rtight,1,1,0.013365208345436752,4.28346699159934,1.2094690721489378,0.0,0.0,3.0739979194504485,0,0,-4.618527782440651e-14,0.821533203125
D2-N3-M5-Rtight-S1358,N3-M5-Rtight,2,2+,0.013374817125113375,0.0,-4.75117136379877,0.0,-1.0,5.751171363798761,-2,-2,8.881784197001252e-15,0.82177734375
D2-N3-M5-Rtight-S1496,N3-M5-Rtight,1,1,0.01346197250055638,0.0,-3.6865497099820743,-1.6020984652571681,-0.5,5.788648175239242,0,0,0.0,0.822021484375
D2-N2-M3-Rtight-S1092,N2-M3-Rtight,1,1,0.013493068173782319,4.3244452794131405,1.2210395994432108,0.0,0.0,3.1034056799699385,0,0,-8.881784197001252e-15,0.822265625
D2-N3-M3-Rtight-S1281,N3-M3-Rtight,1,1,0.013500893520825119,0.0,-2.206311925178973,-0.39889358461082125,-0.5,3.1052055097897835,-1,-1,1.0658141036401503e-14,0.822509765625
D2-N2-M3-Rtight-S1452,N2-M3-Rtight,1,1,0.013506989672117886,0.0,-2.139472975473206,-0.4671346491139018,-0.5,3.106607624587113,-1,-1,-5.329070518200751e-15,0.82275390625
D2-N3-M3-Rtight-S1411,N3-M3-Rtight,1,1,0.013536767180258771,0.0,-2.077320643323068,-0.536135808136449,-0.5,3.113456451459518,0,0,-8.881784197001252e-16,0.822998046875
D2-N3-M3-Rtight-S1335,N3-M3-Rtight,1,1,0.01355536470976626,0.0,-2.083539420454345,-0.534194462791892,-0.5,3.117733883246231,-1,0,6.217248937900877e-15,0.8232421875
D2-N2-M3-Rloose-S1089,N2-M3-Rloose,3,2+,0.01359448944184126,3.0213056519108363,0.3945730802873477,0.0,-0.5,3.126732571623492,-1,0,-3.552713678800501e-15,0.823486328125
D2-N2-M3-Rloose-S1061,N2-M3-Rloose,2,2+,0.01361745433430453,0.0,-1.698831972814748,-0.933182524075294,-0.5,3.1320144968900436,-1,0,-1.7763568394002505e-15,0.82373046875
D2-N2-M3-Rloose-S1239,N2-M3-Rloose,1,1,0.013634260732654807,0.0,-2.6122109910805094,-0.9780672287159264,-0.5,4.090278219796446,-1,0,-9.769962616701378e-15,0.823974609375
D2-N3-M3-Rtight-S1447,N3-M3-Rtight,1,1,0.013699130557556491,0.0,-2.061359208275171,-0.5894408199628229,-0.5,3.1508000282379935,0,0,0.0,0.82421875
D2-N2-M3-Rtight-S1293,N2-M3-Rtight,1,1,0.013712838409152217,0.0,-2.07647247962246,-0.5774803544825586,-0.5,3.153952834105013,-1,0,5.329070518200751e-15,0.824462890625
D2-N3-M3-Rtight-S1497,N3-M3-Rtight,1,1,0.013714599824483031,0.0,-2.1026405676160955,-0.551717392015003,-0.5,3.154357959631099,-1,-1,-4.440892098500626e-16,0.82470703125
D2-N2-M5-Rloose-S1292,N2-M5-Rloose,2,2+,0.013760943913649695,9.318033014985232,3.400827132115861,0.0,0.0,5.917205882869371,0,2,0.0,0.824951171875
D2-N2-M5-Rtight-S1238,N2-M5-Rtight,1,1,0.013781554266971613,4.253018977784123,-0.43351828681625726,-0.2748222715094003,0.0,4.961359536109782,0,0,-1.7763568394002505e-15,0.8251953125
D2-N2-M3-Rtight-S1299,N2-M3-Rtight,1,1,0.013845519190286093,0.0,-2.005662399601329,-0.678807014164458,-0.5,3.1844694137657967,-1,0,-9.769962616701378e-15,0.825439453125
D2-N2-M3-Rtight-S1401,N2-M3-Rtight,1,1,0.013887438391183837,4.450838506143953,1.256727676171673,0.0,0.0,3.1941108299722742,0,0,5.329070518200751e-15,0.82568359375
D2-N3-M3-Rtight-S1043,N3-M3-Rtight,1,1,0.01389246991377685,0.0,-2.123558799092848,-0.5717092810758249,-0.5,3.195268080168674,-1,0,-8.881784197001252e-16,0.825927734375
D2-N3-M3-Rtight-S1364,N3-M3-Rtight,1,1,0.013910001863246757,4.458069960027785,1.2587695314810148,0.0,0.0,3.1993004285467634,0,0,7.105427357601002e-15,0.826171875
D2-N2-M3-Rtight-S1387,N2-M3-Rtight,1,1,0.013934852922707297,0.0,-2.1636445228837147,-0.5413716493389534,-0.5,3.2050161722226704,-1,0,-2.220446049250313e-15,0.826416015625
D2-N3-M3-Rtight-S1483,N3-M3-Rtight,1,1,0.013966633186153876,0.0,-2.172898340415628,-0.5394272923997656,-0.5,3.212325632815393,-1,0,8.881784197001252e-16,0.82666015625
D2-N2-M3-Rtight-S1079,N2-M3-Rtight,1,1,0.014027562120645432,0.0,-1.956588525009563,-0.7697507627388911,-0.5,3.226339287748445,-1,0,8.881784197001252e-15,0.826904296875
D2-N3-M3-Rtight-S1259,N3-M3-Rtight,1,1,0.01410925343680175,0.0,-2.158113423185764,-0.5870148672786476,-0.5,3.2451282904644074,-1,0,3.9968028886505635e-15,0.8271484375
D2-N2-M3-Rtight-S1288,N2-M3-Rtight,1,1,0.014200224289617182,0.0,-3.760067286885155,0.0,-0.5,4.260067286885155,-1,-1,0.0,0.827392578125
D2-N3-M5-Rtight-S1056,N3-M5-Rtight,1,1,0.014216409079151907,0.0,-3.928876595666022,-0.6890306728286621,-0.5,5.117907268494685,-1,-1,-8.881784197001252e-16,0.82763671875
D2-N3-M5-Rloose-S1119,N3-M5-Rloose,3,2+,0.014290555592879298,3.1349513755860556,-0.50930974634894,0.0,-0.5,4.144261121934996,-1,0,0.0,0.827880859375
D2-N2-M3-Rtight-S1048,N2-M3-Rtight,1,1,0.014487984521238811,0.0,-3.846395356371646,0.0,-0.5,4.346395356371644,-1,-1,1.7763568394002505e-15,0.828125
D2-N2-M5-Rloose-S1246,N2-M5-Rloose,2,2+,0.01449948805988538,7.641375216716483,1.4065953509657376,0.0,0.0,6.234779865750724,0,0,2.1316282072803006e-14,0.828369140625
D2-N3-M3-Rtight-S1157,N3-M3-Rtight,1,1,0.014514977776570348,0.0,-2.0928119648349295,-0.7456329237762562,-0.5,3.3384448886111784,-1,0,7.105427357601002e-15,0.82861328125
D2-N3-M3-Rloose-S1311,N3-M3-Rloose,1,1,0.014675853707160402,0.0,-1.2132116400724335,-0.6349249530732318,-0.5,2.348136593145661,-1,-1,4.440892098500626e-15,0.828857421875
D2-N3-M3-Rtight-S1500,N3-M3-Rtight,1,1,0.01470893595709033,0.0,-2.250578094734827,-0.6324771753959504,-0.5,3.3830552701307823,-1,0,-4.884981308350689e-15,0.8291015625
D2-N3-M5-Rtight-S1031,N3-M5-Rtight,1,1,0.014755922878105537,5.192703245018919,1.254631097758491,-0.3411454873901809,0.0,4.279217634650607,0,0,1.7763568394002505e-15,0.829345703125
D2-N3-M5-Rtight-S1480,N3-M5-Rtight,0,0,0.01491306556701849,0.0,-4.900153330109365,-1.0124648637085736,-0.5,6.4126181938179485,0,0,-9.769962616701378e-15,0.82958984375
D2-N3-M3-Rtight-S1160,N3-M3-Rtight,1,1,0.014933333998968644,0.0,-3.9800001996905934,0.0,-0.5,4.480000199690593,-1,-1,0.0,0.829833984375
D2-N3-M3-Rtight-S1156,N3-M3-Rtight,1,1,0.01506392653876193,0.0,-4.016103660316784,-0.0030743013117819906,-0.5,4.519177961628571,0,0,-5.329070518200751e-15,0.830078125
D2-N2-M5-Rloose-S1122,N2-M5-Rloose,3,2+,0.015067275923377005,0.0,-4.036185246604944,-0.38803408581076715,-1.0,5.424219332415717,-2,0,-5.329070518200751e-15,0.830322265625
D2-N3-M5-Rloose-S1101,N3-M5-Rloose,3,2+,0.01510135867803089,0.0,-5.4935842315532994,0.0,-1.0,6.493584231553285,-2,0,1.4210854715202004e-14,0.83056640625
D2-N3-M3-Rtight-S1104,N3-M3-Rtight,1,1,0.015184712010702539,0.0,-2.2380338196722356,-0.7544499427893632,-0.5,3.492483762461589,-1,0,9.769962616701378e-15,0.830810546875
D2-N3-M3-Rtight-S1146,N3-M3-Rtight,1,1,0.015220936871519906,0.0,-4.066281061455971,0.0,-0.5,4.566281061455971,-1,-1,0.0,0.8310546875
D2-N3-M3-Rloose-S1188,N3-M3-Rloose,3,2+,0.01528401436135654,5.708052732616444,3.2626104347993987,0.0,0.0,2.4454422978170456,0,0,0.0,0.831298828125
D2-N3-M3-Rtight-S1004,N3-M3-Rtight,1,1,0.015436634909217123,0.0,-4.130990472765138,0.0,-0.5,4.630990472765134,-1,-1,3.552713678800501e-15,0.83154296875
D2-N3-M5-Rtight-S1098,N3-M5-Rtight,3,2+,0.015455556719966457,0.0,-4.8646773564634245,-0.7812120331221508,-1.0,6.645889389585577,-2,-1,-1.7763568394002505e-15,0.831787109375
D2-N3-M3-Rtight-S1308,N3-M3-Rtight,1,1,0.015460181969033315,0.0,-4.124829892432752,-0.013224698277244595,-0.5,4.638054590709999,-1,-1,-1.7763568394002505e-15,0.83203125
D2-N3-M5-Rtight-S1479,N3-M5-Rtight,1,1,0.015505999638488366,0.0,-3.996739895161628,0.0,-0.5,4.496739895161625,-1,-1,3.552713678800501e-15,0.832275390625
D2-N2-M5-Rtight-S1131,N2-M5-Rtight,1,1,0.015522457324067963,0.0,-4.001512623979711,0.0,-0.5,4.5015126239797105,-1,-1,8.881784197001252e-16,0.83251953125
D2-N2-M3-Rloose-S1412,N2-M3-Rloose,3,2+,0.015547474733230149,7.108465832539338,3.53254664389641,0.0,0.0,3.575919188642928,0,0,0.0,0.832763671875
D2-N2-M5-Rloose-S1384,N2-M5-Rloose,3,2+,0.015604310921394693,4.028866079319357,-1.0886858523827243,0.0,-0.5,5.6175519317020814,-1,0,0.0,0.8330078125
D2-N3-M5-Rtight-S1328,N3-M5-Rtight,1,1,0.015615086725944166,0.6986691487672942,-4.3775197699783455,-0.04524230259426565,-0.5,5.621431221339897,-1,-1,8.881784197001252e-15,0.833251953125
D2-N3-M5-Rtight-S1035,N3-M5-Rtight,1,1,0.015640420749970095,0.0,-4.035722017491327,0.0,-0.5,4.535722017491327,-1,-1,0.0,0.83349609375
D2-N2-M5-Rloose-S1160,N2-M5-Rloose,2,2+,0.015643695956918696,0.0,-3.9154864408663883,-0.7162441036243514,-1.0,5.631730544490736,-2,0,3.552713678800501e-15,0.833740234375
D2-N3-M5-Rtight-S1266,N3-M5-Rtight,2,2+,0.015654800725588947,0.0,-4.671086196811295,-0.4646420644007272,-0.5,5.635728261212023,0,0,-8.881784197001252e-16,0.833984375
D2-N3-M3-Rloose-S1189,N3-M3-Rloose,3,2+,0.015753543814509496,8.58387424519509,3.857811100842248,0.0,0.0,4.72606314435285,0,0,-7.105427357601002e-15,0.834228515625
D2-N3-M5-Rtight-S1291,N3-M5-Rtight,1,1,0.015813827171267253,0.0,-4.086009879667509,0.0,-0.5,4.5860098796675,-1,-1,8.881784197001252e-15,0.83447265625
D2-N2-M5-Rtight-S1192,N2-M5-Rtight,1,1,0.01582292209941749,0.0,-4.088647408831076,0.0,-0.5,4.588647408831079,0,0,-3.552713678800501e-15,0.834716796875
D2-N3-M5-Rloose-S1183,N3-M5-Rloose,3,2+,0.015868107325467007,6.1489010494074705,0.9363824122393432,0.0,-0.5,5.712518637168131,-1,0,-3.552713678800501e-15,0.8349609375
D2-N3-M5-Rtight-S1143,N3-M5-Rtight,1,1,0.01592855510617816,0.0,-4.119280980791672,0.0,-0.5,4.619280980791672,-1,-1,0.0,0.835205078125
D2-N3-M5-Rloose-S1300,N3-M5-Rloose,2,2+,0.0159866413454344,0.0,-4.802532658895686,0.6664066687197201,-0.5,4.6361259901759695,-1,-1,-3.552713678800501e-15,0.83544921875
D2-N2-M5-Rtight-S1019,N2-M5-Rtight,1,1,0.016193312108841867,0.0,-4.196060511564141,0.0,-0.5,4.696060511564141,-1,-1,0.0,0.835693359375
D2-N2-M3-Rtight-S1084,N2-M3-Rtight,1,1,0.01620470494284837,0.0,-4.3614114828545025,0.0,-0.5,4.861411482854507,-1,-1,-4.440892098500626e-15,0.8359375
D2-N2-M3-Rloose-S1461,N2-M3-Rloose,3,2+,0.0162570454922768,7.300713760882559,3.561593297658895,0.0,0.0,3.7391204632236708,0,0,-7.105427357601002e-15,0.836181640625
D2-N2-M3-Rtight-S1193,N2-M3-Rtight,0,0,0.016295003426566756,0.0,-1.6522970737547338,-0.9549034744959469,0.0,2.607200548250681,0,0,-4.440892098500626e-16,0.83642578125
D2-N3-M3-Rtight-S1044,N3-M3-Rtight,1,1,0.016407799303813364,0.0,-4.422339791144013,0.0,-0.5,4.922339791144012,-1,-1,1.7763568394002505e-15,0.836669921875
D2-N3-M5-Rloose-S1421,N3-M5-Rloose,3,2+,0.01644298319465287,0.0,-4.687778453704716,-1.3827043199960136,-1.0,7.070482773700718,-2,-1,1.2434497875801753e-14,0.8369140625
D2-N2-M3-Rloose-S1508,N2-M3-Rloose,3,2+,0.01651221106426598,3.2695267216919035,0.5965980966969084,-0.6248799197861883,-0.5,3.7978085447811765,-1,0,7.105427357601002e-15,0.837158203125
D2-N3-M5-Rtight-S1239,N3-M5-Rtight,1,1,0.016618378701952846,0.0,-4.319329823566321,0.0,-0.5,4.819329823566321,-1,-1,0.0,0.83740234375
D2-N2-M5-Rloose-S1503,N2-M5-Rloose,3,2+,0.016724261566289478,3.1689905104625,-0.7522047477270348,-0.42884059603440927,-0.5,4.850035854223947,-1,-1,-2.6645352591003757e-15,0.837646484375
D2-N3-M5-Rtight-S1044,N3-M5-Rtight,1,1,0.01675589401900593,0.0,-4.359209265511721,0.0,-0.5,4.859209265511723,-1,-1,-1.7763568394002505e-15,0.837890625
D2-N3-M5-Rtight-S1183,N3-M5-Rtight,1,1,0.01694869354725892,0.0,-4.415121128705081,0.0,-0.5,4.915121128705081,-1,-1,0.0,0.838134765625
D2-N2-M3-Rtight-S1194,N2-M3-Rtight,1,1,0.01704504491753772,3.800230927295104,1.0730237404890524,0.0,0.0,2.727207186806041,0,0,1.0658141036401503e-14,0.83837890625
D2-N3-M5-Rtight-S1050,N3-M5-Rtight,3,2+,0.017050019375285053,0.0,-3.382068489538103,-0.5624371292945693,-1.0,4.944505618832665,-2,-1,7.105427357601002e-15,0.838623046875
D2-N3-M3-Rtight-S1234,N3-M3-Rtight,1,1,0.017103387668920667,0.0,-2.4959782898599787,0.2594362628326719,-0.5,2.7365420270273066,-1,-1,0.0,0.8388671875
D2-N3-M3-Rtight-S1506,N3-M3-Rtight,1,1,0.01719913576633792,0.0,-2.327077192861835,0.07521547024776687,-0.5,2.751861722614068,-1,-1,0.0,0.839111328125
D2-N3-M5-Rloose-S1038,N3-M5-Rloose,4,2+,0.01722312560185152,3.6775783099573403,-2.105237061166399,-0.6231286376724261,-1.0,7.405944008796155,-2,-3,1.0658141036401503e-14,0.83935546875
D2-N2-M5-Rloose-S1198,N2-M5-Rloose,2,2+,0.017253517061148138,7.612556687483902,1.401290545470573,0.0,0.0,6.211266142013329,0,0,0.0,0.839599609375
D2-N2-M3-Rloose-S1353,N2-M3-Rloose,3,2+,0.017259164377124936,7.7373727336352545,3.7677649268965183,0.0,0.0,3.969607806738736,0,0,0.0,0.83984375
D2-N3-M5-Rloose-S1490,N3-M5-Rloose,4,2+,0.017271267421398562,4.22988567129687,0.9955591132889126,-0.7743409941976127,-1.0,5.00866755220558,-2,-1,-9.769962616701378e-15,0.840087890625
D2-N3-M3-Rtight-S1258,N3-M3-Rtight,1,1,0.017306909184554214,0.0,-2.4749204694623295,0.20581499993365576,-0.5,2.7691054695286734,-1,-1,4.440892098500626e-16,0.84033203125
D2-N3-M3-Rtight-S1330,N3-M3-Rtight,1,1,0.01747151350847964,3.895313054485598,1.0998708931288563,0.0,0.0,2.795442161356746,0,0,-4.440892098500626e-15,0.840576171875
D2-N3-M3-Rloose-S1480,N3-M3-Rloose,4,2+,0.01753625351451979,10.77541188905984,5.514535834703906,0.0,0.0,5.260876054355933,0,0,0.0,0.8408203125
D2-N2-M5-Rtight-S1332,N2-M5-Rtight,0,0,0.01781354551379663,0.0,-4.88821195253147,-1.0246644324353182,-0.5,6.412876384966793,-1,-1,-5.329070518200751e-15,0.841064453125
D2-N3-M3-Rloose-S1449,N3-M3-Rloose,3,2+,0.017968433724079663,3.0941376562602514,-0.538602100278073,0.0,-0.5,4.132739756538324,-1,0,0.0,0.84130859375
D2-N2-M3-Rtight-S1410,N2-M3-Rtight,1,1,0.0179835187824664,4.009465776672954,1.1321027714783343,0.0,0.0,2.877363005194624,0,0,-4.440892098500626e-15,0.841552734375
D2-N2-M5-Rloose-S1395,N2-M5-Rloose,2,2+,0.018005197711765092,0.0,-3.617562045076907,-0.6039452913349652,-1.0,5.221507336411875,-2,-1,-2.6645352591003757e-15,0.841796875
D2-N2-M3-Rloose-S1476,N2-M3-Rloose,3,2+,0.018010049011176588,3.1527426082439973,-0.48956866432661883,0.0,-0.5,4.142311272570616,-1,0,0.0,0.842041015625
D2-N3-M5-Rloose-S1142,N3-M5-Rloose,3,2+,0.018022959128401156,0.0,-6.199420355673347,-0.5504520695391584,-1.0,7.7498724252125015,-2,-2,3.552713678800501e-15,0.84228515625
D2-N2-M3-Rloose-S1115,N2-M3-Rloose,1,1,0.018123035913603924,0.0,-2.6330808867377122,-1.0352173733911896,-0.5,4.168298260128907,-1,0,-5.329070518200751e-15,0.842529296875
D2-N3-M5-Rloose-S1411,N3-M5-Rloose,3,2+,0.018130631938492847,4.083900685467626,-1.2395685628178725,-0.7035582495719112,-0.5,6.527027497857418,-1,0,-8.881784197001252e-15,0.8427734375
D2-N3-M5-Rloose-S1153,N3-M5-Rloose,3,2+,0.018176891046847832,0.0,-6.723147924443602,-0.09291522570097932,-1.0,7.816063150144586,-2,0,-5.329070518200751e-15,0.843017578125
D2-N2-M3-Rtight-S1154,N2-M3-Rtight,1,1,0.018297238698671652,0.0,-2.427558191787464,0.0,-0.5,2.9275581917874645,-1,-1,-4.440892098500626e-16,0.84326171875
D2-N3-M5-Rloose-S1498,N3-M5-Rloose,3,2+,0.01832867697172677,0.0,-6.640518881781173,-0.2408122160613444,-1.0,7.881331097842512,-2,-2,5.329070518200751e-15,0.843505859375
D2-N3-M5-Rloose-S1402,N3-M5-Rloose,3,2+,0.01839428830695998,0.0,-6.273340592924317,-0.6362033790684678,-1.0,7.90954397199279,-2,0,-5.329070518200751e-15,0.84375
D2-N2-M3-Rtight-S1366,N2-M3-Rtight,1,1,0.018440405722109712,0.0,-2.4504649155375535,0.0,-0.5,2.9504649155375535,-1,-1,0.0,0.843994140625
D2-N3-M5-Rtight-S1262,N3-M5-Rtight,2,2+,0.01846212825254144,6.378242810220399,-1.065659930680038,0.00518759230762611,-0.5,7.938715148592813,0,0,-1.7763568394002505e-15,0.84423828125
D2-N2-M3-Rtight-S1098,N2-M3-Rtight,1,1,0.018595706206730456,4.145954333567019,1.1706413404901514,0.0,0.0,2.9753129930768694,0,0,-1.7763568394002505e-15,0.844482421875
D2-N2-M3-Rtight-S1138,N2-M3-Rtight,1,1,0.01860024373532232,4.146965985725856,1.170926988074294,0.0,0.0,2.976038997651571,0,0,-8.881784197001252e-15,0.8447265625
D2-N2-M5-Rloose-S1511,N2-M5-Rloose,3,2+,0.018712120188814227,5.883683818091839,0.957168963335711,0.0,-0.5,5.426514854756125,-1,0,3.552713678800501e-15,0.844970703125
D2-N2-M3-Rtight-S1126,N2-M3-Rtight,1,1,0.01873592091501486,4.1772155167121525,1.179468170309776,0.0,0.0,2.9977473464023774,0,0,-8.881784197001252e-16,0.84521484375
D2-N3-M3-Rtight-S1333,N3-M3-Rtight,1,1,0.018794139385480663,0.0,-4.2613092876114536,0.43865722895090176,-0.5,4.322652058660552,-2,-2,0.0,0.845458984375
D2-N2-M3-Rtight-S1326,N2-M3-Rtight,1,1,0.018956767483820608,0.0,-3.8600565212787394,0.0,-0.5,4.360056521278739,-1,-1,0.0,0.845703125
D2-N3-M3-Rtight-S1171,N3-M3-Rtight,1,1,0.018975651745956446,0.0,-2.2366373753763913,-0.2994669039766336,-0.5,3.036104279353026,-1,0,-8.881784197001252e-16,0.845947265625
D2-N3-M5-Rloose-S1124,N3-M5-Rloose,3,2+,0.019015594779219047,4.087382357137358,-1.8943295583670121,-0.3639022050144639,-0.5,6.84561412051886,-1,0,-2.6645352591003757e-14,0.84619140625
D2-N3-M3-Rtight-S1237,N3-M3-Rtight,1,1,0.019020042379436775,0.0,-3.874609747270455,0.0,-0.5,4.374609747270455,-1,-1,0.0,0.846435546875
D2-N2-M5-Rloose-S1315,N2-M5-Rloose,3,2+,0.019095105466619897,6.011686568933328,0.9741059836135513,0.0,-0.5,5.537580585319773,-1,0,3.552713678800501e-15,0.8466796875
D2-N2-M3-Rtight-S1397,N2-M3-Rtight,1,1,0.01911166868683617,0.0,-3.8956837979723264,0.0,-0.5,4.395683797972325,-1,-1,1.7763568394002505e-15,0.846923828125
D2-N2-M5-Rloose-S1127,N2-M5-Rloose,2,2+,0.019163069521990678,0.0,-5.285547460514035,-0.6131575674026117,-1.0,6.898705027916641,-2,-2,5.329070518200751e-15,0.84716796875
D2-N2-M5-Rloose-S1172,N2-M5-Rloose,2,2+,0.019189958388809186,0.0,-4.667287796511918,-1.2410972234593876,-1.0,6.9083850199713055,-2,0,0.0,0.847412109375
D2-N2-M3-Rtight-S1121,N2-M3-Rtight,1,1,0.019267415489729503,0.0,-3.9315055626377866,0.0,-0.5,4.431505562637785,-1,-1,1.7763568394002505e-15,0.84765625
D2-N2-M5-Rloose-S1050,N2-M5-Rloose,4,2+,0.01933601735767898,4.575500943946452,-2.1134756927980973,0.22801038798009643,-0.5,6.960966248764436,1,0,1.687538997430238e-14,0.847900390625
D2-N3-M3-Rtight-S1303,N3-M3-Rtight,1,1,0.01934290572671382,0.0,-2.145482342973324,-0.44938257330091363,-0.5,3.0948649162742186,-1,0,1.9095836023552692e-14,0.84814453125
D2-N2-M5-Rloose-S1295,N2-M5-Rloose,2,2+,0.01939762216817817,0.0,-4.051167778977845,-0.5741426497938285,-1.0,5.6253104287716695,-2,0,4.440892098500626e-15,0.848388671875
D2-N3-M5-Rloose-S1103,N3-M5-Rloose,2,2+,0.019460052586328713,0.0,-5.261989186783307,-0.7436297442950348,-1.0,7.005618931078338,-2,-2,3.552713678800501e-15,0.8486328125
D2-N2-M3-Rtight-S1117,N2-M3-Rtight,1,1,0.0194713106585983,0.0,-3.978401451477609,0.0,-0.5,4.478401451477609,-1,-1,0.0,0.848876953125
D2-N2-M3-Rtight-S1113,N2-M3-Rtight,1,1,0.01948595005786763,0.0,-3.981768513309544,0.0,-0.5,4.481768513309547,-1,-1,-2.6645352591003757e-15,0.84912109375
D2-N2-M3-Rloose-S1365,N2-M3-Rloose,3,2+,0.019505273339366302,3.054318409132769,0.43347467483416224,0.0,-0.5,3.1208437342986066,-1,0,0.0,0.849365234375
D2-N3-M3-Rtight-S1000,N3-M3-Rtight,1,1,0.01952328600960307,0.0,-3.9903557822087095,0.0,-0.5,4.490355782208708,-1,-1,1.7763568394002505e-15,0.849609375
D2-N3-M3-Rtight-S1175,N3-M3-Rtight,1,1,0.01952534611644685,0.0,-2.0812998739176045,-0.542755504713899,-0.5,3.124055378631496,-1,0,7.105427357601002e-15,0.849853515625
D2-N3-M3-Rtight-S1421,N3-M3-Rtight,1,1,0.019587128559898248,0.0,-4.0050395687765965,0.0,-0.5,4.505039568776596,-1,-1,8.881784197001252e-16,0.85009765625
D2-N3-M3-Rtight-S1445,N3-M3-Rtight,1,1,0.019606869146258477,0.0,-4.00957990363945,0.0,-0.5,4.50957990363945,-1,-1,0.0,0.850341796875
D2-N3-M3-Rtight-S1317,N3-M3-Rtight,1,1,0.019611958240725924,0.0,-4.010750395366969,0.0,-0.5,4.510750395366969,-1,-1,0.0,0.8505859375
D2-N3-M3-Rtight-S1112,N3-M3-Rtight,1,1,0.01963778575127645,0.0,-4.016690722793584,0.0,-0.5,4.516690722793584,-1,-1,0.0,0.850830078125
D2-N2-M5-Rloose-S1004,N2-M5-Rloose,2,2+,0.019649047756354815,-0.35265460276160354,-7.801745137994175,0.0,-1.0,8.449090535232571,-2,-2,0.0,0.85107421875
D2-N3-M3-Rtight-S1063,N3-M3-Rtight,1,1,0.019650161124732057,0.0,-2.0484911600001183,-0.5955346199570084,-0.5,3.1440257799571327,-1,0,-6.217248937900877e-15,0.851318359375
D2-N2-M3-Rtight-S1306,N2-M3-Rtight,1,1,0.019708677879289007,0.0,-4.032995912236471,0.0,-0.5,4.532995912236471,-1,-1,0.0,0.8515625
D2-N3-M5-Rloose-S1366,N3-M5-Rloose,3,2+,0.01972657514824344,0.0,-6.796798183622279,-0.6856291301223978,-1.0,8.482427313744672,-2,0,3.552713678800501e-15,0.851806640625
D2-N2-M3-Rtight-S1264,N2-M3-Rtight,1,1,0.01972734329181903,0.0,-4.037288957118378,0.0,-0.5,4.537288957118378,-1,-1,0.0,0.85205078125
D2-N2-M5-Rloose-S1344,N2-M5-Rloose,2,2+,0.019852613375402034,0.0,-7.719029629814408,0.1824058783915271,-1.0,8.536623751422873,-2,-2,7.105427357601002e-15,0.852294921875
D2-N2-M3-Rtight-S1132,N2-M3-Rtight,1,1,0.019968699811481944,0.0,-4.092800956640848,0.0,-0.5,4.592800956640847,-1,-1,8.881784197001252e-16,0.8525390625
D2-N3-M3-Rtight-S1211,N3-M3-Rtight,1,1,0.02006016232982971,0.0,-2.156823994548464,-0.5528019782242823,-0.5,3.2096259727727556,-1,0,-8.881784197001252e-15,0.852783203125
D2-N3-M3-Rtight-S1403,N3-M3-Rtight,1,1,0.020114941981058898,0.0,-1.963254601569309,-0.7551361154001279,-0.5,3.2183907169694237,-1,0,1.3322676295501878e-14,0.85302734375
D2-N3-M3-Rtight-S1416,N3-M3-Rtight,1,1,0.02013018544099332,0.0,-4.129942651428467,0.0,-0.5,4.629942651428465,-1,-1,2.6645352591003757e-15,0.853271484375
D2-N3-M3-Rtight-S1502,N3-M3-Rtight,1,1,0.020161608720613698,0.0,-4.13717000574115,0.0,-0.5,4.63717000574115,-1,-1,0.0,0.853515625
D2-N2-M5-Rloose-S1387,N2-M5-Rloose,2,2+,0.020163594051874845,0.0,-5.215102880888399,-1.0437909777865457,-1.0,7.258893858674945,-2,0,-8.881784197001252e-16,0.853759765625
D2-N2-M3-Rtight-S1201,N2-M3-Rtight,1,1,0.020163840810433632,0.0,-4.137683386399736,0.0,-0.5,4.637683386399736,-1,-1,0.0,0.85400390625
D2-N3-M3-Rloose-S1489,N3-M3-Rloose,3,2+,0.02019044059232475,3.5080892806930137,-0.6357120555416813,0.0,-0.5,4.643801336234695,-1,0,0.0,0.854248046875
D2-N3-M5-Rloose-S1223,N3-M5-Rloose,3,2+,0.020211112679798304,4.205464428561015,-1.449520411762137,-0.621015724404246,-1.0,7.276000564727397,-2,0,8.881784197001252e-16,0.8544921875
D2-N3-M3-Rtight-S1433,N3-M3-Rtight,1,1,0.020237957083880043,0.0,-4.1547301292924,0.0,-0.5,4.654730129292403,-1,-1,-3.552713678800501e-15,0.854736328125
D2-N3-M5-Rloose-S1280,N3-M5-Rloose,4,2+,0.02026184483347132,12.956210057224865,7.549242411397273,-0.4689673558790919,0.0,5.875935001706679,0,0,4.440892098500626e-15,0.85498046875
D2-N3-M3-Rtight-S1207,N3-M3-Rtight,1,1,0.020268213649347167,0.0,-2.0384342300419185,-0.7044799538536279,-0.5,3.24291418389555,-1,0,-3.552713678800501e-15,0.855224609375
D2-N2-M5-Rloose-S1136,N2-M5-Rloose,3,2+,0.020302627856343902,3.9861764477990675,-1.401585630540655,0.0,-0.5,5.887762078339733,-1,0,-1.0658141036401503e-14,0.85546875
D2-N3-M3-Rtight-S1329,N3-M3-Rtight,1,1,0.020341769048760283,0.0,-4.178606881214865,0.0,-0.5,4.678606881214865,-1,-1,0.0,0.855712890625
D2-N3-M5-Rloose-S1158,N3-M5-Rloose,4,2+,0.02035894134557034,0.0,-4.685666441959526,-1.1435524424458006,-1.5,7.3292188844053285,-3,0,-1.7763568394002505e-15,0.85595703125
D2-N3-M5-Rloose-S1382,N3-M5-Rloose,3,2+,0.02056563891747243,0.0,-6.403630010290076,0.0,-1.0,7.4036300102900725,-2,-2,3.552713678800501e-15,0.856201171875
D2-N2-M5-Rloose-S1264,N2-M5-Rloose,2,2+,0.02060594762511933,0.0,-5.353017665835743,-1.06512347920721,-1.0,7.418141145042952,-2,-1,8.881784197001252e-16,0.8564453125
D2-N3-M3-Rtight-S1129,N3-M3-Rtight,1,1,0.02062924882357295,0.0,-4.244727229421779,0.0,-0.5,4.744727229421779,-1,-1,0.0,0.856689453125
D2-N2-M5-Rloose-S1492,N2-M5-Rloose,2,2+,0.020815304661231285,0.0,-6.720926938405675,0.22741726036241094,-1.0,7.49350967804326,-2,-2,4.440892098500626e-15,0.85693359375
D2-N3-M5-Rloose-S1069,N3-M5-Rloose,4,2+,0.020866002512931442,6.4646296034006525,-1.9981904612344294,-0.009561015925439342,-0.5,8.972381080560524,-1,0,-3.552713678800501e-15,0.857177734375
D2-N2-M3-Rtight-S1185,N2-M3-Rtight,1,1,0.02091039859945726,0.0,-4.309391677875169,0.0,-0.5,4.809391677875169,-1,-1,0.0,0.857421875
D2-N2-M3-Rtight-S1198,N2-M3-Rtight,1,1,0.02096002095125747,0.0,-4.320804818789218,0.0,-0.5,4.820804818789217,-1,-1,8.881784197001252e-16,0.857666015625
D2-N3-M3-Rtight-S1137,N3-M3-Rtight,1,1,0.02099009129217766,0.0,-4.327720997200867,0.0,-0.5,4.8277209972008635,-1,-1,3.552713678800501e-15,0.85791015625
D2-N2-M3-Rtight-S1497,N2-M3-Rtight,1,1,0.021126763671126758,0.0,-4.359155644359166,0.0,-0.5,4.859155644359163,0,0,3.552713678800501e-15,0.858154296875
D2-N2-M3-Rtight-S1217,N2-M3-Rtight,1,1,0.02124723055790948,0.0,-4.38686302831918,0.0,-0.5,4.88686302831918,-1,-1,0.0,0.8583984375
D2-N2-M5-Rloose-S1142,N2-M5-Rloose,3,2+,0.021309685646509757,0.0,-6.671486832743518,0.0,-1.0,7.671486832743511,-2,-2,7.105427357601002e-15,0.858642578125
D2-N3-M5-Rloose-S1369,N3-M5-Rloose,4,2+,0.021372860922615394,12.470471994410715,4.776242062269169,0.0,0.0,7.694229932141539,0,0,7.105427357601002e-15,0.85888671875
D2-N2-M5-Rtight-S1132,N2-M5-Rtight,0,0,0.021395028501327115,0.0,-6.322673368659403,-0.8795368918183586,-0.5,7.702210260477762,0,0,0.0,0.859130859375
D2-N2-M3-Rtight-S1025,N2-M3-Rtight,0,0,0.02142584075169321,0.0,-4.60888864608778,-1.3188635794201824,-0.5,6.427752225507959,-1,-1,3.552713678800501e-15,0.859375
D2-N3-M5-Rloose-S1386,N3-M5-Rloose,3,2+,0.02144354538535735,0.0,-6.095254904683991,-0.6244214340446548,-1.0,7.719676338728647,-2,-2,-1.7763568394002505e-15,0.859619140625
D2-N2-M5-Rloose-S1232,N2-M5-Rloose,2,2+,0.021596995358439064,1.0962761785811637,-4.808766141877708,-0.869876008579201,-1.0,7.774918329038059,-2,0,1.4210854715202004e-14,0.85986328125
D2-N2-M5-Rloose-S1362,N2-M5-Rloose,3,2+,0.0216782366132392,0.0,-6.804165180766105,0.0,-1.0,7.804165180766105,-2,-2,0.0,0.860107421875
D2-N3-M3-Rtight-S1133,N3-M3-Rtight,1,1,0.02185206435365731,0.0,-4.52597480134118,0.0,-0.5,5.025974801341182,-1,-1,-1.7763568394002505e-15,0.8603515625
D2-N3-M3-Rtight-S1284,N3-M3-Rtight,2,2+,0.021867423973011196,0.0,-4.164494774905053,-1.395732416998301,-1.0,6.560227191903351,-2,-1,3.552713678800501e-15,0.860595703125
D2-N3-M5-Rloose-S1448,N3-M5-Rloose,2,2+,0.02210682682646818,0.0,-8.683369103141171,-0.8700443100929225,-1.5,11.05341341323409,-3,0,3.552713678800501e-15,0.86083984375
D2-N3-M5-Rtight-S1263,N3-M5-Rtight,2,2+,0.022107078176065997,0.0,-4.4909614051761935,-0.9200912658829459,-1.0,6.411052671059139,-2,-1,8.881784197001252e-16,0.861083984375
D2-N2-M5-Rloose-S1000,N2-M5-Rloose,3,2+,0.02212632982916876,3.212470773891738,-5.301851052650804,0.0,-1.0,9.514321826542556,-2,0,-1.4210854715202004e-14,0.861328125
D2-N3-M3-Rloose-S1320,N3-M3-Rloose,3,2+,0.022204181748094243,3.162807012150701,0.7921594745251532,-0.6820215420695344,-0.5,3.5526690796950824,-1,-1,-4.440892098500626e-16,0.861572265625
D2-N2-M5-Rloose-S1494,N2-M5-Rloose,4,2+,0.022261396976494208,3.9896937743717444,-3.518266261545179,0.4938571243790162,-1.0,8.014102911537918,-2,0,-1.0658141036401503e-14,0.86181640625
D2-N3-M5-Rloose-S1414,N3-M5-Rloose,3,2+,0.022402572731457376,0.0,-6.387343989431191,-0.677582193893461,-1.0,8.064926183324658,-2,0,-7.105427357601002e-15,0.862060546875
D2-N2-M5-Rloose-S1334,N2-M5-Rloose,3,2+,0.022428271808860797,0.0,-8.137715854920277,-0.006441022889859149,-1.5,9.644156877810147,-3,0,-1.0658141036401503e-14,0.8623046875
D2-N3-M3-Rtight-S1035,N3-M3-Rtight,1,1,0.02251986341286183,0.0,-3.853817784495414,-0.8257508004628044,-0.5,5.1795685849582185,-1,0,0.0,0.862548828125
D2-N2-M5-Rloose-S1223,N2-M5-Rloose,3,2+,0.022579876582008884,3.6891650919339156,-0.2968621665512998,-2.062136950297386,-0.5,6.54816420878258,-1,0,2.1316282072803006e-14,0.86279296875
D2-N2-M5-Rloose-S1474,N2-M5-Rloose,3,2+,0.022611730701792426,0.0,-5.9343327670505985,0.3769308635308015,-1.0,6.5574019035198035,-2,0,-6.217248937900877e-15,0.863037109375
D2-N3-M5-Rloose-S1436,N3-M5-Rloose,3,2+,0.022668948551662738,4.178465174985774,-1.3962691923633344,-0.49926071263308214,-0.5,6.573995079982197,-1,0,-6.217248937900877e-15,0.86328125
D2-N2-M5-Rtight-S1340,N2-M5-Rtight,1,1,0.02268247980464877,0.0,-4.490145557022728,0.0,-0.5,4.990145557022728,-1,-1,0.0,0.863525390625
D2-N2-M5-Rloose-S1162,N2-M5-Rloose,3,2+,0.022739108553918003,0.0,-7.080794728552039,-0.10528435085843668,-1.0,8.186079079410483,-2,0,-7.105427357601002e-15,0.86376953125
D2-N3-M5-Rloose-S1462,N3-M5-Rloose,3,2+,0.022994962375140232,0.0,-6.8482728563873,-0.42991359866319023,-1.0,8.27818645505048,-2,0,1.0658141036401503e-14,0.864013671875
D2-N2-M3-Rtight-S1175,N2-M3-Rtight,1,1,0.02300390192951679,0.0,-3.720610891756216,-1.0702865520326599,-0.5,5.2908974437888645,-1,0,1.1546319456101628e-14,0.8642578125
D2-N3-M3-Rloose-S1504,N3-M3-Rloose,2,2+,0.023137308919586763,0.0,-5.24548081570725,-0.6957118601687888,-1.0,6.9411926758760245,0,0,1.4210854715202004e-14,0.864501953125
D2-N3-M5-Rloose-S1346,N3-M5-Rloose,3,2+,0.02320671073857916,0.0,-8.97888561758904,0.0,-1.0,9.978885617589036,-2,-2,3.552713678800501e-15,0.86474609375
D2-N2-M3-Rloose-S1009,N2-M3-Rloose,3,2+,0.023214895466119767,3.7998022912988887,0.5854190167197224,0.0,-0.5,3.7143832745791627,-1,0,3.552713678800501e-15,0.864990234375
D2-N2-M5-Rloose-S1489,N2-M5-Rloose,3,2+,0.023309818254182657,3.229035077865575,-4.162499493640183,0.0,-1.0,8.391534571505758,-2,0,0.0,0.865234375
D2-N3-M3-Rloose-S1099,N3-M3-Rloose,2,2+,0.023598524469300608,3.3849801231774848,-1.5426805047616554,0.0,-0.5,5.42766062793914,-1,0,0.0,0.865478515625
D2-N3-M5-Rloose-S1129,N3-M5-Rloose,3,2+,0.023626322315069392,0.0,-6.927440612743716,-0.5780354206813092,-1.0,8.505476033424998,-2,0,2.842170943040401e-14,0.86572265625
D2-N2-M5-Rloose-S1144,N2-M5-Rloose,2,2+,0.023647159497356407,0.0,-6.207412280301533,0.349736026068177,-1.0,6.857676254233358,-2,-2,-1.7763568394002505e-15,0.865966796875
D2-N3-M5-Rloose-S1314,N3-M5-Rloose,3,2+,0.02369724073489518,0.0,-9.189813516004925,0.0,-1.0,10.189813516004925,-2,-2,0.0,0.8662109375
D2-N3-M5-Rloose-S1432,N3-M5-Rloose,2,2+,0.02382502366326346,0.0,-9.244760175203293,0.0,-1.0,10.24476017520329,-2,-2,3.552713678800501e-15,0.866455078125
D2-N2-M5-Rloose-S1231,N2-M5-Rloose,2,2+,0.023902130207922034,0.0,-7.604766874851933,0.0,-1.0,8.604766874851933,-2,-2,0.0,0.86669921875
D2-N3-M5-Rloose-S1468,N3-M5-Rloose,2,2+,0.023941456951035764,0.0,-9.294826488945379,0.0,-1.0,10.294826488945375,-2,-2,3.552713678800501e-15,0.866943359375
D2-N3-M3-Rloose-S1161,N3-M3-Rloose,4,2+,0.023945404675536464,7.370693333332724,2.3632502579593364,0.0,-0.5,5.507443075373388,-1,0,0.0,0.8671875
D2-N3-M5-Rloose-S1329,N3-M5-Rloose,4,2+,0.023957598276749897,6.386651612929938,-3.4151156460725147,0.0,-0.5,10.30176725900246,-1,-2,-7.105427357601002e-15,0.867431640625
D2-N2-M3-Rloose-S1456,N2-M3-Rloose,2,2+,0.023984377565317766,0.0,-5.109289092492208,-1.0860241771031205,-1.0,7.195313269595324,-2,0,4.440892098500626e-15,0.86767578125
D2-N2-M5-Rloose-S1308,N2-M5-Rloose,2,2+,0.024086459426486156,0.0,-7.195022476718098,-0.47610291681692174,-1.0,8.671125393535014,-2,0,5.329070518200751e-15,0.867919921875
D2-N3-M5-Rloose-S1222,N3-M5-Rloose,3,2+,0.02419596572156879,0.0,-7.32949321394468,-0.38105444582008796,-1.0,8.710547659764764,-2,0,3.552713678800501e-15,0.8681640625
D2-N3-M5-Rloose-S1172,N3-M5-Rloose,3,2+,0.024325228185694048,3.6965936288646617,-3.071505781826346,-0.9889827361588375,-1.0,8.757082146849854,-2,0,-8.881784197001252e-15,0.868408203125
D2-N3-M5-Rloose-S1210,N3-M5-Rloose,3,2+,0.02443419630961878,0.0,-9.23736852523946,-0.26933588789661544,-1.0,10.50670441313607,-2,-2,5.329070518200751e-15,0.86865234375
D2-N3-M5-Rloose-S1351,N3-M5-Rloose,2,2+,0.024834447526452863,3.5785734959598017,-3.920254943070745,-0.9415726704924684,-0.5,8.940401109523037,-1,0,-2.3092638912203256e-14,0.868896484375
D2-N3-M5-Rloose-S1043,N3-M5-Rloose,2,2+,0.024880551097400616,0.0,-7.956998395064215,0.0,-1.0,8.956998395064218,-2,-2,-3.552713678800501e-15,0.869140625
D2-N2-M5-Rloose-S1244,N2-M5-Rloose,3,2+,0.02496821943226274,10.059245656506107,-0.16058343067488323,-0.016505268691981767,-0.5,10.736334355872998,-1,0,-2.6645352591003757e-14,0.869384765625
D2-N2-M5-Rloose-S1262,N2-M5-Rloose,3,2+,0.024989656069021315,0.0,-7.996276184847673,0.0,-1.0,8.996276184847673,-2,-2,0.0,0.86962890625
D2-N2-M5-Rloose-S1467,N2-M5-Rloose,2,2+,0.02511847611895196,0.0,-7.415999058828788,-0.6266523439939226,-1.0,9.042651402822706,-2,0,5.329070518200751e-15,0.869873046875
D2-N3-M5-Rloose-S1016,N3-M5-Rloose,2,2+,0.025210102640591037,0.0,-7.402764244744567,-0.6728727058682022,-1.0,9.075636950612768,-2,0,1.7763568394002505e-15,0.8701171875
D2-N3-M3-Rloose-S1321,N3-M3-Rloose,2,2+,0.025259031867854803,0.0,-3.909551820193929,-0.9000255094126752,-1.0,5.809577329606604,-2,-1,0.0,0.870361328125
D2-N3-M3-Rloose-S1036,N3-M3-Rloose,3,2+,0.025280010854156862,8.57772115322416,1.8111219733237007,-0.3174040763465946,-0.5,7.584003256247055,-1,0,0.0,0.87060546875
D2-N3-M5-Rloose-S1197,N3-M5-Rloose,4,2+,0.02536848485472093,17.468738198972204,6.883958075200816,-0.3236683637586064,0.0,10.908448487529995,0,0,0.0,0.870849609375
D2-N2-M5-Rloose-S1347,N2-M5-Rloose,2,2+,0.02539720343277449,0.0,-7.250975401802641,-0.8920178339961753,-1.0,9.14299323579882,-2,0,-3.552713678800501e-15,0.87109375
D2-N2-M5-Rloose-S1463,N2-M5-Rloose,2,2+,0.025596508682776742,0.0,-7.265749362451281,-0.4489937633483343,-1.5,9.214743125799622,-3,0,-7.105427357601002e-15,0.871337890625
D2-N3-M3-Rtight-S1336,N3-M3-Rtight,2,2+,0.02562689016316222,4.222946930056793,-0.7792165395873845,-0.39202126788313274,-0.5,5.894184737527311,-1,0,-1.7763568394002505e-15,0.87158203125
D2-N3-M3-Rloose-S1043,N3-M3-Rloose,2,2+,0.025813960119010937,3.1505805064946486,-0.4796531125471013,0.0,-0.5,4.13023361904175,-1,0,0.0,0.871826171875
D2-N3-M5-Rloose-S1248,N3-M5-Rloose,2,2+,0.0258328660168331,0.0,-6.027947151887044,-0.46358399299456887,-1.0,7.4915311448816055,-2,0,7.993605777301127e-15,0.8720703125
D2-N3-M5-Rloose-S1255,N3-M5-Rloose,2,2+,0.025945333385697975,0.0,-10.156493355850138,0.0,-1.0,11.156493355850131,-2,-2,7.105427357601002e-15,0.872314453125
D2-N3-M5-Rloose-S1383,N3-M5-Rloose,2,2+,0.02595809091395282,0.0,-7.918508922963728,-0.4264038060592896,-1.0,9.344912729023015,-2,0,1.7763568394002505e-15,0.87255859375
D2-N3-M3-Rloose-S1247,N3-M3-Rloose,2,2+,0.026112845236275523,3.167716609619603,-0.5103386281844813,0.0,-0.5,4.178055237804081,-1,0,3.552713678800501e-15,0.872802734375
D2-N3-M5-Rloose-S1456,N3-M5-Rloose,3,2+,0.026180546157592577,0.0,-6.1659219750331005,-0.42643641066874993,-1.0,7.59235838570185,-2,-2,0.0,0.873046875
D2-N3-M5-Rloose-S1330,N3-M5-Rloose,5,2+,0.026408445463607794,17.56160063889555,8.452456697758954,-0.3978964257622124,0.0,9.507040366898806,0,0,0.0,0.873291015625
D2-N2-M5-Rloose-S1378,N2-M5-Rloose,3,2+,0.026432927592441702,0.0,-8.909663262977446,0.3938093296984302,-1.0,9.515853933279018,-2,-2,-1.7763568394002505e-15,0.87353515625
D2-N2-M5-Rloose-S1071,N2-M5-Rloose,2,2+,0.026460089119302893,0.0,-8.525632082949045,0.0,-1.0,9.525632082949045,-2,-2,0.0,0.873779296875
D2-N2-M5-Rtight-S1338,N2-M5-Rtight,0,0,0.026502200371611162,0.0,-6.241466346547487,-0.9441717612197544,-0.5,7.685638107767232,0,0,8.881784197001252e-15,0.8740234375
D2-N2-M5-Rtight-S1091,N2-M5-Rtight,0,0,0.026514227796571168,0.0,-6.258904090989027,-0.9302219700166123,-0.5,7.689126061005639,0,0,8.881784197001252e-16,0.874267578125
D2-N3-M5-Rloose-S1146,N3-M5-Rloose,4,2+,0.026538836233256424,9.951125126468156,-0.32492797417194197,-0.6356464796601562,-0.5,11.411699580300265,-1,0,-1.0658141036401503e-14,0.87451171875
D2-N2-M3-Rloose-S1085,N2-M3-Rloose,2,2+,0.026576279336784137,7.34320174544402,1.230657497983664,0.0,0.0,6.112544247460349,0,0,7.105427357601002e-15,0.874755859375
D2-N2-M3-Rloose-S1341,N2-M3-Rloose,3,2+,0.026896491587282023,4.421811458321287,-1.2643816067535738,0.0,-0.5,6.18619306507486,-1,0,0.0,0.875
D2-N3-M5-Rloose-S1114,N3-M5-Rloose,4,2+,0.027056904108943014,10.025667275680348,1.087659613193722,-0.30247781673286456,-0.5,9.740485479219487,-1,0,3.552713678800501e-15,0.875244140625
D2-N2-M3-Rloose-S1052,N2-M3-Rloose,3,2+,0.027069209916279258,4.489519642952246,-1.2363986377919645,0.0,-0.5,6.225918280744224,-1,0,-1.4210854715202004e-14,0.87548828125
D2-N3-M3-Rloose-S1462,N3-M3-Rloose,2,2+,0.027282566835362426,8.894232127661027,2.6192417555276712,0.0,0.0,6.2749903721333595,0,0,-3.552713678800501e-15,0.875732421875
D2-N2-M5-Rloose-S1406,N2-M5-Rloose,3,2+,0.027436542232273542,0.0,-9.322235797717816,0.4450805940993442,-1.0,9.877155203618472,-2,-2,0.0,0.8759765625
D2-N2-M3-Rloose-S1281,N2-M3-Rloose,2,2+,0.027612560746479664,7.783679077264253,1.432790105573929,0.0,0.0,6.350888971690324,0,0,0.0,0.876220703125
D2-N3-M3-Rloose-S1468,N3-M3-Rloose,3,2+,0.027638608384294813,3.844646543125009,-3.9469359721634376,0.0,-0.5,8.291582515288443,-1,-2,3.552713678800501e-15,0.87646484375
D2-N2-M3-Rtight-S1310,N2-M3-Rtight,1,1,0.027834975999723684,0.0,-3.9535961599557896,0.0,-0.5,4.45359615995579,-1,-1,0.0,0.876708984375
D2-N2-M5-Rloose-S1126,N2-M5-Rloose,3,2+,0.027844325560411304,0.0,-7.715583665338876,-0.8083735364091886,-1.5,10.023957201748068,-3,0,-3.552713678800501e-15,0.876953125
D2-N3-M5-Rloose-S1483,N3-M5-Rloose,2,2+,0.027900528938287567,0.0,-9.044190417783526,0.0,-1.0,10.044190417783526,-2,-2,0.0,0.877197265625
D2-N2-M5-Rloose-S1119,N2-M5-Rloose,2,2+,0.02797260085910725,1.4787382577578398,-5.23353359644053,-0.3997823949427315,-1.0,8.112054249141103,0,0,-1.7763568394002505e-15,0.87744140625
D2-N3-M3-Rtight-S1326,N3-M3-Rtight,1,1,0.027994322379297547,0.0,-3.9790915806876086,0.0,-0.5,4.479091580687608,-1,-1,8.881784197001252e-16,0.877685546875
D2-N3-M5-Rloose-S1127,N3-M5-Rloose,2,2+,0.028165242515902758,0.0,-9.139487305724995,0.0,-1.0,10.139487305724998,-2,-2,-3.552713678800501e-15,0.8779296875
D2-N2-M5-Rloose-S1224,N2-M5-Rloose,2,2+,0.028225008131830848,0.0,-9.161002927459101,0.0,-1.0,10.161002927459108,-2,-2,-7.105427357601002e-15,0.878173828125
D2-N3-M3-Rtight-S1168,N3-M3-Rtight,2,2+,0.028303592392455723,0.0,-4.261065139049297,-1.2487611112155075,-1.0,6.5098262502648225,-1,0,-1.7763568394002505e-14,0.87841796875
D2-N3-M5-Rloose-S1499,N3-M5-Rloose,2,2+,0.028382437319239784,0.0,-9.217677434926323,0.0,-1.0,10.217677434926323,-2,-2,0.0,0.878662109375
D2-N3-M5-Rloose-S1231,N3-M5-Rloose,2,2+,0.028394561136974306,0.0,-9.222042009310748,0.0,-1.0,10.222042009310755,-2,-2,-7.105427357601002e-15,0.87890625
D2-N3-M3-Rloose-S1081,N3-M3-Rloose,3,2+,0.028548938796032486,4.24606226965858,-1.2260199121806608,-0.5941737412482482,-0.5,6.566255923087468,-1,0,2.1316282072803006e-14,0.879150390625
D2-N3-M3-Rtight-S1024,N3-M3-Rtight,2,2+,0.028745704654433712,0.0,-4.314775339644388,-1.2967367308753646,-1.0,6.611512070519751,-2,-1,1.7763568394002505e-15,0.87939453125
D2-N3-M3-Rtight-S1318,N3-M3-Rtight,1,1,0.028866611430454138,0.0,-4.118657828872663,0.0,-0.5,4.618657828872662,-1,-1,8.881784197001252e-16,0.879638671875
D2-N2-M3-Rtight-S1338,N2-M3-Rtight,1,1,0.028886719240099154,0.0,-4.121875078415864,0.0,-0.5,4.621875078415865,-1,-1,-8.881784197001252e-16,0.8798828125
D2-N2-M5-Rloose-S1226,N2-M5-Rloose,3,2+,0.02888767264254105,0.0,-9.101010298501492,-0.2985518528132789,-1.0,10.399562151314775,-1,-1,-3.552713678800501e-15,0.880126953125
D2-N3-M5-Rloose-S1046,N3-M5-Rloose,3,2+,0.029059523226249134,0.0,-7.427261735612252,0.0,-1.0,8.427261735612248,-2,-2,3.552713678800501e-15,0.88037109375
D2-N2-M3-Rtight-S1174,N2-M3-Rtight,1,1,0.02909143946959912,0.0,-4.154630315135859,0.0,-0.5,4.654630315135859,-1,-1,0.0,0.880615234375
D2-N3-M3-Rtight-S1022,N3-M3-Rtight,1,1,0.029295692683063188,0.0,-4.187310829290111,0.0,-0.5,4.6873108292901104,-1,-1,8.881784197001252e-16,0.880859375
D2-N2-M5-Rloose-S1207,N2-M5-Rloose,2,2+,0.02935396515959722,0.0,-9.567427457455004,0.0,-1.0,10.567427457455004,-2,-2,0.0,0.881103515625
D2-N2-M3-Rtight-S1246,N2-M3-Rtight,1,1,0.029356764878491627,0.0,-4.19708238055866,0.0,-0.5,4.69708238055866,-1,-1,0.0,0.88134765625
D2-N3-M5-Rloose-S1048,N3-M5-Rloose,2,2+,0.029367346470077674,0.0,-9.572244729227968,0.0,-1.0,10.572244729227961,-2,-2,7.105427357601002e-15,0.881591796875
D2-N3-M3-Rtight-S1114,N3-M3-Rtight,1,1,0.029375758934839197,0.0,-6.256424555013014,0.0,-0.5,6.756424555013015,-1,-1,-8.881784197001252e-16,0.8818359375
D2-N3-M5-Rloose-S1025,N3-M5-Rloose,3,2+,0.029410788938404486,0.0,-7.704751360104304,-1.383132657721307,-1.5,10.587884017825616,-3,0,-5.329070518200751e-15,0.882080078125
D2-N3-M3-Rloose-S1496,N3-M3-Rloose,2,2+,0.02947037265814409,0.0,-7.056640999145337,-0.7844707982978943,-1.0,8.841111797443226,-2,0,5.329070518200751e-15,0.88232421875
D2-N2-M5-Rloose-S1318,N2-M5-Rloose,4,2+,0.02947558436124742,10.622417805722904,0.8007587622544179,-0.28955132658058114,-0.5,10.611210370049065,-1,0,1.7763568394002505e-15,0.882568359375
D2-N2-M3-Rtight-S1214,N2-M3-Rtight,1,1,0.029530403171656405,0.0,-4.224864507465025,0.0,-0.5,4.724864507465025,-1,-1,0.0,0.8828125
D2-N3-M5-Rloose-S1451,N3-M5-Rloose,3,2+,0.029533408936418037,10.239509512012802,-1.167373971499714,-0.7924823591472401,-0.5,12.699365842659759,-1,0,-3.552713678800501e-15,0.883056640625
D2-N2-M5-Rloose-S1034,N2-M5-Rloose,3,2+,0.029946971298278557,0.0,-8.747330204593673,-0.5335794627866106,-1.5,10.780909667380278,-3,-2,5.329070518200751e-15,0.88330078125
D2-N2-M3-Rtight-S1418,N2-M3-Rtight,1,1,0.029996704091415843,0.0,-4.299472654626536,0.0,-0.5,4.799472654626535,-1,-1,8.881784197001252e-16,0.883544921875
D2-N2-M5-Rloose-S1103,N2-M5-Rloose,2,2+,0.03012219320640397,0.0,-8.713648831913165,-0.6303407223922739,-1.5,10.84398955430543,-3,-3,8.881784197001252e-15,0.8837890625
D2-N3-M5-Rloose-S1066,N3-M5-Rloose,4,2+,0.03021129169636466,4.195026824138779,-5.161158470148109,-0.5198797164043909,-1.0,10.876065010691278,-2,0,1.7763568394002505e-15,0.884033203125
D2-N2-M5-Rloose-S1411,N2-M5-Rloose,2,2+,0.030283466076692828,0.0,-9.902047787609419,0.0,-1.0,10.902047787609419,-2,-2,0.0,0.88427734375
D2-N3-M3-Rloose-S1304,N3-M3-Rloose,3,2+,0.030309147582134988,3.97885247830132,-1.759693960805997,-0.7325575047837496,-0.5,6.971103943891038,-1,0,2.930988785010413e-14,0.884521484375
D2-N2-M5-Rloose-S1062,N2-M5-Rloose,4,2+,0.0304807673881502,8.884497143570513,0.5874018123467977,-0.04232721133983941,-0.5,8.839422542563558,-1,0,-1.7763568394002505e-15,0.884765625
D2-N3-M5-Rloose-S1193,N3-M5-Rloose,3,2+,0.030547397470725823,0.0,-8.670541986444555,-0.8265211030167359,-1.5,10.997063089461292,-3,0,-1.7763568394002505e-15,0.885009765625
D2-N3-M5-Rloose-S1075,N3-M5-Rloose,2,2+,0.030569467658446453,0.0,-10.005008357040719,0.0,-1.0,11.005008357040722,-2,-2,-3.552713678800501e-15,0.88525390625
D2-N3-M5-Rloose-S1230,N3-M5-Rloose,3,2+,0.030575959386165474,4.374847181648249,-7.772815354402908,0.0,-1.0,13.147662536051158,-2,-2,0.0,0.885498046875
D2-N3-M5-Rloose-S1472,N3-M5-Rloose,2,2+,0.030746588625575444,0.0,-10.06877190520716,0.0,-1.0,11.068771905207164,-2,-2,-3.552713678800501e-15,0.8857421875
D2-N2-M5-Rloose-S1247,N2-M5-Rloose,2,2+,0.030829003562574286,0.0,-8.77745563832218,-0.8209856442045564,-1.5,11.098441282526736,-3,0,1.7763568394002505e-15,0.885986328125
D2-N2-M3-Rloose-S1303,N2-M3-Rloose,2,2+,0.030896080388931574,3.0504634850043075,-1.3929093772247434,0.0,-0.5,4.9433728622290545,-1,0,-3.552713678800501e-15,0.88623046875
D2-N2-M3-Rloose-S1361,N2-M3-Rloose,2,2+,0.030991480686419423,0.0,-5.146782728846144,-0.9812578290303222,-1.0,7.128040557876467,0,0,-8.881784197001252e-16,0.886474609375
D2-N2-M5-Rloose-S1456,N2-M5-Rloose,2,2+,0.03102046220881191,0.0,-7.049342666119134,-0.946591374436326,-1.0,8.995934040555454,-2,0,7.105427357601002e-15,0.88671875
D2-N2-M5-Rloose-S1299,N2-M5-Rloose,2,2+,0.03105543063432195,0.0,-8.619332191189802,-1.060622837166104,-1.5,11.179955028355899,-3,0,7.105427357601002e-15,0.886962890625
D2-N3-M5-Rloose-S1444,N3-M5-Rloose,4,2+,0.031059191212665094,13.129690543079477,2.4483817065200526,0.0,-0.5,11.181308836559424,-1,0,0.0,0.88720703125
D2-N2-M5-Rloose-S1480,N2-M5-Rloose,2,2+,0.03110534313968996,0.0,-10.197923530288389,0.0,-1.0,11.197923530288385,-2,-2,3.552713678800501e-15,0.887451171875
D2-N3-M5-Rloose-S1292,N3-M5-Rloose,2,2+,0.03132682756023028,0.0,-8.31960032724816,0.23482033478138198,-1.0,9.084779992466785,-2,-2,-7.105427357601002e-15,0.8876953125
D2-N3-M5-Rloose-S1211,N3-M5-Rloose,2,2+,0.031385322959979645,0.0,-7.686532366143975,-0.41521129225011355,-1.0,9.1017436583941,-2,0,-1.0658141036401503e-14,0.887939453125
D2-N2-M3-Rloose-S1224,N2-M3-Rloose,2,2+,0.03154744386701541,0.0,-6.255912089413542,0.0,-1.0,7.255912089413542,-2,-2,0.0,0.88818359375
D2-N3-M3-Rtight-S1323,N3-M3-Rtight,1,1,0.031560813543928035,0.0,-3.8413826567341136,-0.7083475102943717,-0.5,5.0497301670284855,-1,0,0.0,0.888427734375
D2-N3-M3-Rloose-S1077,N3-M3-Rloose,2,2+,0.03161402201696362,0.0,-8.130784073456383,-0.35342253163269755,-1.0,9.484206605089085,-2,0,-5.329070518200751e-15,0.888671875
D2-N3-M3-Rloose-S1112,N3-M3-Rloose,2,2+,0.031614377623705836,0.0,-7.7970805831506524,-0.6872327039610923,-1.0,9.484313287111753,-2,0,-8.881784197001252e-15,0.888916015625
D2-N3-M5-Rloose-S1435,N3-M5-Rloose,2,2+,0.03164616391871142,0.0,-8.98261060141661,-0.9100084093195041,-1.5,11.39261901073612,-3,0,-5.329070518200751e-15,0.88916015625
D2-N3-M3-Rloose-S1253,N3-M3-Rloose,2,2+,0.031648911159131765,0.0,-5.167857455781018,-1.1113921108192866,-1.0,7.279249566600306,-2,0,-1.7763568394002505e-15,0.889404296875
D2-N3-M5-Rloose-S1235,N3-M5-Rloose,2,2+,0.03165039537776232,0.0,-7.62296095761306,-0.5556537019380035,-1.0,9.178614659551073,-2,0,-8.881784197001252e-15,0.8896484375
D2-N3-M3-Rloose-S1316,N3-M3-Rloose,2,2+,0.03172707476413278,0.0,-8.128427937115784,-0.3896944921240556,-1.0,9.518122429239838,-2,0,1.7763568394002505e-15,0.889892578125
D2-N2-M3-Rloose-S1192,N2-M3-Rloose,2,2+,0.031766539370919694,0.0,-5.3644823271616175,-0.9418217281499031,-1.0,7.3063040553115215,-2,0,-8.881784197001252e-16,0.89013671875
D2-N2-M5-Rloose-S1330,N2-M5-Rloose,4,2+,0.03196005130010799,10.336095547641364,-3.3270473425875764,0.4203208311825051,-0.5,13.742822059046436,-1,-2,0.0,0.890380859375
D2-N2-M5-Rloose-S1491,N2-M5-Rloose,2,2+,0.03210230119467136,0.0,-8.888095632724436,-1.1687327973572457,-1.5,11.556828430081694,-3,0,-1.2434497875801753e-14,0.890625
D2-N3-M5-Rloose-S1295,N3-M5-Rloose,2,2+,0.03210944922778339,0.0,-10.559401722002029,0.0,-1.0,11.559401722002015,-2,-2,1.4210854715202004e-14,0.890869140625
D2-N3-M5-Rloose-S1289,N3-M5-Rloose,4,2+,0.0322065493703472,10.006046733207029,-3.3427694960422656,0.0,-0.5,13.848816229249294,-1,-2,0.0,0.89111328125
D2-N2-M5-Rloose-S1500,N2-M5-Rloose,2,2+,0.03227800686621515,0.0,-9.373711762813013,-0.7463707090244355,-1.5,11.62008247183745,-3,0,0.0,0.891357421875
D2-N2-M3-Rloose-S1339,N2-M3-Rloose,1,1,0.03228351365341611,0.0,-8.063734532112324,-0.6213195639125112,-1.0,9.685054096024835,-2,0,0.0,0.8916015625
D2-N3-M5-Rloose-S1068,N3-M5-Rloose,3,2+,0.03229580848219579,0.0,-9.146599390769616,-0.9798916628208744,-1.5,11.626491053590492,-3,-1,-1.7763568394002505e-15,0.891845703125
D2-N3-M5-Rloose-S1071,N3-M5-Rloose,3,2+,0.03255530191409006,4.265181963602771,-3.2959828657961054,-0.8798727256872301,-1.0,9.441037555086112,-2,0,-5.329070518200751e-15,0.89208984375
D2-N3-M5-Rloose-S1093,N3-M5-Rloose,3,2+,0.03262343874887497,0.0,-12.010178009559048,-0.5179006524571914,-1.5,14.028078662016242,-3,-2,-1.7763568394002505e-15,0.892333984375
D2-N2-M5-Rloose-S1419,N2-M5-Rloose,2,2+,0.03266964767375369,0.0,-8.474197825388572,0.0,-1.0,9.474197825388572,-2,-2,0.0,0.892578125
D2-N3-M3-Rloose-S1384,N3-M3-Rloose,2,2+,0.03277001204238095,0.0,-8.831003612714287,0.0,-1.0,9.831003612714284,-2,-2,3.552713678800501e-15,0.892822265625
D2-N2-M5-Rloose-S1023,N2-M5-Rloose,2,2+,0.03278812204135739,0.0,-8.14947482270587,-0.3590805692877741,-1.0,9.508555391993646,-2,0,-1.7763568394002505e-15,0.89306640625
D2-N3-M3-Rtight-S1305,N3-M3-Rtight,2,2+,0.032999581278654766,0.0,-5.871054031539696,-0.718849662550894,-1.0,7.589903694090594,-2,-1,-4.440892098500626e-15,0.893310546875
D2-N2-M5-Rloose-S1218,N2-M5-Rloose,3,2+,0.03305804001924913,0.0,-12.321149317198376,-0.39380789107874703,-1.5,14.214957208277127,-3,-3,-3.552713678800501e-15,0.8935546875
D2-N3-M5-Rtight-S1219,N3-M5-Rtight,1,1,0.03309093629832738,0.0,-6.808547893433353,-1.7878236330815866,-1.0,9.596371526514943,-2,-1,-3.552713678800501e-15,0.893798828125
D2-N2-M3-Rtight-S1165,N2-M3-Rtight,0,0,0.03347186593164764,0.0,-6.304983182230517,-0.8935459820484403,-0.5,7.698529164278957,0,0,0.0,0.89404296875
D2-N3-M3-Rtight-S1081,N3-M3-Rtight,0,0,0.03348195120171665,0.0,-6.316152450965548,-0.884696325429291,-0.5,7.700848776394835,-1,-1,3.552713678800501e-15,0.894287109375
D2-N3-M5-Rloose-S1256,N3-M5-Rloose,3,2+,0.03350506209921372,9.731978218070083,-1.2788024352444936,-0.5510417024023926,-0.5,12.061822355716942,-1,0,2.6645352591003757e-14,0.89453125
D2-N2-M3-Rloose-S1020,N2-M3-Rloose,2,2+,0.03363416485779844,0.0,-8.817559365288396,-0.27269009205112593,-1.0,10.090249457339532,-2,0,-8.881784197001252e-15,0.894775390625
D2-N2-M3-Rtight-S1129,N2-M3-Rtight,0,0,0.033670139099828154,0.0,-6.512506614056553,-0.7316253789039231,-0.5,7.744131992960476,0,0,0.0,0.89501953125
D2-N2-M3-Rloose-S1251,N2-M3-Rloose,1,1,0.03372684449426225,0.0,-8.327503251446892,-0.7905500968317729,-1.0,10.118053348278679,-2,0,-1.4210854715202004e-14,0.895263671875
D2-N2-M5-Rloose-S1259,N2-M5-Rloose,2,2+,0.03382539443878174,0.0,-8.809364387246706,0.0,-1.0,9.80936438724671,-2,-2,-3.552713678800501e-15,0.8955078125
D2-N3-M3-Rloose-S1058,N3-M3-Rloose,2,2+,0.03388448481721537,4.21384944504382,-4.135407499613347,-0.8160885005074431,-1.0,10.165345445164611,-2,0,-1.7763568394002505e-15,0.895751953125
D2-N2-M3-Rloose-S1066,N2-M3-Rloose,2,2+,0.033920160532441235,4.497712548309764,-2.330128261679082,-0.47379611247264225,-0.5,7.801636922461476,-1,0,1.1546319456101628e-14,0.89599609375
D2-N2-M3-Rloose-S1425,N2-M3-Rloose,2,2+,0.03418194787324039,0.0,-6.861848010845286,0.0,-1.0,7.861848010845293,-2,-2,-7.105427357601002e-15,0.896240234375
D2-N3-M3-Rloose-S1419,N3-M3-Rloose,1,1,0.03471912261344948,0.0,-6.624769495446277,-0.3606287056470998,-1.0,7.985398201093382,-2,0,-5.329070518200751e-15,0.896484375
D2-N3-M3-Rloose-S1168,N3-M3-Rloose,2,2+,0.034900179746559484,0.0,-9.47005392396786,0.0,-1.0,10.470053923967846,-2,-2,1.4210854715202004e-14,0.896728515625
D2-N2-M3-Rloose-S1504,N2-M3-Rloose,2,2+,0.03492797855383706,0.0,-6.4271217421811,-0.6063133252014257,-1.0,8.033435067382527,-2,0,0.0,0.89697265625
D2-N2-M3-Rloose-S1215,N2-M3-Rloose,1,1,0.03501576683990215,0.0,-6.080792878786486,-0.9728334943910097,-1.0,8.053626373177494,0,0,1.7763568394002505e-15,0.897216796875
D2-N2-M5-Rloose-S1243,N2-M5-Rloose,3,2+,0.03517837587310292,5.835346309716144,-2.768227756888649,-1.0981549365950554,-0.5,10.201729003199848,-1,-2,0.0,0.8974609375
D2-N3-M5-Rloose-S1422,N3-M5-Rloose,4,2+,0.035369182675851485,5.042561072320154,-8.385219722304967,-0.28096775599103574,-1.5,15.20874855061615,-3,0,7.105427357601002e-15,0.897705078125
D2-N2-M3-Rloose-S1376,N2-M3-Rloose,2,2+,0.03539268821058855,16.260290620089165,6.517901843830128,1.102070487823671,0.5,8.140318288435367,0,0,0.0,0.89794921875
D2-N3-M5-Rloose-S1342,N3-M5-Rloose,3,2+,0.035898789665598646,0.0,-8.451854418174111,-0.45879458484949986,-1.5,10.410649003023607,-3,0,3.552713678800501e-15,0.898193359375
D2-N3-M5-Rloose-S1336,N3-M5-Rloose,3,2+,0.03618716012719442,9.475125175678784,-1.9265277787668111,-0.6257246913443952,-1.0,13.027377645789983,-2,0,7.105427357601002e-15,0.8984375
D2-N3-M3-Rloose-S1368,N3-M3-Rloose,2,2+,0.03626027407588889,0.0,-8.894619517128966,-0.4834627056377063,-1.5,10.878082222766672,-3,-3,0.0,0.898681640625
D2-N3-M3-Rloose-S1484,N3-M3-Rloose,2,2+,0.03631224617350334,0.0,-9.893673852050995,0.0,-1.0,10.893673852051002,-2,-2,-7.105427357601002e-15,0.89892578125
D2-N3-M5-Rloose-S1496,N3-M5-Rloose,3,2+,0.036412881431068515,18.88385260924303,5.205695009067661,0.5695202849906993,0.0,13.108637315184666,-1,0,3.552713678800501e-15,0.899169921875
D2-N3-M5-Rloose-S1107,N3-M5-Rloose,2,2+,0.036588826814128395,0.0,-11.141292027072133,-0.5306856260140815,-1.5,13.171977653086216,-3,0,-1.7763568394002505e-15,0.8994140625
D2-N2-M5-Rloose-S1471,N2-M5-Rloose,2,2+,0.036687884692124556,0.0,-9.639486560716104,0.0,-1.0,10.639486560716115,-2,-2,-1.0658141036401503e-14,0.899658203125
D2-N3-M5-Rloose-S1324,N3-M5-Rloose,3,2+,0.03680192838461208,3.3311404284238932,-7.470459953971812,-0.9470938360646466,-1.5,13.24869421846035,-3,-2,0.0,0.89990234375
D2-N2-M3-Rloose-S1105,N2-M3-Rloose,2,2+,0.03680311016922197,0.0,-10.0409330507666,0.0,-1.0,11.04093305076659,-2,-2,1.0658141036401503e-14,0.900146484375
D2-N3-M5-Rloose-S1335,N3-M5-Rloose,2,2+,0.03709276798919825,0.0,-8.772059980711102,-0.4848427361563893,-1.5,10.756902716867494,-3,-3,-1.7763568394002505e-15,0.900390625
D2-N2-M5-Rloose-S1002,N2-M5-Rloose,3,2+,0.03716586105186773,0.0,-11.879709978672388,0.0,-1.5,13.379709978672388,-3,-3,0.0,0.900634765625
D2-N2-M3-Rtight-S1330,N2-M3-Rtight,2,2+,0.0372248409219188,4.274155875441835,-0.7749907031270169,-0.40682796893816364,-0.5,5.955974547507012,-1,0,3.552713678800501e-15,0.90087890625
D2-N3-M5-Rloose-S1279,N3-M5-Rloose,2,2+,0.03727741796728348,0.0,-11.157271723953873,-0.7625987442681795,-1.5,13.419870468222058,-3,0,-5.329070518200751e-15,0.901123046875
D2-N3-M3-Rtight-S1282,N3-M3-Rtight,2,2+,0.037298354213638474,4.285966230744734,-0.8051627790414102,-0.37660766439601284,-0.5,5.967736674182163,-1,0,-6.217248937900877e-15,0.9013671875
D2-N3-M5-Rloose-S1039,N3-M5-Rloose,2,2+,0.03754644659724171,0.0,-9.888469513200086,0.0,-1.0,10.888469513200093,-2,-2,-7.105427357601002e-15,0.901611328125
D2-N3-M5-Rloose-S1148,N3-M5-Rloose,2,2+,0.03772309023100598,0.0,-8.794775976183058,-0.6449201908086848,-1.5,10.939696166991737,-3,0,5.329070518200751e-15,0.90185546875
D2-N3-M5-Rloose-S1343,N3-M5-Rloose,3,2+,0.03779962979765571,0.0,-12.10786672715605,0.0,-1.5,13.60786672715605,-2,-2,0.0,0.902099609375
D2-N2-M5-Rloose-S1311,N2-M5-Rloose,2,2+,0.03795016810029622,0.0,-10.0055487490859,0.0,-1.0,11.005548749085904,-2,-2,-3.552713678800501e-15,0.90234375
D2-N2-M5-Rloose-S1280,N2-M5-Rloose,2,2+,0.03804716188096391,0.0,-10.033676945479524,0.0,-1.0,11.033676945479534,-2,-2,-1.0658141036401503e-14,0.902587890625
D2-N3-M5-Rloose-S1199,N3-M5-Rloose,2,2+,0.03811436614192057,0.0,-10.053166181156968,0.0,-1.0,11.053166181156968,-2,-2,0.0,0.90283203125
D2-N3-M5-Rloose-S1194,N3-M5-Rloose,4,2+,0.038293112643281946,9.472002444467876,-2.6947274898047766,-0.6187906173088744,-1.0,13.785520551581513,-2,0,1.4210854715202004e-14,0.903076171875
D2-N2-M5-Rloose-S1143,N2-M5-Rloose,2,2+,0.03835469236718164,0.0,-10.122860786482672,0.0,-1.0,11.122860786482676,-2,-2,-3.552713678800501e-15,0.9033203125
D2-N3-M5-Rloose-S1491,N3-M5-Rloose,2,2+,0.03838716195619124,0.0,-9.132529105363918,-0.49974786193155135,-1.5,11.13227696729546,-3,-3,8.881784197001252e-15,0.903564453125
D2-N3-M5-Rtight-S1206,N3-M5-Rtight,1,1,0.03864266389416693,10.422627782878095,-4.877764021516066,-0.8159536700976158,-0.5,16.616345474491766,-1,-1,1.0658141036401503e-14,0.90380859375
D2-N2-M5-Rloose-S1031,N2-M5-Rloose,2,2+,0.03869317250206708,0.0,-9.04080694337626,-0.6802130822231904,-1.5,11.22102002559945,-3,-3,0.0,0.904052734375
D2-N3-M3-Rloose-S1177,N3-M3-Rloose,2,2+,0.038933103036424166,0.0,-9.261546369627847,-0.9183845412994113,-1.5,11.679930910927254,-3,0,5.329070518200751e-15,0.904296875
D2-N3-M3-Rloose-S1309,N3-M3-Rloose,2,2+,0.039026612013758344,0.0,-7.174909475302133,-0.8012112878622687,-1.0,8.976120763164417,-2,0,-1.4210854715202004e-14,0.904541015625
D2-N3-M5-Rtight-S1324,N3-M5-Rtight,3,2+,0.03902997140680628,19.021974179790973,7.440024640107538,0.2632578317096068,0.0,11.318691707973827,-1,-1,1.7763568394002505e-15,0.90478515625
D2-N3-M5-Rloose-S1245,N3-M5-Rloose,3,2+,0.03933130152735767,15.886826230997443,0.850094680145979,-1.3757281059123405,-0.5,16.9124596567638,0,0,3.552713678800501e-15,0.905029296875
D2-N3-M5-Rloose-S1203,N3-M5-Rloose,2,2+,0.03938910787911007,0.0,-9.122496901874523,-0.8003443830673963,-1.5,11.422841284941917,-3,0,1.7763568394002505e-15,0.9052734375
D2-N3-M5-Rloose-S1087,N3-M5-Rloose,2,2+,0.039390540598104734,0.0,-10.423256773450376,0.0,-1.0,11.423256773450376,-2,-2,0.0,0.905517578125
D2-N3-M3-Rloose-S1256,N3-M3-Rloose,2,2+,0.03946576012316044,0.0,-9.396121713243616,-0.9436063237045254,-1.5,11.839728036948138,-3,0,3.552713678800501e-15,0.90576171875
D2-N2-M3-Rloose-S1184,N2-M3-Rloose,2,2+,0.03954406503359445,0.0,-7.452011790625782,-0.6431231671009427,-1.0,9.095134957726728,-2,0,-3.552713678800501e-15,0.906005859375
D2-N3-M3-Rloose-S1492,N3-M3-Rloose,3,2+,0.03970109618159337,6.735987754719744,-4.4639003636838765,-0.21044073607438885,-0.5,11.91032885447801,-1,-2,0.0,0.90625
D2-N2-M3-Rloose-S1205,N2-M3-Rloose,2,2+,0.039716861449929225,0.0,-8.13487813348372,0.0,-1.0,9.134878133483724,-2,-2,-3.552713678800501e-15,0.906494140625
D2-N2-M5-Rloose-S1444,N2-M5-Rloose,2,2+,0.04009352234266467,0.0,-9.125556231089295,-1.0015652482834696,-1.5,11.627121479372754,-3,0,1.0658141036401503e-14,0.90673828125
D2-N2-M3-Rtight-S1081,N2-M3-Rtight,0,0,0.04014772004158568,0.0,-4.661165756941997,-1.2624694497117175,-0.5,6.423635206653714,-1,-1,0.0,0.906982421875
D2-N3-M3-Rloose-S1013,N3-M3-Rloose,2,2+,0.04017192629465999,0.0,-7.287527003753848,-0.9520160440179533,-1.0,9.239543047771804,-2,0,-3.552713678800501e-15,0.9072265625
D2-N3-M3-Rloose-S1386,N3-M3-Rloose,2,2+,0.04070089240877123,9.230374255085778,2.718231469682383,0.0,0.0,6.512142785403391,0,0,3.552713678800501e-15,0.907470703125
D2-N2-M3-Rloose-S1220,N2-M3-Rloose,2,2+,0.04142747201904973,0.0,-8.149891556456339,-0.37842700792510464,-1.0,9.528318564381436,-2,0,7.105427357601002e-15,0.90771484375
D2-N3-M3-Rloose-S1344,N3-M3-Rloose,2,2+,0.04160909798466922,0.0,-8.439434351347362,-0.13065818512656624,-1.0,9.570092536473922,-2,-2,7.105427357601002e-15,0.907958984375
D2-N2-M5-Rloose-S1383,N2-M5-Rloose,2,2+,0.041774776116524304,0.0,-7.454323942759434,-0.7361268028759109,-1.0,9.190450745635346,-2,0,-1.7763568394002505e-15,0.908203125
D2-N2-M5-Rloose-S1228,N2-M5-Rloose,2,2+,0.042079878359048334,0.0,-7.6394308225462275,-0.11814241644441204,-1.5,9.25757323899063,-3,0,8.881784197001252e-15,0.908447265625
D2-N3-M3-Rloose-S1239,N3-M3-Rloose,1,1,0.04222631055308709,0.0,-8.055123361809361,-0.6569280654006905,-1.0,9.712051427210035,-2,0,1.5987211554602254e-14,0.90869140625
D2-N3-M3-Rloose-S1181,N3-M3-Rloose,2,2+,0.042275105565168225,0.0,-8.446870691774752,-0.2764035882139357,-1.0,9.723274279988686,-2,0,1.7763568394002505e-15,0.908935546875
D2-N3-M3-Rloose-S1505,N3-M3-Rloose,2,2+,0.04247564200873161,0.0,-8.52055929019729,-0.24883837181098867,-1.0,9.769397662008274,-2,0,5.329070518200751e-15,0.9091796875
D2-N2-M3-Rloose-S1201,N2-M3-Rloose,2,2+,0.04251998495404696,0.0,-8.779596539430795,0.0,-1.0,9.779596539430798,-2,-2,-3.552713678800501e-15,0.909423828125
D2-N2-M3-Rloose-S1299,N2-M3-Rloose,1,1,0.04263459424612842,0.0,-8.161721609412325,-0.6442350671972177,-1.0,9.80595667660954,-2,0,3.552713678800501e-15,0.90966796875
D2-N2-M5-Rtight-S1402,N2-M5-Rtight,1,1,0.04278552127515747,16.66031417217468,2.017422623269516,-0.7598961101515251,0.0,15.402787659056699,0,0,-1.0658141036401503e-14,0.909912109375
D2-N3-M3-Rloose-S1116,N3-M3-Rloose,4,2+,0.04281847637254199,11.455638390047227,2.107388824362573,0.0,-0.5,9.848249565684654,-1,0,0.0,0.91015625
D2-N2-M3-Rloose-S1140,N2-M3-Rloose,2,2+,0.043080682782908164,0.0,-8.908557040068889,0.0,-1.0,9.908557040068885,-2,-2,3.552713678800501e-15,0.910400390625
D2-N2-M5-Rloose-S1156,N2-M5-Rloose,2,2+,0.04348524910947285,23.395344393076826,9.829230753622952,0.45539139770674913,0.5,12.610722241747126,0,0,-1.7763568394002505e-15,0.91064453125
D2-N2-M3-Rloose-S1069,N2-M3-Rloose,2,2+,0.04388419759981871,0.0,-5.043184972304527,-0.9782866436664581,-1.0,7.021471615970988,-2,0,-3.552713678800501e-15,0.910888671875
D2-N2-M3-Rloose-S1451,N2-M3-Rloose,1,1,0.04400232073386423,0.0,-8.523109221471476,-0.5974245473172906,-1.0,10.120533768788775,-2,0,-8.881784197001252e-15,0.9111328125
D2-N2-M3-Rloose-S1261,N2-M3-Rloose,2,2+,0.04427008961334314,0.0,-9.182120611068925,0.0,-1.0,10.182120611068925,-2,-2,0.0,0.911376953125
D2-N3-M3-Rloose-S1070,N3-M3-Rloose,2,2+,0.04428791285510508,4.187435598887262,-4.358789044804158,-0.6399953129827433,-1.0,10.186219956674172,-2,0,-8.881784197001252e-15,0.91162109375
D2-N2-M5-Rloose-S1046,N2-M5-Rloose,3,2+,0.04446988707535071,0.0,-13.733315027503359,-0.7758443196229026,-1.5,16.00915934712626,-2,-2,0.0,0.911865234375
D2-N2-M3-Rloose-S1499,N2-M3-Rloose,1,1,0.04454528700410271,0.0,-8.870734746043219,-0.3746812649004077,-1.0,10.245416010943622,-2,0,5.329070518200751e-15,0.912109375
D2-N3-M3-Rloose-S1395,N3-M3-Rloose,1,1,0.04454644659299839,0.0,-8.60899207598672,-0.636690640402932,-1.0,10.245682716389638,-2,0,1.4210854715202004e-14,0.912353515625
D2-N2-M3-Rloose-S1387,N2-M3-Rloose,1,1,0.04467183126975377,0.0,-8.946461101854041,-0.3280600901893338,-1.0,10.274521192043373,-2,0,1.7763568394002505e-15,0.91259765625
D2-N2-M3-Rloose-S1044,N2-M3-Rloose,2,2+,0.044807851332064635,0.0,-9.305805806374863,0.0,-1.0,10.305805806374863,-2,-2,0.0,0.912841796875
D2-N2-M3-Rloose-S1168,N2-M3-Rloose,2,2+,0.04482763609610757,0.0,-9.31035630210474,0.0,-1.0,10.310356302104736,-2,-2,3.552713678800501e-15,0.9130859375
D2-N3-M3-Rtight-S1448,N3-M3-Rtight,1,1,0.04493656454590278,0.0,-9.004345040375576,-0.33106480518206616,-1.0,10.335409845557635,-2,-2,7.105427357601002e-15,0.913330078125
D2-N2-M3-Rloose-S1067,N2-M3-Rloose,1,1,0.045086740552472915,0.0,-8.917829859477177,-0.45212046759158697,-1.0,10.369950327068771,-2,0,-7.105427357601002e-15,0.91357421875
D2-N3-M3-Rtight-S1245,N3-M3-Rtight,1,1,0.04538564664792227,0.0,-9.086957766204502,-0.3517409628176291,-1.0,10.438698729022121,-2,-2,1.0658141036401503e-14,0.913818359375
D2-N2-M3-Rloose-S1135,N2-M3-Rloose,1,1,0.045430493948646844,0.0,-9.00995332501924,-0.439060283169535,-1.0,10.449013608188778,-2,0,-3.552713678800501e-15,0.9140625
D2-N3-M3-Rloose-S1248,N3-M3-Rloose,2,2+,0.04546791274779555,0.0,-9.457619931992973,0.0,-1.0,10.457619931992973,-2,-2,0.0,0.914306640625
D2-N3-M3-Rloose-S1385,N3-M3-Rloose,2,2+,0.045649099564913365,0.0,-9.499292899930072,0.0,-1.0,10.499292899930069,-2,-2,3.552713678800501e-15,0.91455078125
D2-N2-M3-Rloose-S1238,N2-M3-Rloose,1,1,0.04611450200279295,0.0,-9.606335460642377,0.0,-1.0,10.606335460642377,-2,-2,0.0,0.914794921875
D2-N3-M3-Rloose-S1202,N3-M3-Rloose,1,1,0.04631820946556059,0.0,-9.653188177078935,0.0,-1.0,10.653188177078935,-2,-2,0.0,0.9150390625
D2-N3-M5-Rloose-S1133,N3-M5-Rloose,4,2+,0.04675261927820018,8.917517079907327,-4.140742510770714,0.0,-0.5,13.558259590678048,-1,-2,-7.105427357601002e-15,0.915283203125
D2-N2-M5-Rloose-S1151,N2-M5-Rloose,2,2+,0.04681696061907395,0.0,-12.148713374956127,0.07179479542468026,-1.5,13.576918579531451,-3,-3,-3.552713678800501e-15,0.91552734375
D2-N2-M5-Rloose-S1483,N2-M5-Rloose,2,2+,0.04686279028166693,0.0,-11.682685763741894,-0.4075234179414986,-1.5,13.590209181683406,-3,0,-1.4210854715202004e-14,0.915771484375
D2-N3-M3-Rloose-S1497,N3-M3-Rloose,3,2+,0.04701908291642587,4.267778393597325,-5.118092273850053,-0.4285184033305639,-1.0,10.814389070777935,-2,0,7.105427357601002e-15,0.916015625
D2-N3-M5-Rloose-S1392,N3-M5-Rloose,3,2+,0.047417019544799655,4.1290085262647835,-7.420590156831729,-0.701336984895379,-1.5,13.750935667991897,-3,0,-5.329070518200751e-15,0.916259765625
D2-N2-M3-Rloose-S1073,N2-M3-Rloose,2,2+,0.047464531707204105,0.0,-9.91684229265693,0.0,-1.0,10.916842292656938,-2,-2,-7.105427357601002e-15,0.91650390625
D2-N2-M5-Rloose-S1300,N2-M5-Rloose,2,2+,0.04748762637794393,0.0,-11.983123343173904,-0.28828830642982983,-1.5,13.771411649603735,-3,0,0.0,0.916748046875
D2-N2-M3-Rloose-S1424,N2-M3-Rloose,2,2+,0.047588493947235494,0.0,-9.94535360786417,0.0,-1.0,10.945353607864163,-2,-2,7.105427357601002e-15,0.9169921875
D2-N2-M5-Rloose-S1108,N2-M5-Rloose,2,2+,0.047693221633389044,0.0,-11.087598162422786,-1.243436111260043,-1.5,13.831034273682825,-3,-1,3.552713678800501e-15,0.917236328125
D2-N3-M3-Rloose-S1327,N3-M3-Rloose,2,2+,0.04780981230047332,0.0,-6.101926424667688,-0.5476435434080409,-1.0,7.649569968075731,-2,0,-1.7763568394002505e-15,0.91748046875
D2-N2-M5-Rloose-S1202,N2-M5-Rloose,4,2+,0.04784738464057289,22.616653854131123,8.312638745030334,0.42827356333464817,0.0,13.87574154576614,-1,0,0.0,0.917724609375
D2-N2-M5-Rloose-S1196,N2-M5-Rloose,3,2+,0.04807768124347997,26.28562210566419,5.612219170967805,0.0,0.0,20.673402934696384,1,0,0.0,0.91796875
D2-N2-M3-Rloose-S1232,N2-M3-Rloose,2,2+,0.04828559760199233,0.0,-8.904723473352483,-0.7009639751057499,-1.5,11.105687448458234,-3,0,0.0,0.918212890625
D2-N3-M3-Rloose-S1009,N3-M3-Rloose,2,2+,0.04857807848773665,0.0,-8.663941831784506,-1.009016220394926,-1.5,11.172958052179432,-3,0,0.0,0.91845703125
D2-N2-M3-Rloose-S1080,N2-M3-Rloose,2,2+,0.04892712040132602,0.0,-13.178136120397802,0.0,-1.5,14.678136120397802,-3,-3,0.0,0.918701171875
D2-N3-M3-Rtight-S1380,N3-M3-Rtight,2,2+,0.0490096928758163,0.0,-5.9826085265814495,-0.8589423335491647,-1.0,7.84155086013061,-2,-1,4.440892098500626e-15,0.9189453125
D2-N2-M3-Rloose-S1416,N2-M3-Rloose,2,2+,0.049275595719579984,0.0,-10.333387015503401,0.0,-1.0,11.333387015503398,-2,-2,3.552713678800501e-15,0.919189453125
D2-N3-M3-Rloose-S1434,N3-M3-Rloose,1,1,0.04954964736147644,0.0,-10.39641889313958,0.0,-1.0,11.39641889313958,-2,-2,0.0,0.91943359375
D2-N3-M5-Rloose-S1304,N3-M5-Rloose,3,2+,0.04965979687461244,6.4269386660554915,-9.694210072274814,-0.25637813653016783,-1.5,17.877526874860475,-3,-2,-3.552713678800501e-15,0.919677734375
D2-N2-M3-Rloose-S1198,N2-M3-Rloose,1,1,0.04988799978371942,0.0,-10.474239950255464,0.0,-1.0,11.474239950255466,-2,-2,-1.7763568394002505e-15,0.919921875
D2-N3-M3-Rloose-S1412,N3-M3-Rloose,2,2+,0.049903453256869235,0.0,-10.477794249079928,0.0,-1.0,11.477794249079928,-2,-2,0.0,0.920166015625
D2-N2-M3-Rloose-S1048,N2-M3-Rloose,2,2+,0.049940852512430495,0.0,-9.317845616259675,-0.6685504615993412,-1.5,11.486396077859013,-3,0,3.552713678800501e-15,0.92041015625
D2-N2-M3-Rloose-S1289,N2-M3-Rloose,2,2+,0.050319173951662466,0.0,-9.22174600701619,-0.8516640018661725,-1.5,11.57341000888237,-3,0,-7.105427357601002e-15,0.920654296875
D2-N2-M3-Rloose-S1422,N2-M3-Rloose,1,1,0.05058722915813581,0.0,-10.635062706371233,0.0,-1.0,11.635062706371233,-2,-2,0.0,0.9208984375
D2-N3-M5-Rloose-S1246,N3-M5-Rloose,3,2+,0.05065314009656552,0.0,-19.780850241523172,0.0,-2.0,21.780850241523172,-4,-4,0.0,0.921142578125
D2-N3-M3-Rtight-S1412,N3-M3-Rtight,2,2+,0.05073465770947039,21.80902889997705,9.468755515226139,0.17130211157272623,0.5,11.668971273178187,0,0,-1.7763568394002505e-15,0.92138671875
D2-N2-M5-Rloose-S1216,N2-M5-Rloose,2,2+,0.050911125208625785,0.0,-16.828005075105295,0.0,-1.5,18.32800507510529,0,0,7.105427357601002e-15,0.921630859375
D2-N3-M3-Rloose-S1474,N3-M3-Rloose,1,1,0.05105246076662395,0.0,-10.74206597632351,0.0,-1.0,11.742065976323508,-2,-2,1.7763568394002505e-15,0.921875
D2-N3-M3-Rloose-S1360,N3-M3-Rloose,2,2+,0.051230745646726444,0.0,-9.493421404078532,-0.7896500946685603,-1.5,11.783071498747091,-3,0,1.7763568394002505e-15,0.922119140625
D2-N3-M5-Rloose-S1128,N3-M5-Rloose,2,2+,0.051446013898163584,0.0,-10.318123057595983,0.0,-1.0,11.318123057595983,-2,-2,0.0,0.92236328125
D2-N3-M5-Rloose-S1184,N3-M5-Rloose,3,2+,0.05157134633193555,4.21110391158507,-8.357610282938758,-0.8869762417375254,-1.5,14.955690436261307,-3,0,4.618527782440651e-14,0.922607421875
D2-N3-M3-Rloose-S1078,N3-M3-Rloose,1,1,0.052100216103970844,0.0,-10.983049703913293,0.0,-1.0,11.983049703913293,-2,-2,0.0,0.9228515625
D2-N3-M3-Rloose-S1159,N3-M3-Rloose,1,1,0.05231801477090664,0.0,-9.76964443727795,-0.7634989600305733,-1.5,12.033143397308528,-3,0,-5.329070518200751e-15,0.923095703125
D2-N3-M3-Rloose-S1050,N3-M3-Rloose,1,1,0.052516847817387184,0.0,-11.078874997999055,0.0,-1.0,12.078874997999053,-2,-2,1.7763568394002505e-15,0.92333984375
D2-N3-M3-Rloose-S1101,N3-M3-Rloose,3,2+,0.052675515592573774,9.795653067840902,-1.2548441105594037,-0.5648714078916705,-0.5,12.115368586291964,-1,0,1.2434497875801753e-14,0.923583984375
D2-N3-M3-Rloose-S1499,N3-M3-Rloose,1,1,0.052753286611427336,0.0,-9.723724649478466,-0.9095312711498071,-1.5,12.13325592062828,-3,0,-5.329070518200751e-15,0.923828125
D2-N3-M3-Rloose-S1059,N3-M3-Rloose,1,1,0.05347315185500845,0.0,-10.062885187898388,-0.7359397387535469,-1.5,12.298824926651939,-3,0,-3.552713678800501e-15,0.924072265625
D2-N2-M5-Rloose-S1111,N2-M5-Rloose,2,2+,0.05351559913875642,0.0,-12.024034029707817,-1.9954897205315483,-1.5,15.519523750239365,-1,0,0.0,0.92431640625
D2-N2-M3-Rloose-S1231,N2-M3-Rloose,1,1,0.053945947072518485,0.0,-10.271253812900966,-0.6363140137782821,-1.5,12.407567826679248,-3,0,0.0,0.924560546875
D2-N2-M3-Rloose-S1235,N2-M3-Rloose,1,1,0.05420049060133342,0.0,-10.077731487951919,-0.8883813503547688,-1.5,12.466112838306685,-3,0,1.7763568394002505e-15,0.9248046875
D2-N3-M3-Rloose-S1495,N3-M3-Rloose,1,1,0.054310640420836526,0.0,-10.298022049519503,-0.6934252472729018,-1.5,12.491447296792401,-3,0,3.552713678800501e-15,0.925048828125
D2-N2-M3-Rtight-S1502,N2-M3-Rtight,1,1,0.054472988291085475,0.0,-4.402568946197693,0.0,-0.5,4.902568946197693,-1,-1,0.0,0.92529296875
D2-N3-M3-Rtight-S1214,N3-M3-Rtight,1,1,0.05470860722666143,0.0,-4.42377465039953,0.0,-0.5,4.92377465039953,-1,-1,0.0,0.925537109375
D2-N2-M5-Rloose-S1476,N2-M5-Rloose,2,2+,0.055163251343458675,0.0,-14.12589682560781,-0.37144606399520386,-1.5,15.997342889603019,-3,-2,-3.552713678800501e-15,0.92578125
D2-N2-M5-Rloose-S1367,N2-M5-Rloose,2,2+,0.05524216571660684,0.0,-14.52022805781597,0.0,-1.5,16.020228057815984,-3,-3,-1.4210854715202004e-14,0.926025390625
D2-N2-M5-Rloose-S1043,N2-M5-Rloose,2,2+,0.05705170941282822,0.0,-15.044995729720181,0.0,-1.5,16.544995729720185,-3,-3,-3.552713678800501e-15,0.92626953125
D2-N3-M5-Rloose-S1372,N3-M5-Rloose,2,2+,0.05707645090115679,0.0,-21.109951264823952,-0.9329226226734613,-2.5,24.54287388749742,-5,-5,-7.105427357601002e-15,0.926513671875
D2-N3-M3-Rloose-S1494,N3-M3-Rloose,2,2+,0.05719450004190388,10.068313009074501,-2.1095730176377714,-0.47684898292561706,-0.5,13.15473500963789,-1,0,0.0,0.9267578125
D2-N3-M3-Rloose-S1418,N3-M3-Rloose,2,2+,0.05767661086787193,10.041279794509222,-2.102783527521659,-0.6215571775796735,-0.5,13.265620499610549,-1,0,5.329070518200751e-15,0.927001953125
D2-N3-M5-Rloose-S1306,N3-M5-Rloose,3,2+,0.05853660792431166,0.0,-19.0731788527522,0.0,-2.0,21.0731788527522,-4,-4,0.0,0.92724609375
D2-N3-M3-Rloose-S1275,N3-M3-Rloose,1,1,0.059627315850956514,0.0,-11.36996383817161,-0.8443188075483944,-1.5,13.714282645719997,-3,0,7.105427357601002e-15,0.927490234375
D2-N3-M3-Rloose-S1479,N3-M3-Rloose,1,1,0.060223726555071744,0.0,-8.081008437997543,-0.5547878108139388,-1.0,9.63579624881148,-2,0,0.0,0.927734375
D2-N2-M3-Rloose-S1123,N2-M3-Rloose,1,1,0.06087091699748348,0.0,-8.159379333056844,-0.5799673865405233,-1.0,9.739346719597357,-2,0,1.0658141036401503e-14,0.927978515625
D2-N2-M3-Rloose-S1279,N2-M3-Rloose,1,1,0.06188499226529809,0.0,-8.100546425152,-0.8010523372956976,-1.0,9.901598762447698,-2,0,0.0,0.92822265625
D2-N3-M3-Rloose-S1227,N3-M3-Rloose,1,1,0.061908430248335686,0.0,-12.17418094040287,-0.5647580167143386,-1.5,14.238938957117206,0,0,1.7763568394002505e-15,0.928466796875
D2-N3-M3-Rloose-S1047,N3-M3-Rloose,1,1,0.062001455230275615,0.0,-12.230186658165934,-0.5301480447974461,-1.5,14.260334702963384,-3,0,-3.552713678800501e-15,0.9287109375
D2-N3-M3-Rloose-S1391,N3-M3-Rloose,1,1,0.06208288038864229,0.0,-8.327720714186068,-0.6055401479966944,-1.0,9.933260862182763,-2,0,0.0,0.928955078125
D2-N3-M3-Rloose-S1139,N3-M3-Rloose,1,1,0.062248621188028375,0.0,-8.226771986390737,-0.7330074036938066,-1.0,9.959779390084542,-2,0,1.7763568394002505e-15,0.92919921875
D2-N3-M3-Rloose-S1427,N3-M3-Rloose,1,1,0.06233042469516098,0.0,-8.270484437556608,-0.7023835136691488,-1.0,9.972867951225751,-2,0,5.329070518200751e-15,0.929443359375
D2-N3-M3-Rloose-S1292,N3-M3-Rloose,3,2+,0.06317201486065016,5.309789745542965,-8.051135681626878,-0.1686379907796942,-1.0,14.529563417949536,-2,-2,0.0,0.9296875
D2-N3-M3-Rloose-S1210,N3-M3-Rloose,2,2+,0.06342005693733216,4.1468018354234175,-4.459970018914529,-0.5404372556351915,-1.0,10.14720910997314,-2,0,-1.7763568394002505e-15,0.929931640625
D2-N3-M5-Rtight-S1039,N3-M5-Rtight,1,1,0.06392888599223978,21.875690559685154,7.084522658617501,0.2268129827749108,0.5,14.06435491829275,0,0,-8.881784197001252e-15,0.93017578125
D2-N3-M3-Rloose-S1120,N3-M3-Rloose,3,2+,0.06402688821993724,9.679847576417586,-3.0960937410503107,-0.9502429731176734,-1.0,14.726184290585564,-2,0,5.329070518200751e-15,0.930419921875
D2-N2-M3-Rloose-S1435,N2-M3-Rloose,1,1,0.06459168244495278,0.0,-13.018499324548802,-0.33758763779034584,-1.5,14.856086962339148,-3,0,0.0,0.9306640625
D2-N3-M3-Rloose-S1111,N3-M3-Rloose,1,1,0.06485541908396186,0.0,-8.817398384731021,-0.5594686687028796,-1.0,10.376867053433898,-2,0,3.552713678800501e-15,0.930908203125
D2-N3-M3-Rloose-S1351,N3-M3-Rloose,1,1,0.06490110581634895,0.0,-8.947855751373169,-0.43632117924265973,-1.0,10.38417693061583,-2,0,-1.7763568394002505e-15,0.93115234375
D2-N3-M3-Rtight-S1042,N3-M3-Rtight,1,1,0.06497009790907281,0.0,-9.054819375931945,-0.34039628951970313,-1.0,10.39521566545165,-2,-2,-1.7763568394002505e-15,0.931396484375
D2-N2-M3-Rloose-S1227,N2-M3-Rloose,1,1,0.06497712576528736,0.0,-9.056728690153495,-0.3396114322924756,-1.0,10.396340122445977,-2,0,-7.105427357601002e-15,0.931640625
D2-N3-M3-Rloose-S1208,N3-M3-Rloose,3,2+,0.06544544460061767,5.924666863266857,-11.794034931260207,-0.4149315856582383,-1.5,19.6336333801853,-3,-3,0.0,0.931884765625
D2-N2-M3-Rloose-S1355,N2-M3-Rloose,1,1,0.06589880475429788,0.0,-9.305332422138097,-0.23847633854957398,-1.0,10.543808760687668,-2,0,3.552713678800501e-15,0.93212890625
D2-N3-M3-Rloose-S1071,N3-M3-Rloose,1,1,0.06593315756561041,0.0,-9.2480031694889,-0.3013020410087656,-1.0,10.549305210497664,-2,0,1.7763568394002505e-15,0.932373046875
D2-N3-M3-Rloose-S1228,N3-M3-Rloose,3,2+,0.06618576256208136,10.195324155384583,-7.236127082064016,-0.9242775311758227,-1.5,19.855728768624402,-3,0,1.7763568394002505e-14,0.9326171875
D2-N3-M3-Rloose-S1017,N3-M3-Rloose,3,2+,0.06694097211382063,5.774929604762228,-8.62149398141652,0.0,-1.0,15.396423586178749,-2,-2,0.0,0.932861328125
D2-N2-M3-Rloose-S1058,N2-M3-Rloose,1,1,0.06761643078316101,0.0,-9.81862892530576,0.0,-1.0,10.81862892530576,-2,-2,0.0,0.93310546875
D2-N3-M5-Rloose-S1424,N3-M5-Rloose,2,2+,0.06774509438228116,5.524683738489415,-16.267672787771527,-0.5958774513602667,-2.0,24.388233977621212,-4,-4,-3.552713678800501e-15,0.933349609375
D2-N3-M5-Rloose-S1484,N3-M5-Rloose,2,2+,0.06797665275661599,0.0,-16.909176777559026,-0.8040525218595942,-2.0,19.713229299418636,-4,-4,-1.4210854715202004e-14,0.93359375
D2-N2-M3-Rloose-S1134,N2-M3-Rloose,1,1,0.06806927882592705,0.0,-9.891084612148328,0.0,-1.0,10.891084612148328,-2,-2,0.0,0.933837890625
D2-N2-M3-Rloose-S1270,N2-M3-Rloose,1,1,0.06918390231985772,0.0,-10.069424371177234,0.0,-1.0,11.069424371177236,-2,-2,-1.7763568394002505e-15,0.93408203125
D2-N3-M3-Rloose-S1469,N3-M3-Rloose,3,2+,0.07011274628195768,2.9427753274644104,-11.683156317385858,0.0,-1.5,16.12593164485027,-3,-2,0.0,0.934326171875
D2-N3-M5-Rloose-S1428,N3-M5-Rloose,2,2+,0.07071650881129679,0.0,-22.58968799788914,-0.36825517417770315,-2.5,25.45794317206684,-5,-2,3.552713678800501e-15,0.9345703125
D2-N3-M3-Rloose-S1094,N3-M3-Rloose,1,1,0.07112788261857253,0.0,-10.380461218971607,0.0,-1.0,11.380461218971606,-2,-2,1.7763568394002505e-15,0.934814453125
D2-N3-M3-Rloose-S1461,N3-M3-Rloose,2,2+,0.07114383280761949,0.0,-10.383013249219108,0.0,-1.0,11.383013249219118,-2,-2,-1.0658141036401503e-14,0.93505859375
D2-N3-M5-Rloose-S1149,N3-M5-Rloose,6,2+,0.07134470326451631,53.35141586261139,19.973989379622594,1.1992040792467509,1.5,30.678222403742012,2,0,3.552713678800501e-14,0.935302734375
D2-N2-M3-Rloose-S1338,N2-M3-Rloose,1,1,0.07155870301788464,0.0,-10.449392482861542,0.0,-1.0,11.449392482861542,-2,-2,0.0,0.935546875
D2-N2-M3-Rloose-S1450,N2-M3-Rloose,1,1,0.07160128303650738,0.0,-10.456205285841179,0.0,-1.0,11.456205285841179,-2,-2,0.0,0.935791015625
D2-N2-M3-Rloose-S1242,N2-M3-Rloose,1,1,0.07279393840126572,0.0,-10.647030144202516,0.0,-1.0,11.647030144202516,-2,-2,0.0,0.93603515625
D2-N2-M3-Rtight-S1346,N2-M3-Rtight,2,2+,0.07333361803528687,22.107885398817313,9.614796242756222,0.25971027041519257,0.5,11.7333788856459,0,0,-1.7763568394002505e-15,0.936279296875
D2-N2-M3-Rloose-S1090,N2-M3-Rloose,1,1,0.07386476693166782,0.0,-10.818362709066854,0.0,-1.0,11.818362709066854,-2,-2,0.0,0.9365234375
D2-N3-M5-Rloose-S1102,N3-M5-Rloose,5,2+,0.07468717925996651,60.166738698800586,30.223510851916245,0.5558433132963732,2.5,26.887384533587948,3,3,2.1316282072803006e-14,0.936767578125
D2-N3-M3-Rloose-S1028,N3-M3-Rloose,2,2+,0.07487334816541608,0.0,-20.02631102138217,-0.43569342824265356,-2.0,22.46200444962482,-4,-4,3.552713678800501e-15,0.93701171875
D2-N3-M5-Rtight-S1256,N3-M5-Rtight,1,1,0.07509088335854776,24.4221952289619,2.497140191944755,0.14869886303829327,0.0,21.77635617397885,-1,-1,0.0,0.937255859375
D2-N3-M3-Rloose-S1106,N3-M3-Rloose,1,1,0.07556780485949333,0.0,-11.09084877751893,0.0,-1.0,12.09084877751893,-2,-2,0.0,0.9375
D2-N2-M3-Rloose-S1202,N2-M3-Rloose,1,1,0.0756398985206323,0.0,-11.10238376330117,0.0,-1.0,12.10238376330117,-2,-2,0.0,0.937744140625
D2-N2-M3-Rloose-S1018,N2-M3-Rloose,1,1,0.07594271556525176,0.0,-11.150834490440282,0.0,-1.0,12.15083449044028,-2,-2,1.7763568394002505e-15,0.93798828125
D2-N2-M3-Rloose-S1146,N2-M3-Rloose,1,1,0.07625260937636807,0.0,-11.200417500218892,0.0,-1.0,12.20041750021889,-2,-2,1.7763568394002505e-15,0.938232421875
D2-N2-M3-Rloose-S1055,N2-M3-Rloose,1,1,0.0765474204633077,0.0,-9.667691848770005,-1.0798954253592383,-1.5,12.247587274129238,-3,0,5.329070518200751e-15,0.9384765625
D2-N3-M3-Rloose-S1302,N3-M3-Rloose,1,1,0.07666820579132165,0.0,-11.266912926611464,0.0,-1.0,12.266912926611464,-2,-2,0.0,0.938720703125
D2-N2-M3-Rloose-S1467,N2-M3-Rloose,1,1,0.07669022296209999,0.0,-10.001954195824688,-0.7684814781113171,-1.5,12.270435673935992,-3,0,1.2434497875801753e-14,0.93896484375
D2-N2-M3-Rloose-S1191,N2-M3-Rloose,1,1,0.0768630534319063,0.0,-9.818916915183294,-0.979171633921711,-1.5,12.298088549105003,-3,0,1.7763568394002505e-15,0.939208984375
D2-N3-M3-Rloose-S1015,N3-M3-Rloose,1,1,0.07783049995597952,0.0,-10.239385120739865,-0.713494872216872,-1.5,12.452879992956724,-3,0,1.2434497875801753e-14,0.939453125
D2-N3-M5-Rloose-S1502,N3-M5-Rloose,3,2+,0.08162289386049898,0.0,-26.884241789779633,0.0,-2.5,29.38424178977963,-5,-5,3.552713678800501e-15,0.939697265625
D2-N3-M3-Rloose-S1122,N3-M3-Rloose,2,2+,0.08255283532182367,9.984773368542534,-2.402880429917804,-0.32079985303144876,-0.5,13.208453651491787,-1,0,0.0,0.93994140625
D2-N2-M5-Rloose-S1461,N2-M5-Rloose,9,2+,0.08336211758285947,53.00767573232024,16.359777028511438,0.8021881431792344,0.0,35.84571056062958,-1,0,-1.4210854715202004e-14,0.940185546875
D2-N2-M5-Rloose-S1094,N2-M5-Rloose,4,2+,0.08485867634727984,53.599584569628675,20.639285858841337,0.9111752257665957,1.5,30.549123485020743,2,2,0.0,0.9404296875
D2-N2-M5-Rloose-S1278,N2-M5-Rloose,4,2+,0.08491782838854844,53.996487522231185,15.29888851356758,0.6829328015877725,1.5,36.514666207075834,0,0,-7.105427357601002e-15,0.940673828125
D2-N3-M5-Rloose-S1196,N3-M5-Rloose,2,2+,0.0864880554449046,53.71618515191331,8.472642287977685,0.9995151414833157,1.0,43.2440277224523,0,0,7.105427357601002e-15,0.94091796875
D2-N2-M3-Rloose-S1490,N2-M3-Rloose,3,2+,0.08991625477730905,55.54658254616317,31.087846149281244,0.7779977981008471,3.0,20.680738598781083,0,0,-3.552713678800501e-15,0.941162109375
D2-N3-M5-Rloose-S1274,N3-M5-Rloose,3,2+,0.09128712422314414,0.0,-29.674989921038527,-0.1883747992933562,-3.0,32.86336472033189,-6,-5,0.0,0.94140625
D2-N3-M5-Rloose-S1266,N3-M5-Rloose,11,2+,0.09164075316070722,56.7183312821511,16.52721243232181,0.7855949907252051,0.0,39.40552385910411,-1,0,-2.842170943040401e-14,0.941650390625
D2-N2-M3-Rloose-S1154,N2-M3-Rloose,2,2+,0.09317650753203109,53.395415060308316,28.050101562246127,0.914716765695042,3.0,21.43059673236715,0,0,-3.552713678800501e-15,0.94189453125
D2-N2-M3-Rloose-S1122,N2-M3-Rloose,1,1,0.09452138040688474,0.0,-18.607534996503613,-1.1323824970798788,-2.0,21.73991749358349,-4,-4,0.0,0.942138671875
D2-N3-M3-Rloose-S1332,N3-M3-Rloose,2,2+,0.09527891255904067,0.0,-19.25974165919079,-0.6544082293885576,-2.0,21.914149888579352,-4,-2,-3.552713678800501e-15,0.9423828125
D2-N3-M3-Rloose-S1281,N3-M3-Rloose,2,2+,0.09541032192378676,0.0,-19.4837559939576,-0.4606180485133553,-2.0,21.94437404247096,-4,-4,-7.105427357601002e-15,0.942626953125
D2-N2-M5-Rloose-S1326,N2-M5-Rloose,3,2+,0.09556655154528365,53.876304582228386,10.812731153472278,0.9699562642841442,1.0,41.093617164471965,0,0,0.0,0.94287109375
D2-N3-M3-Rloose-S1074,N3-M3-Rloose,1,1,0.09721999261414413,0.0,-19.902185492403586,-0.4584128088495619,-2.0,22.360598301253148,-4,-4,0.0,0.943115234375
D2-N2-M5-Rloose-S1133,N2-M5-Rloose,6,2+,0.09755471305964795,53.39120644033831,10.483116944254085,0.9595628804356087,0.0,41.94852661564862,-1,0,0.0,0.943359375
D2-N3-M5-Rloose-S1352,N3-M5-Rloose,2,2+,0.09772518731161534,0.0,-24.337420728765455,-1.0028835916029841,-3.0,28.340304320368446,-6,-3,-7.105427357601002e-15,0.943603515625
D2-N3-M3-Rloose-S1209,N3-M3-Rloose,2,2+,0.09788975534650096,0.0,-20.011859326854502,-0.5027844028407189,-2.0,22.514643729695223,-4,-4,-3.552713678800501e-15,0.94384765625
D2-N3-M3-Rloose-S1164,N3-M3-Rloose,2,2+,0.09812763192644994,0.0,-26.03573747960155,-0.4025520983334443,-3.0,29.43828957793498,-6,-6,1.4210854715202004e-14,0.944091796875
D2-N3-M5-Rloose-S1023,N3-M5-Rloose,2,2+,0.09899548510905214,0.0,-24.738842822927555,-0.9698478586975715,-3.0,28.70869068162512,-6,-3,7.105427357601002e-15,0.9443359375
D2-N2-M3-Rloose-S1174,N2-M3-Rloose,2,2+,0.09904933384666831,4.335068642260879,-8.999452487162948,-1.0133722860431118,-1.5,15.847893415466935,-3,0,3.552713678800501e-15,0.944580078125
D2-N3-M3-Rloose-S1444,N3-M3-Rloose,2,2+,0.09941856946407121,0.0,-20.63436713592325,-0.23190384081313792,-2.0,22.866270976736374,-4,-4,1.4210854715202004e-14,0.94482421875
D2-N3-M3-Rtight-S1262,N3-M3-Rtight,1,1,0.10154138328975484,0.0,-14.230727244178183,-0.5158940821825935,-1.5,16.246621326360774,-3,-3,3.552713678800501e-15,0.945068359375
D2-N2-M5-Rloose-S1091,N2-M5-Rloose,3,2+,0.10269439430902884,53.77061044871023,14.292999280726356,1.0076292167334933,1.5,36.96998195125038,0,0,0.0,0.9453125
D2-N2-M5-Rloose-S1200,N2-M5-Rloose,3,2+,0.10405906608032889,53.85491479097496,14.125752574306965,0.7678984277495972,1.5,37.4612637889184,0,0,-7.105427357601002e-15,0.945556640625
D2-N3-M5-Rloose-S1247,N3-M5-Rloose,2,2+,0.10570708934103346,0.0,-27.141223684749118,-0.5138322241505828,-3.0,30.655055908899705,-6,-2,-3.552713678800501e-15,0.94580078125
D2-N3-M5-Rloose-S1350,N3-M5-Rloose,5,2+,0.10708107681067486,84.58821391201751,29.04767550668006,0.0,2.0,53.540538405337436,2,2,7.105427357601002e-15,0.946044921875
D2-N2-M5-Rloose-S1016,N2-M5-Rloose,3,2+,0.10948423411709218,60.07289655813314,11.15219674593969,0.8424791418438085,1.0,47.07822067034964,0,0,0.0,0.9462890625
D2-N3-M5-Rloose-S1404,N3-M5-Rloose,4,2+,0.11121531482172259,53.69080770520695,12.65329436938682,0.0,1.0,40.03751333582014,0,0,-7.105427357601002e-15,0.946533203125
D2-N2-M5-Rloose-S1455,N2-M5-Rloose,3,2+,0.11621202826925803,59.84432657451259,15.795459918593547,0.7125364789861555,1.5,41.83633017693289,0,0,0.0,0.94677734375
D2-N3-M5-Rloose-S1361,N3-M5-Rloose,4,2+,0.11690193854033988,56.49091296525434,13.169515627976523,0.23669946275546927,1.0,42.084697874522355,-1,-1,-7.105427357601002e-15,0.947021484375
D2-N3-M3-Rloose-S1417,N3-M3-Rloose,4,2+,0.11712421796140898,59.381812749934994,29.01952386776819,0.9237187510427374,2.5,26.938570131124067,0,0,0.0,0.947265625
D2-N3-M5-Rloose-S1357,N3-M5-Rloose,3,2+,0.11821947827131035,57.108380613359984,5.774004956696537,0.0,0.5,50.834375656663454,0,0,-7.105427357601002e-15,0.947509765625
D2-N3-M5-Rloose-S1319,N3-M5-Rloose,3,2+,0.12050793947267234,55.056455795368464,17.53976570931208,0.569387638981413,2.0,34.947302447074975,1,0,0.0,0.94775390625
D2-N2-M5-Rloose-S1065,N2-M5-Rloose,2,2+,0.12065922929317456,53.85818093230576,1.8062567770204794,0.16845555922020683,0.0,51.883468596065065,-1,-2,7.105427357601002e-15,0.947998046875
D2-N2-M5-Rloose-S1191,N2-M5-Rloose,2,2+,0.12135273097849189,22.60770902411602,-11.0524678767869,-0.5321150828597339,-1.0,35.192291983762644,-3,-2,7.105427357601002e-15,0.9482421875
D2-N2-M5-Rloose-S1462,N2-M5-Rloose,4,2+,0.12278126594303608,66.73527514189671,5.344568747957105,7.342242156394008e-05,0.0,61.390632971518045,-1,-1,-7.105427357601002e-15,0.948486328125
D2-N3-M5-Rloose-S1100,N3-M5-Rloose,2,2+,0.12327140921435009,54.23603759923006,8.858330282064014,0.0,1.0,44.37770731716604,0,0,0.0,0.94873046875
D2-N2-M3-Rloose-S1170,N2-M3-Rloose,1,1,0.12431284891315579,0.0,-10.18815640218402,0.0,-1.0,11.18815640218402,-2,-2,0.0,0.948974609375
D2-N3-M3-Rloose-S1014,N3-M3-Rloose,1,1,0.12438717613562134,0.0,-10.19484585220592,0.0,-1.0,11.19484585220592,-2,-2,0.0,0.94921875
D2-N3-M5-Rloose-S1018,N3-M5-Rloose,4,2+,0.12463651521880034,62.09193907498039,15.722793596212263,0.0,1.5,44.86914547876812,1,1,7.105427357601002e-15,0.949462890625
D2-N3-M3-Rloose-S1305,N3-M3-Rloose,2,2+,0.12469693571025392,0.0,-24.686124683962923,-0.994170529395482,-3.0,28.680295213358406,-6,-3,0.0,0.94970703125
D2-N3-M5-Rloose-S1370,N3-M5-Rloose,4,2+,0.1290798655950281,60.31187619290137,12.120402732038386,0.7227218466528684,1.0,46.46875161421012,0,0,0.0,0.949951171875
D2-N3-M5-Rloose-S1277,N3-M5-Rloose,4,2+,0.1292862096916786,56.21696181245892,8.207555443468266,0.9663708799863435,0.5,46.54303548900431,0,0,0.0,0.9501953125
D2-N3-M5-Rloose-S1409,N3-M5-Rloose,4,2+,0.13084920090670582,60.795268583766386,11.754707214419824,0.9348490429324698,1.0,47.10571232641409,1,0,0.0,0.950439453125
D2-N2-M3-Rtight-S1206,N2-M3-Rtight,1,1,0.13123157881758046,23.56103785077204,2.3719418076360936,0.19204343232307225,0.0,20.997052610812872,-1,-1,0.0,0.95068359375
D2-N3-M3-Rloose-S1409,N3-M3-Rloose,4,2+,0.1315864400136299,62.499703360187425,29.17081703963258,0.5640051174199777,2.5,30.264881203134877,0,0,-1.4210854715202004e-14,0.950927734375
D2-N2-M5-Rloose-S1118,N2-M5-Rloose,4,2+,0.13278411743823942,71.682382551436,14.118944202233344,-0.5337321492402693,1.0,57.09717049844294,1,0,-7.105427357601002e-15,0.951171875
D2-N3-M5-Rtight-S1330,N3-M5-Rtight,3,2+,0.13433598873776095,73.64295849320132,14.327413892182578,0.5510694437815329,1.0,57.76447515723721,1,1,0.0,0.951416015625
D2-N2-M5-Rloose-S1186,N2-M5-Rloose,4,2+,0.13505650389564744,65.37775070870472,7.8433291384093025,-0.5398751048329853,0.0,58.074296675128394,-1,0,1.4210854715202004e-14,0.95166015625
D2-N2-M5-Rloose-S1392,N2-M5-Rloose,3,2+,0.13730567168507965,67.58182072730837,8.104573176293282,-0.06419127356916032,0.5,59.04143882458425,0,-1,-7.105427357601002e-15,0.951904296875
D2-N3-M5-Rloose-S1125,N3-M5-Rloose,4,2+,0.13822728713997445,59.72105067234554,-0.3141587429506174,0.5974759451071391,0.0,59.43773347018902,0,0,-7.105427357601002e-15,0.9521484375
D2-N3-M5-Rloose-S1418,N3-M5-Rloose,5,2+,0.13917948875589922,65.50865401580313,5.72584424050617,-0.06437038973973275,0.0,59.847180165036676,-1,0,2.1316282072803006e-14,0.952392578125
D2-N3-M3-Rloose-S1464,N3-M3-Rloose,4,2+,0.13939764169638533,61.53436636566285,17.57814799008235,0.636925866664908,1.5,41.8192925089156,0,0,-1.4210854715202004e-14,0.95263671875
D2-N2-M5-Rloose-S1405,N2-M5-Rloose,3,2+,0.13985987271591666,65.10828926655631,4.6618788260154105,0.30666517269670557,0.0,60.13974526784418,-1,0,2.1316282072803006e-14,0.952880859375
D2-N3-M5-Rloose-S1470,N3-M5-Rloose,8,2+,0.14058608212901794,76.83449199192471,18.155827205350676,-2.273350528903684,0.5,60.45201531547772,0,0,-7.105427357601002e-15,0.953125
D2-N3-M3-Rloose-S1158,N3-M3-Rloose,1,1,0.1410897024133464,0.0,-20.10644991061448,-0.4679024755209418,-2.0,22.574352386135423,-4,-4,-3.552713678800501e-15,0.953369140625
D2-N2-M5-Rloose-S1323,N2-M5-Rloose,3,2+,0.14231053239050961,56.41256230970136,4.9561185792594635,0.2246520698584309,0.0,51.231791660583454,-1,0,7.105427357601002e-15,0.95361328125
D2-N2-M5-Rloose-S1057,N2-M5-Rloose,3,2+,0.14232950938442945,66.86716573380448,4.624155402267128,1.0413212962326908,0.0,61.20168903530467,-1,0,0.0,0.953857421875
D2-N3-M5-Rloose-S1270,N3-M5-Rloose,5,2+,0.1430437795666195,57.79624490667206,-3.729989802970721,0.5174094959963971,-0.5,61.50882521364639,-3,-2,-7.105427357601002e-15,0.9541015625
D2-N3-M5-Rloose-S1311,N3-M5-Rloose,3,2+,0.14353949649028352,58.11878186034255,14.007075654622234,0.9852522235380932,1.5,41.62645398218223,2,0,0.0,0.954345703125
D2-N3-M3-Rloose-S1486,N3-M3-Rloose,1,1,0.14408518697008108,0.0,-20.484172541960966,-0.5694573732520086,-2.0,23.053629915212973,-4,-4,0.0,0.95458984375
D2-N3-M5-Rloose-S1190,N3-M5-Rloose,3,2+,0.14461682079040683,69.43257967672822,14.812719011318837,1.057805180862931,1.5,52.06205548454646,1,0,0.0,0.954833984375
D2-N2-M5-Rloose-S1174,N2-M5-Rloose,3,2+,0.14657176824179416,55.31342028585446,10.699869919230927,1.1077375765032267,1.0,42.5058127901203,1,0,7.105427357601002e-15,0.955078125
D2-N2-M5-Rloose-S1096,N2-M5-Rloose,2,2+,0.14674230986928202,52.88233530833553,8.324484071443656,1.0025813748000894,1.0,42.55526986209179,0,0,-7.105427357601002e-15,0.955322265625
D2-N2-M5-Rloose-S1035,N2-M5-Rloose,3,2+,0.14675641253756275,66.01963071083755,11.791557038097796,0.39576515921716315,1.0,52.83230851352259,1,0,0.0,0.95556640625
D2-N3-M5-Rtight-S1282,N3-M5-Rtight,3,2+,0.14736057691303628,73.67339361373135,9.146493564845818,0.661851976279926,0.5,63.3650480726056,0,0,7.105427357601002e-15,0.955810546875
D2-N3-M5-Rloose-S1427,N3-M5-Rloose,3,2+,0.14978540815322575,67.35899164249443,11.907038490852951,0.5292062164802162,1.0,53.92274693516127,1,0,-1.4210854715202004e-14,0.9560546875
D2-N2-M5-Rloose-S1407,N2-M5-Rloose,2,2+,0.15070458181121266,54.24477450452862,8.560323202321168,0.980122576955806,1.0,43.70432872525167,0,0,-2.842170943040401e-14,0.956298828125
D2-N3-M5-Rloose-S1464,N3-M5-Rloose,2,2+,0.15238870571119892,54.07456860634785,8.88184395010017,0.0,1.0,44.192724656247684,0,0,0.0,0.95654296875
D2-N3-M5-Rloose-S1070,N3-M5-Rloose,4,2+,0.15274963708815192,87.73326685667472,20.768533029165297,-0.21761012039589,1.5,65.68234394790532,2,0,-1.4210854715202004e-14,0.956787109375
D2-N3-M5-Rloose-S1072,N3-M5-Rloose,3,2+,0.15324037653539802,56.652230502044254,10.458598898571744,0.7539224082070864,1.0,44.43970919526542,1,0,0.0,0.95703125
D2-N3-M5-Rloose-S1147,N3-M5-Rloose,2,2+,0.15341135092852282,54.93507560408467,-1.186100718927733,0.8930899887441908,0.0,55.22808633426821,-1,-2,0.0,0.957275390625
D2-N3-M5-Rloose-S1136,N3-M5-Rloose,3,2+,0.15376783230212826,68.97687857341475,12.15863294763589,0.46182599701269733,1.0,55.35641962876617,1,0,-7.105427357601002e-15,0.95751953125
D2-N2-M5-Rloose-S1087,N2-M5-Rloose,3,2+,0.15385451272704948,69.19372930459888,12.224907561468946,0.5811971613921212,1.0,55.38762458173781,1,0,0.0,0.957763671875
D2-N3-M5-Rtight-S1353,N3-M5-Rtight,1,1,0.15389997788972704,72.79050075819272,5.443921781572191,0.6695884840379049,0.5,66.17699049258263,0,0,0.0,0.9580078125
D2-N3-M5-Rloose-S1419,N3-M5-Rloose,3,2+,0.15463080582945427,63.06291658545683,6.895826486853306,0.0,0.5,55.66709009860353,0,0,-7.105427357601002e-15,0.958251953125
D2-N2-M5-Rloose-S1027,N2-M5-Rloose,3,2+,0.1568562766783631,78.0780708164202,18.767769832788385,1.342041379421102,1.5,56.46825960421071,1,0,-7.105427357601002e-15,0.95849609375
D2-N2-M5-Rloose-S1486,N2-M5-Rloose,4,2+,0.15755006518506073,59.13724446143136,2.1422929307044356,0.276928064105054,0.0,56.71802346662187,-2,-2,-7.105427357601002e-15,0.958740234375
D2-N2-M5-Rtight-S1176,N2-M5-Rtight,1,1,0.15822503268216037,74.68534024874396,5.564295687588068,0.5842805078269199,0.5,68.03676405332897,0,0,0.0,0.958984375
D2-N2-M5-Rtight-S1038,N2-M5-Rtight,1,1,0.1586366814739309,74.13878428919769,5.425011255407401,0.0,0.5,68.21377303379029,0,0,0.0,0.959228515625
D2-N3-M5-Rloose-S1250,N3-M5-Rloose,5,2+,0.15864030868072648,76.59760384160563,28.59191432419496,0.0,2.0,46.00568951741067,2,2,0.0,0.95947265625
D2-N3-M5-Rtight-S1228,N3-M5-Rtight,2,2+,0.15942067933545892,64.84804797333655,7.038571854298212,-0.08196844172688866,0.5,57.39144456076522,1,0,0.0,0.959716796875
D2-N2-M3-Rloose-S1244,N2-M3-Rloose,3,2+,0.1595029261500917,59.951696237460354,10.585767361892323,0.5150510305405147,1.0,47.85087784502752,1,0,0.0,0.9599609375
D2-N2-M5-Rloose-S1390,N2-M5-Rloose,4,2+,0.1604631741946614,68.15946013302177,-1.1128417997410764,0.7731370290584323,-0.5,68.99916490370441,-3,-3,0.0,0.960205078125
D2-N3-M5-Rloose-S1282,N3-M5-Rloose,4,2+,0.16194649489763233,78.95343835814191,19.15270019499429,0.0,1.5,58.30073816314763,2,0,-7.105427357601002e-15,0.96044921875
D2-N2-M5-Rloose-S1303,N2-M5-Rloose,3,2+,0.1624035701791518,59.37394265248482,-0.23910449697196157,1.1477618849621296,0.0,58.46528526449465,-1,-2,0.0,0.960693359375
D2-N3-M5-Rtight-S1461,N3-M5-Rtight,1,1,0.16401372337369843,73.25635600998272,2.4400311685489733,0.2904237907434133,0.0,70.52590105069034,-1,0,0.0,0.9609375
D2-N3-M5-Rtight-S1097,N3-M5-Rtight,0,0,0.1643746227896091,74.00265330172469,2.980712725927088,-0.15914722373430767,0.5,70.68108779953191,0,0,0.0,0.961181640625
D2-N3-M5-Rloose-S1052,N3-M5-Rloose,2,2+,0.16509118808565665,53.97646252561646,5.60001798077603,0.0,0.5,47.87644454484043,0,0,0.0,0.96142578125
D2-N3-M5-Rloose-S1287,N3-M5-Rloose,4,2+,0.1656075690747068,57.70162481241161,9.175429780746647,0.0,0.5,48.02619503166497,0,0,-7.105427357601002e-15,0.961669921875
D2-N2-M3-Rloose-S1077,N2-M3-Rloose,3,2+,0.1669656902949355,58.00367839855129,7.4139713100706395,0.0,0.5,50.08970708848065,0,0,0.0,0.9619140625
D2-N3-M5-Rloose-S1485,N3-M5-Rloose,4,2+,0.16770790310864875,63.89497775287825,3.370763043799606,0.14936958996507155,0.0,60.37484511911356,-1,0,1.4210854715202004e-14,0.962158203125
D2-N2-M3-Rloose-S1372,N2-M3-Rloose,3,2+,0.16792491481550048,63.15960305445729,11.108033774421926,0.674094835385223,1.0,50.37747444465015,1,0,-7.105427357601002e-15,0.96240234375
D2-N3-M3-Rloose-S1100,N3-M3-Rloose,5,2+,0.16874648602610856,83.92631092226254,30.47504250126907,0.32732261316091427,2.5,50.62394580783257,4,0,-1.4210854715202004e-14,0.962646484375
D2-N3-M5-Rloose-S1440,N3-M5-Rloose,3,2+,0.16889156398109678,62.89553001262042,11.920603535020351,0.9963729230820022,1.0,48.978553554518065,0,0,0.0,0.962890625
D2-N2-M5-Rtight-S1478,N2-M5-Rtight,1,1,0.17010984926403486,77.98847763739946,4.372304067747308,-0.031061613882840344,0.5,73.14723518353499,0,0,0.0,0.963134765625
D2-N3-M5-Rtight-S1157,N3-M5-Rtight,1,1,0.17209223623502481,87.17495586299279,1.0102919004900102,0.11854584499037923,0.0,86.0461181175124,-1,-1,-1.4210854715202004e-14,0.96337890625
D2-N3-M5-Rloose-S1387,N3-M5-Rloose,4,2+,0.17554290768128594,84.37057448931333,30.53724038071749,0.42589088102291006,2.5,50.90744322757293,3,0,0.0,0.963623046875
D2-N2-M5-Rloose-S1352,N2-M5-Rloose,3,2+,0.17623215264736736,75.88980789520143,11.448832376878357,-0.0025994347291791176,1.0,63.44357495305225,1,0,0.0,0.9638671875
D2-N2-M5-Rtight-S1418,N2-M5-Rtight,2,2+,0.17868163419349248,73.32376526729934,7.859062773311705,0.6393141843303407,0.5,64.32538830965728,0,0,0.0,0.964111328125
D2-N3-M5-Rtight-S1505,N3-M5-Rtight,2,2+,0.17896312594495278,73.63999797690408,8.1567381513604,0.5565344853606857,0.5,64.426725340183,0,0,0.0,0.96435546875
D2-N2-M3-Rloose-S1392,N2-M3-Rloose,3,2+,0.1791475571959434,53.456968265833574,-0.2872988929494511,0.0,0.0,53.744267158783025,-2,-2,0.0,0.964599609375
D2-N3-M3-Rloose-S1405,N3-M3-Rloose,3,2+,0.17970068078774595,55.82547005304932,12.081802132473854,0.9125113393938958,1.5,41.331156581181574,-1,-2,0.0,0.96484375
D2-N3-M5-Rloose-S1334,N3-M5-Rloose,4,2+,0.180182596643805,65.79902593604254,12.194258030357894,0.3518148789811941,1.0,52.25295302670345,0,0,0.0,0.965087890625
D2-N3-M5-Rtight-S1314,N3-M5-Rtight,2,2+,0.1808285786055279,74.34718544955733,8.054106448902042,0.6947907026652245,0.5,65.09828829799005,-1,0,0.0,0.96533203125
D2-N3-M5-Rtight-S1406,N3-M5-Rtight,2,2+,0.18107804403289698,72.65535178382372,6.6613449823025945,0.3059109496782164,0.5,65.18809585184292,0,0,-1.4210854715202004e-14,0.965576171875
D2-N3-M5-Rloose-S1076,N3-M5-Rloose,3,2+,0.1817995572931136,81.70841039312721,25.18404699804616,1.3024917800781195,2.5,52.72187161500294,4,0,-7.105427357601002e-15,0.9658203125
D2-N3-M5-Rloose-S1134,N3-M5-Rloose,5,2+,0.18240274977265372,63.99029999290833,-1.2593261260561377,0.08463620080911927,-0.5,65.66498991815534,-2,-3,1.4210854715202004e-14,0.966064453125
D2-N3-M5-Rtight-S1002,N3-M5-Rtight,2,2+,0.1839391200260595,74.13713432474441,6.728478743264837,0.6905723720981605,0.5,66.21808320938142,0,0,-1.4210854715202004e-14,0.96630859375
D2-N2-M3-Rloose-S1181,N2-M3-Rloose,3,2+,0.184380227507508,54.15818614622789,10.750733819501065,0.0,1.0,42.40745232672683,0,0,-7.105427357601002e-15,0.966552734375
D2-N3-M5-Rloose-S1466,N3-M5-Rloose,5,2+,0.18471926467864042,69.51719458193938,2.454639111571069,0.5636201860577639,0.0,66.49893528431055,2,0,0.0,0.966796875
D2-N3-M3-Rloose-S1423,N3-M3-Rloose,3,2+,0.184824165665694,67.15560359272911,21.67171450393329,0.9743309856861946,2.0,42.509558103109626,1,0,0.0,0.967041015625
D2-N2-M5-Rtight-S1162,N2-M5-Rtight,2,2+,0.18490999034347108,75.85204714430284,8.194173400394877,0.5902772202583754,0.5,66.56759652364958,0,0,1.4210854715202004e-14,0.96728515625
D2-N3-M3-Rloose-S1212,N3-M3-Rloose,4,2+,0.18564797832285718,56.867383007363856,13.1683479931067,0.0,1.0,42.699035014257156,1,0,0.0,0.967529296875
D2-N3-M5-Rloose-S1130,N3-M5-Rloose,5,2+,0.18572596326556692,84.35784785132704,4.398350810147271,0.09733283698600537,0.0,79.86216420419377,-1,-2,-1.4210854715202004e-14,0.9677734375
D2-N3-M5-Rtight-S1442,N3-M5-Rtight,1,1,0.18643136036823646,74.05110820684664,5.758796732257087,0.6770217420244147,0.5,67.11528973256513,0,0,1.4210854715202004e-14,0.968017578125
D2-N2-M5-Rtight-S1286,N2-M5-Rtight,1,1,0.18645906591749273,73.98232436943384,5.552152115045869,0.8049085240905844,0.5,67.12526373029739,0,0,0.0,0.96826171875
D2-N2-M3-Rloose-S1348,N2-M3-Rloose,4,2+,0.18664490771972322,73.20693921051593,16.213466894598966,0.0,1.0,55.99347231591697,-1,0,-7.105427357601002e-15,0.968505859375
D2-N3-M3-Rloose-S1200,N3-M3-Rloose,3,2+,0.1868270136327802,75.41394830080492,17.52134785244345,0.34449635852739646,1.5,56.04810408983407,2,0,0.0,0.96875
D2-N3-M3-Rloose-S1084,N3-M3-Rloose,3,2+,0.18746635982069193,70.58844183575269,12.869702752607228,0.47883113693787804,1.0,56.23990794620758,0,0,7.105427357601002e-15,0.968994140625
D2-N3-M5-Rtight-S1048,N3-M5-Rtight,1,1,0.18783132762932386,81.87019586976659,0.7240959426783071,0.3786290464790222,0.0,80.76747088060927,-1,-1,0.0,0.96923828125
D2-N2-M5-Rloose-S1078,N2-M5-Rloose,3,2+,0.18805727672913342,72.33658207677291,5.685682648323059,-1.0497201940381766,0.0,67.70061962248803,0,0,0.0,0.969482421875
D2-N3-M5-Rloose-S1460,N3-M5-Rloose,3,2+,0.18812505667857513,89.58484566831149,20.359825264024472,0.0,1.5,67.72502040428704,2,0,-1.4210854715202004e-14,0.9697265625
D2-N2-M5-Rloose-S1427,N2-M5-Rloose,3,2+,0.1882769350483191,53.22081486641552,10.79988915578532,0.0,1.0,41.4209257106302,0,0,0.0,0.969970703125
D2-N2-M5-Rtight-S1004,N2-M5-Rtight,2,2+,0.18865776467057738,73.37432171816563,5.166475187289251,0.29105124946853445,0.0,67.91679528140784,0,0,0.0,0.97021484375
D2-N2-M5-Rtight-S1199,N2-M5-Rtight,1,1,0.18886385401151687,74.65946978221548,5.565703980956977,0.6027783571124387,0.5,67.99098744414607,0,0,-1.4210854715202004e-14,0.970458984375
D2-N3-M3-Rloose-S1225,N3-M3-Rloose,3,2+,0.18966526060517813,61.844549867203945,16.0809462329378,0.6405936950751739,1.5,43.62300993919097,0,0,0.0,0.970703125
D2-N2-M5-Rtight-S1382,N2-M5-Rtight,1,1,0.18970805892450404,74.81585709876998,5.553237920394834,0.46771796555369094,0.5,68.29490121282146,0,0,0.0,0.970947265625
D2-N2-M3-Rloose-S1287,N2-M3-Rloose,2,2+,0.1903462567202973,70.41653660360642,11.934579712064188,0.37807987545302557,1.0,57.1038770160892,0,0,0.0,0.97119140625
D2-N3-M5-Rtight-S1073,N3-M5-Rtight,1,1,0.19056996707665302,74.33590897682001,5.774517167128716,-0.5437963379038033,0.5,68.60518814759509,0,0,0.0,0.971435546875
D2-N2-M5-Rloose-S1051,N2-M5-Rloose,2,2+,0.19058157027150577,53.92902426557662,-1.7968860747075368,0.45725496154749123,0.0,55.26865537873667,-2,-2,0.0,0.9716796875
D2-N3-M5-Rtight-S1348,N3-M5-Rtight,3,2+,0.19107752199344868,88.81660124943303,7.312749598582512,-0.659482806332421,0.0,82.16333445718293,0,0,1.4210854715202004e-14,0.971923828125
D2-N2-M5-Rtight-S1470,N2-M5-Rtight,1,1,0.19177557675315687,75.02938765524188,5.490180024105396,0.0,0.5,69.03920763113648,0,0,0.0,0.97216796875
D2-N3-M5-Rloose-S1475,N3-M5-Rloose,3,2+,0.19307627075955097,70.02634238734935,12.554144833085711,0.48007903399385454,1.0,55.99211852026978,1,0,0.0,0.972412109375
D2-N3-M5-Rtight-S1303,N3-M5-Rtight,2,2+,0.19743808167161273,74.81473652183813,3.764951341099387,-0.02792422104182246,0.0,71.07770940178058,-1,0,-1.4210854715202004e-14,0.97265625
D2-N2-M5-Rtight-S1246,N2-M5-Rtight,2,2+,0.1981094147033513,74.8089542203486,3.1225795267156844,0.3669854004264419,0.0,71.31938929320647,0,0,0.0,0.972900390625
D2-N3-M5-Rloose-S1283,N3-M5-Rloose,4,2+,0.1986853553444829,72.64790841681447,13.409108765975333,0.6200466009391075,1.0,57.61875304990003,1,0,7.105427357601002e-15,0.97314453125
D2-N2-M5-Rtight-S1166,N2-M5-Rtight,2,2+,0.1987810312397248,75.02516107552134,2.81007106117913,0.6539187680412774,0.0,71.56117124630093,-1,-1,0.0,0.973388671875
D2-N2-M3-Rloose-S1357,N2-M3-Rloose,2,2+,0.19888050166352683,55.16940760348543,8.426892220874262,0.0,1.0,45.742515382611174,1,0,0.0,0.9736328125
D2-N3-M5-Rtight-S1416,N3-M5-Rtight,1,1,0.198950807828662,80.92421761827492,-3.969146449671001,-0.15548329837873376,-0.5,85.54884736632465,-2,-2,1.4210854715202004e-14,0.973876953125
D2-N2-M5-Rloose-S1266,N2-M5-Rloose,4,2+,0.19973224511029658,74.67450967763806,3.0908212384436737,-0.3199198005123891,0.0,71.90360823970677,-1,-2,1.4210854715202004e-14,0.97412109375
D2-N3-M5-Rtight-S1012,N3-M5-Rtight,1,1,0.20008464740565224,78.25681605916033,5.726342993125517,0.0,0.5,72.03047306603482,0,0,0.0,0.974365234375
D2-N3-M5-Rloose-S1170,N3-M5-Rloose,4,2+,0.2003467272603451,75.1247799316054,3.8061783341287097,-0.806220216247543,0.0,72.12482181372422,-1,-2,0.0,0.974609375
D2-N3-M3-Rloose-S1236,N3-M3-Rloose,2,2+,0.20191471032900749,57.02362289741477,8.590357407754666,0.9928821139883987,1.0,46.440383375671715,1,0,-1.4210854715202004e-14,0.974853515625
D2-N3-M3-Rloose-S1021,N3-M3-Rloose,3,2+,0.20288045655457615,59.104244879683634,10.631639158871934,0.8101007132591886,1.0,46.66250500755251,1,0,0.0,0.97509765625
D2-N2-M5-Rtight-S1234,N2-M5-Rtight,1,1,0.2029772671237,88.49339748398597,1.8113960717629993,-0.5982234509680131,0.0,87.280224863191,-1,-1,-1.4210854715202004e-14,0.975341796875
D2-N2-M5-Rloose-S1235,N2-M5-Rloose,3,2+,0.203861052764015,61.60598689816341,3.2636988010928505,-0.777417204493793,0.0,59.11970530156435,-1,-1,0.0,0.9755859375
D2-N3-M5-Rtight-S1372,N3-M5-Rtight,2,2+,0.20567985881076284,79.94183212547811,6.2286723160522754,-0.3315893624487892,0.0,74.04474917187463,0,0,0.0,0.975830078125
D2-N3-M5-Rtight-S1389,N3-M5-Rtight,2,2+,0.20967535879953558,80.77304457622776,5.600101634789162,-0.31018622639421267,0.0,75.4831291678328,-1,0,1.4210854715202004e-14,0.97607421875
D2-N2-M3-Rloose-S1366,N2-M3-Rloose,3,2+,0.20982531847512093,57.14369022763971,8.383866978361901,0.0,0.5,48.25982324927781,0,0,0.0,0.976318359375
D2-N2-M3-Rloose-S1175,N2-M3-Rloose,2,2+,0.21144352931034122,64.8724162196873,14.054310871169893,1.1860936071389272,1.0,48.63201174137848,0,0,0.0,0.9765625
D2-N3-M3-Rtight-S1060,N3-M3-Rtight,2,2+,0.21216457806158803,72.96338546456923,8.154879084132483,0.6591329619603373,0.5,63.6493734184764,0,0,0.0,0.976806640625
D2-N3-M5-Rloose-S1221,N3-M5-Rloose,4,2+,0.21228704557303224,84.0843681840999,9.047975709431121,-1.3869439316228391,0.0,76.42333640629161,-2,0,1.4210854715202004e-14,0.97705078125
D2-N3-M5-Rtight-S1001,N3-M5-Rtight,1,1,0.21229308041379408,82.4647113517272,6.0452419798179235,-0.5060395770565933,0.5,76.42550894896587,0,0,1.4210854715202004e-14,0.977294921875
D2-N3-M3-Rloose-S1040,N3-M3-Rloose,3,2+,0.2128571489821645,85.67385541427029,20.316710719620925,0.0,1.5,63.85714469464936,1,0,7.105427357601002e-15,0.9775390625
D2-N2-M5-Rtight-S1510,N2-M5-Rtight,1,1,0.2137545596244071,85.37822897712431,8.100368173675356,-0.17378066133760506,0.5,76.95164146478656,0,0,0.0,0.977783203125
D2-N2-M3-Rloose-S1337,N2-M3-Rloose,2,2+,0.2137887790141701,54.798498093424456,5.1270789201653315,0.0,0.5,49.171419173259125,0,0,0.0,0.97802734375
D2-N2-M3-Rloose-S1307,N2-M3-Rloose,1,1,0.2138532584532542,53.97540077553633,4.289151331287865,0.0,0.5,49.18624944424846,0,0,0.0,0.978271484375
D2-N3-M5-Rloose-S1160,N3-M5-Rloose,4,2+,0.21647480239432,80.18137367467952,15.903701923254502,0.499979057072208,1.0,62.777692694352794,0,0,1.4210854715202004e-14,0.978515625
D2-N2-M3-Rloose-S1017,N2-M3-Rloose,3,2+,0.2187418095429261,63.13899892287273,11.228229863736729,0.6001528642630102,1.0,50.31061619487299,1,0,0.0,0.978759765625
D2-N3-M5-Rtight-S1501,N3-M5-Rtight,4,2+,0.2209576016180324,72.81519672757655,8.98799452805375,-0.2505022697066095,0.0,64.0777044692294,-1,0,1.4210854715202004e-14,0.97900390625
D2-N2-M5-Rtight-S1451,N2-M5-Rtight,2,2+,0.22190678028304034,73.53004547508083,8.134592047158103,0.5424871458410183,0.5,64.3529662820817,0,0,0.0,0.979248046875
D2-N3-M5-Rloose-S1355,N3-M5-Rloose,3,2+,0.22243714783462848,85.83435597993892,19.30632400980675,0.521259098089913,1.5,64.50677287204226,1,0,-1.4210854715202004e-14,0.9794921875
D2-N3-M3-Rloose-S1421,N3-M3-Rloose,7,2+,0.2254916694304609,69.04277179319388,16.600353686865077,0.07933413732279848,0.5,51.863083969006006,0,0,0.0,0.979736328125
D2-N3-M5-Rloose-S1480,N3-M5-Rloose,3,2+,0.2259102065174978,86.79527124153229,19.78131135145793,0.0,1.5,65.51395989007436,2,0,0.0,0.97998046875
D2-N3-M5-Rloose-S1098,N3-M5-Rloose,4,2+,0.22893720249003957,89.14617877149689,6.710292553687879,0.018493321394768447,0.0,82.41739289641424,-1,-2,0.0,0.980224609375
D2-N3-M5-Rtight-S1225,N3-M5-Rtight,1,1,0.22900013978094727,83.58336424614643,0.7580697589181149,0.3852441660872994,0.0,82.44005032114102,-1,-1,0.0,0.98046875
D2-N3-M3-Rloose-S1269,N3-M3-Rloose,3,2+,0.22986403757864826,66.35661891299979,11.720175402540438,0.7677148673702534,1.0,52.868728643089106,1,0,0.0,0.980712890625
D2-N3-M3-Rloose-S1145,N3-M3-Rloose,3,2+,0.2300275347315529,66.70377779024544,12.255488864377941,0.5419559376103352,1.0,52.90633298825717,0,0,0.0,0.98095703125
D2-N3-M3-Rloose-S1102,N3-M3-Rloose,2,2+,0.23100654528300715,89.05151144747204,18.51165007101801,-0.26210220844811893,1.5,69.30196358490214,1,0,0.0,0.981201171875
D2-N3-M3-Rloose-S1361,N3-M3-Rloose,3,2+,0.23138242385629004,66.71456774355427,11.829878337758295,0.6667319188492596,1.0,53.217957486946716,1,0,0.0,0.9814453125
D2-N2-M3-Rtight-S1144,N2-M3-Rtight,1,1,0.23168902648453532,76.10171787571063,5.645435243324612,0.4495746870254229,0.5,69.5067079453606,0,0,0.0,0.981689453125
D2-N3-M3-Rloose-S1403,N3-M3-Rloose,2,2+,0.23177872337855912,65.60318418700477,10.71408475863651,0.5799930512996653,1.0,53.3091063770686,1,0,-7.105427357601002e-15,0.98193359375
D2-N2-M3-Rloose-S1300,N2-M3-Rloose,3,2+,0.2321503511754216,83.36989935192582,13.054557316289056,0.17023668301031591,0.5,69.64510535262647,-1,0,-1.4210854715202004e-14,0.982177734375
D2-N3-M5-Rtight-S1401,N3-M5-Rtight,1,1,0.2321693149354087,84.74044417059224,1.4707410072099627,-0.3112502133648398,0.0,83.58095337674712,-1,0,0.0,0.982421875
D2-N3-M5-Rtight-S1444,N3-M5-Rtight,2,2+,0.23221523143974263,91.68516217577705,7.675734943713705,-0.08805608624398664,0.5,83.59748331830734,0,0,-1.4210854715202004e-14,0.982666015625
D2-N3-M3-Rloose-S1065,N3-M3-Rloose,3,2+,0.23467678321186386,54.16121471963008,0.013674898119333534,0.671879682782063,-0.5,53.975660138728685,-2,0,0.0,0.98291015625
D2-N2-M3-Rloose-S1068,N2-M3-Rloose,2,2+,0.2360373938272164,57.48273488846468,2.2321424600121276,0.46199184819278893,0.5,54.28860058025977,0,0,-7.105427357601002e-15,0.983154296875
D2-N3-M3-Rloose-S1197,N3-M3-Rloose,4,2+,0.23860986885635305,62.67387524424228,7.32003192534485,-0.02642651806377727,0.5,54.8802698369612,-1,0,1.4210854715202004e-14,0.9833984375
D2-N2-M3-Rloose-S1149,N2-M3-Rloose,2,2+,0.23902630259287222,56.50703798461659,1.6424391925139155,-0.11145080425794451,0.0,54.97604959636061,-1,0,0.0,0.983642578125
D2-N3-M3-Rloose-S1133,N3-M3-Rloose,3,2+,0.24549311933336626,70.16830286251253,12.224872456454474,0.48001295938381827,1.0,56.46341744667424,1,0,-7.105427357601002e-15,0.98388671875
D2-N3-M3-Rloose-S1347,N3-M3-Rloose,2,2+,0.24650615080194274,70.07648233116012,11.895164573936345,0.4849030727769438,1.0,56.69641468444683,0,0,7.105427357601002e-15,0.984130859375
D2-N2-M3-Rloose-S1324,N2-M3-Rloose,3,2+,0.24768494699210616,84.83613643769083,10.030652340058978,0.0,0.5,74.30548409763185,0,0,0.0,0.984375
D2-N2-M3-Rloose-S1481,N2-M3-Rloose,3,2+,0.2490546363149473,71.24259055994584,12.53783146131434,0.422192746193622,1.0,57.282566352437875,1,0,0.0,0.984619140625
D2-N2-M5-Rloose-S1112,N2-M5-Rloose,3,2+,0.24994704878113008,88.66991278371447,15.18526863718671,0.0,1.0,72.48464414652773,1,0,2.842170943040401e-14,0.98486328125
D2-N3-M3-Rloose-S1400,N3-M3-Rloose,3,2+,0.2515709752474687,77.95596243896176,18.594638132043936,0.0,1.5,57.86132430691781,1,0,1.4210854715202004e-14,0.985107421875
D2-N3-M5-Rloose-S1008,N3-M5-Rloose,3,2+,0.25421470751353037,84.10003008116156,10.418319821543669,-0.5405549193059098,0.5,73.7222651789238,-1,0,-1.4210854715202004e-14,0.9853515625
D2-N2-M3-Rloose-S1091,N2-M3-Rloose,2,2+,0.2548385162955944,71.82720929834383,11.716478431194922,0.4978721191622021,1.0,58.61285874798671,1,0,0.0,0.985595703125
D2-N2-M3-Rtight-S1468,N2-M3-Rtight,1,1,0.25562951864625655,83.28298187890685,6.094126285029883,0.0,0.5,76.68885559387697,0,0,0.0,0.98583984375
D2-N3-M3-Rloose-S1501,N3-M3-Rloose,7,2+,0.255900191809537,82.60406992246081,22.747025806267303,0.0,1.0,58.85704411619351,0,0,0.0,0.986083984375
D2-N3-M3-Rloose-S1083,N3-M3-Rloose,3,2+,0.2563440732631017,53.63415737988879,11.619105657792517,0.0,1.0,41.015051722096274,0,0,0.0,0.986328125
D2-N3-M3-Rloose-S1429,N3-M3-Rloose,2,2+,0.2565649697547584,56.215324711165806,-2.160251138369407,-0.1343671940592226,-0.5,59.00994304359443,-2,0,0.0,0.986572265625
D2-N2-M5-Rtight-S1130,N2-M5-Rtight,1,1,0.25683773896030415,92.45012675060461,0.3643423829387302,-0.37580165804360044,0.0,92.46158602570948,0,0,0.0,0.98681640625
D2-N3-M3-Rloose-S1105,N3-M3-Rloose,4,2+,0.2620967240843394,78.68630100799659,16.87301339805405,0.5310410705444737,1.0,60.282246539398066,-1,0,0.0,0.987060546875
D2-N2-M5-Rtight-S1406,N2-M5-Rtight,2,2+,0.2678516135100837,81.3247055068235,3.4593729377533364,0.18836465114589718,0.0,77.67696791792427,-1,-1,0.0,0.9873046875
D2-N3-M5-Rtight-S1399,N3-M5-Rtight,1,1,0.2712870806007108,85.42404956423741,6.250796190031275,0.0,0.5,78.67325337420613,0,0,0.0,0.987548828125
D2-N3-M5-Rtight-S1451,N3-M5-Rtight,1,1,0.2718237801014648,86.23518923280213,7.25398048052705,-0.34768747714970627,0.5,78.82889622942479,0,0,0.0,0.98779296875
D2-N2-M5-Rloose-S1433,N2-M5-Rloose,3,2+,0.274416332257374,99.03787619711392,0.7954032790776466,-0.5474066946183562,0.0,98.78987961265463,-2,-2,0.0,0.988037109375
D2-N2-M3-Rtight-S1212,N2-M3-Rtight,2,2+,0.27578961271994457,73.04954686461315,8.288976454095161,0.828959484930732,0.5,63.43161092558725,0,0,0.0,0.98828125
D2-N2-M3-Rloose-S1297,N2-M3-Rloose,4,2+,0.2768327284677023,68.41588251884887,4.744354971277346,0.0,0.0,63.67152754757153,-1,0,0.0,0.988525390625
D2-N2-M3-Rloose-S1021,N2-M3-Rloose,5,2+,0.27789354026402124,84.67492650232292,19.759412241598028,0.0,1.0,63.91551426072489,0,0,0.0,0.98876953125
D2-N3-M3-Rloose-S1044,N3-M3-Rloose,3,2+,0.27942846966419765,85.24545508206467,19.47690705929919,0.0,1.5,64.26854802276546,2,0,1.4210854715202004e-14,0.989013671875
D2-N3-M3-Rloose-S1428,N3-M3-Rloose,3,2+,0.27957787109691146,85.31164872001905,19.50873836772941,0.0,1.5,64.30291035228963,2,0,1.4210854715202004e-14,0.9892578125
D2-N3-M3-Rloose-S1091,N3-M3-Rloose,1,1,0.28031509840114416,58.506037157819144,11.283725681986322,0.8718957316497548,1.5,44.85041574418307,2,0,0.0,0.989501953125
D2-N3-M5-Rtight-S1264,N3-M5-Rtight,1,1,0.28208508878840993,88.80270041815385,6.498024669514978,0.0,0.5,81.80467574863887,0,0,0.0,0.98974609375
D2-N2-M3-Rtight-S1430,N2-M3-Rtight,1,1,0.28705959941607934,72.80006838656496,5.713918870070946,0.562441650795765,0.5,66.02370786569824,0,0,1.4210854715202004e-14,0.989990234375
D2-N3-M3-Rloose-S1124,N3-M3-Rloose,3,2+,0.2876034404270621,87.61837457964063,19.96958328141636,0.0,1.5,66.14879129822428,2,0,-1.4210854715202004e-14,0.990234375
D2-N2-M3-Rtight-S1261,N2-M3-Rtight,1,1,0.288245865975569,72.90567687983396,5.47849217829585,0.630635527157249,0.5,66.29654917438086,0,0,0.0,0.990478515625
D2-N2-M3-Rloose-S1041,N2-M3-Rloose,3,2+,0.28877935987034803,82.04053471006942,14.621281939889371,0.0,1.0,66.41925277018005,0,0,0.0,0.99072265625
D2-N3-M3-Rtight-S1097,N3-M3-Rtight,1,1,0.29405582410720876,74.72960556727477,5.898395830364013,0.6983701922527364,0.5,67.63283954465803,0,0,0.0,0.990966796875
D2-N3-M3-Rloose-S1169,N3-M3-Rloose,3,2+,0.2951856102229215,89.88775057680978,20.49506022553782,0.0,1.5,67.89269035127195,2,0,1.4210854715202004e-14,0.9912109375
D2-N2-M3-Rloose-S1445,N2-M3-Rloose,3,2+,0.29522185726060984,55.37586500915365,7.640367847456073,0.0,0.5,47.23549716169758,0,0,0.0,0.991455078125
D2-N2-M3-Rtight-S1433,N2-M3-Rtight,1,1,0.29552026516980595,73.59253727943491,5.588014698989421,-0.46513840860988365,0.5,67.96966098905537,0,0,0.0,0.99169921875
D2-N2-M3-Rtight-S1125,N2-M3-Rtight,1,1,0.2963983404546655,74.8101952499992,5.570652597858892,0.5679243475672461,0.5,68.17161830457306,0,0,0.0,0.991943359375
D2-N2-M3-Rloose-S1016,N2-M3-Rloose,3,2+,0.2965030344934579,84.20128241835512,15.0055844848598,0.0,1.0,68.19569793349531,0,0,1.4210854715202004e-14,0.9921875
D2-N2-M3-Rtight-S1508,N2-M3-Rtight,1,1,0.302538728317373,76.15195534943682,5.644519266433489,0.4235285700075415,0.5,69.5839075129958,0,0,-1.4210854715202004e-14,0.992431640625
D2-N2-M3-Rtight-S1173,N2-M3-Rtight,1,1,0.3045801085389398,72.61578302573236,2.3822231025858756,0.18013495919032052,0.0,70.05342496395615,-1,0,1.4210854715202004e-14,0.99267578125
D2-N2-M3-Rtight-S1357,N2-M3-Rtight,1,1,0.30515752985804456,72.69111059491098,2.445582172079183,0.059296555481576974,0.0,70.18623186735024,-1,0,-2.842170943040401e-14,0.992919921875
D2-N2-M3-Rtight-S1033,N2-M3-Rtight,0,0,0.30528866080483097,73.21845966568213,2.9606152411858346,-0.45854756061482216,0.5,70.21639198511113,0,0,-1.4210854715202004e-14,0.9931640625
D2-N2-M3-Rloose-S1494,N2-M3-Rloose,3,2+,0.31247170884436903,88.15659708381303,15.28810404960815,0.0,1.0,71.86849303420487,1,-1,0.0,0.993408203125
D2-N2-M3-Rloose-S1034,N2-M3-Rloose,2,2+,0.31394842429479497,57.38707473648535,6.655326849318165,0.0,0.5,50.23174788716719,0,0,0.0,0.99365234375
D2-N3-M3-Rtight-S1202,N3-M3-Rtight,1,1,0.31560722929317986,84.91873547325594,10.769232480808233,0.5598402550163395,1.0,72.58966273743137,1,0,0.0,0.993896484375
D2-N2-M3-Rloose-S1396,N2-M3-Rloose,3,2+,0.3161989635648136,81.71450330873643,8.488741688829283,0.0,0.5,72.72576161990713,0,0,1.4210854715202004e-14,0.994140625
D2-N3-M3-Rtight-S1353,N3-M3-Rtight,1,1,0.3327330426916403,89.43922384656292,11.199749298188244,0.7108747292974212,1.0,76.52859981907726,1,0,1.4210854715202004e-14,0.994384765625
D2-N3-M3-Rloose-S1011,N3-M3-Rloose,2,2+,0.33345462630732214,59.47005572315379,5.617315513982252,0.0,0.5,53.35274020917154,0,0,0.0,0.99462890625
D2-N2-M3-Rloose-S1393,N2-M3-Rloose,3,2+,0.3348358718783994,79.04556513455918,3.0377031924665054,-0.5043885899391682,-0.5,77.01225053203187,-3,0,-2.842170943040401e-14,0.994873046875
D2-N3-M3-Rloose-S1358,N3-M3-Rloose,3,2+,0.335266715030145,74.3045212102576,18.884119289518004,0.27772751591640066,1.5,53.6426744048232,1,0,0.0,0.9951171875
D2-N3-M3-Rtight-S1300,N3-M3-Rtight,1,1,0.3383263320675661,90.90386203859309,11.803681502291752,0.2851241607611228,1.0,77.81505637554021,1,0,0.0,0.995361328125
D2-N3-M3-Rtight-S1033,N3-M3-Rtight,1,1,0.33893437392622733,84.64898805262487,6.1940820495925895,0.0,0.5,77.95490600303228,0,0,0.0,0.99560546875
D2-N2-M3-Rloose-S1035,N2-M3-Rloose,1,1,0.3446478684298551,59.094809731891765,2.489055110828346,0.9620956722866048,0.5,55.14365894877682,-1,0,0.0,0.995849609375
D2-N3-M3-Rtight-S1342,N3-M3-Rtight,2,2+,0.3446575417674227,86.91275940942568,7.299766971269106,-0.15824216835065275,0.5,79.27123460650722,0,0,0.0,0.99609375
D2-N3-M5-Rloose-S1106,N3-M5-Rloose,5,2+,0.3449710271349036,145.40888437911104,19.063447299795158,0.6558673107505973,1.5,124.18956976856529,0,0,0.0,0.996337890625
D2-N2-M3-Rloose-S1169,N2-M3-Rloose,3,2+,0.3605610504460939,87.5329892945284,5.061214218830429,-0.4572665269036054,0.0,82.9290416026016,-1,0,-1.4210854715202004e-14,0.99658203125
D2-N3-M3-Rloose-S1075,N3-M3-Rloose,2,2+,0.3615701280925282,64.39225544348429,6.041034948679769,0.0,0.5,57.85122049480452,0,0,0.0,0.996826171875
D2-N3-M3-Rloose-S1270,N3-M3-Rloose,2,2+,0.36927858637688565,77.52489382117986,16.940320000878156,0.0,1.5,59.084573820301706,2,0,-7.105427357601002e-15,0.9970703125
D2-N2-M3-Rloose-S1294,N2-M3-Rloose,2,2+,0.3820368573011448,80.13700059721491,17.511103429031742,0.0,1.5,61.125897168183165,2,0,0.0,0.997314453125
D2-N3-M3-Rloose-S1054,N3-M3-Rloose,2,2+,0.38691623758795474,82.07254954697972,18.665951532906956,0.0,1.5,61.906598014072756,1,0,0.0,0.99755859375
D2-N2-M3-Rloose-S1254,N2-M3-Rloose,2,2+,0.3890281679069659,83.51326877773161,19.76876191261706,0.0,1.5,62.24450686511455,0,0,0.0,0.997802734375
D2-N3-M3-Rloose-S1446,N3-M3-Rloose,2,2+,0.39516559374066745,83.78100440885117,19.054509410344377,0.0,1.5,63.226494998506794,1,0,0.0,0.998046875
D2-N2-M3-Rtight-S1466,N2-M3-Rtight,2,2+,0.4007795236104387,73.41330594457463,8.348212279435971,0.44036988746846273,0.5,64.1247237776702,0,0,0.0,0.998291015625
D2-N2-M3-Rloose-S1326,N2-M3-Rloose,2,2+,0.4096833243008421,85.79729141656294,18.747959528428197,0.0,1.5,65.54933188813473,2,0,1.4210854715202004e-14,0.99853515625
D2-N3-M3-Rloose-S1297,N3-M3-Rloose,3,2+,0.4147282798958639,111.8045821544161,14.311709886699667,0.605367891667719,1.5,95.3875043760487,1,0,0.0,0.998779296875
D2-N3-M3-Rloose-S1466,N3-M3-Rloose,2,2+,0.41520234259579336,87.9306471644716,19.99827234914466,0.0,1.5,66.43237481532694,1,0,0.0,0.9990234375
D2-N2-M3-Rtight-S1426,N2-M3-Rtight,1,1,0.41980843948656943,74.0651982190972,5.817097307307641,0.5787505939384362,0.5,67.16935031785111,0,0,0.0,0.999267578125
D2-N3-M3-Rloose-S1230,N3-M3-Rloose,2,2+,0.45751505419742067,81.05715067321228,7.354742001624963,0.0,0.5,73.2024086715873,0,0,0.0,0.99951171875
D2-N3-M3-Rtight-S1402,N3-M3-Rtight,1,1,0.4810279341363841,83.58035569787324,6.115886236051784,0.0,0.5,76.96446946182147,0,0,0.0,0.999755859375
D2-N2-M3-Rtight-S1050,N2-M3-Rtight,2,2+,0.4979201723616085,89.3899187661888,9.222691188331437,0.0,0.5,79.66722757785736,0,0,0.0,1.0
